Feature_1,Feature_2,Feature_3
8.974962748840191,8.698414164453329,8.887729969253291
10.083353123179021,9.183306052630284,9.90112904699176
8.880974598656003,9.550282725324648,8.93997776518699
10.283601503035404,9.96410572228511,10.576046886179789
9.770535197247906,9.781256423503843,9.9868986919136
10.787799540955788,10.769672703742128,10.889979321139343
11.51106595831537,10.763371444465667,11.218838952468015
11.002097479887274,11.018792237505897,10.819973811408303
9.866000937960434,8.742592707847942,9.371136051232495
11.150279207338269,10.759744524032477,10.88332250008269
10.253112746442515,10.908277143121758,10.072746502023397
10.598417724595674,10.261746262541623,9.977766131635818
10.219164880190998,10.939285961985767,11.235326882593831
9.076819646596013,8.876353414318999,9.053416361912912
9.420261758403045,9.442210373183194,9.474812122224153
11.824299169952795,11.702136336977281,10.900414340608371
10.845967087833474,10.729231199877617,11.244670515536347
10.775084988303611,10.59486755186623,11.125698933038109
8.828753935613635,9.600303916253724,9.340088696845397
9.671080325630577,8.778564703316801,9.22759323167411
8.56148996524192,8.423979646962282,9.63780202528999
9.826201509027074,9.876331150612545,10.088853508653486
10.150884750025808,10.626209611693737,9.973699895570805
9.220020839609822,8.612662218054545,9.042150202458384
11.1651123707746,11.328824063997796,11.758717193061578
10.333568861819561,10.183672031691374,9.971933715416542
9.511148876443222,10.285199372068956,9.903869840736746
10.738682930294413,10.233571274130385,9.856283163685177
9.022805249958834,9.107436911545303,9.611387370565012
11.262621443453533,10.610127331909071,11.31483384149698
10.58135379084708,10.631828858292286,9.790855989138693
10.130453208896848,9.499554569445879,10.369610807682761
9.367630593195107,8.883890182324539,9.106956925628761
10.478212199798058,11.267869019532016,11.146639298438739
10.260080471183464,9.960329654488246,10.738654798419066
9.729443079176292,10.720376173164325,9.983936819742263
10.350944916230269,9.911614330468135,10.010754335597813
8.640612807283585,9.011272462947652,8.99635240134232
10.676602558842724,10.799297182566185,11.36616084708083
10.542255143521981,10.16537396128948,10.750718325023227
11.249139972939,10.572951828246962,10.943048205991483
9.217319211614555,9.019544028130282,9.016236676481553
10.108182730311935,9.979904756220344,9.904420781253435
10.865301889322184,9.8768887060188,10.087660131065576
11.732583506341742,11.471776048288515,10.812329739158118
11.63440672645814,10.50487380046926,11.853213349862507
9.779110782287612,10.253172727102204,10.081169208340519
9.04783214736566,8.610772423647377,9.478628600665797
10.20706360818765,9.709702474738613,10.074706705790831
11.074581725907771,10.735285414092644,11.34097333391849
9.483346492237256,9.409625010324586,9.237010779680473
10.297305637609085,10.068346175251177,9.926406665458929
10.74195209815795,11.144558242203365,11.615214626586388
10.15778085695132,9.831606207671895,10.115909942758565
9.739265556879136,10.018959468526566,9.65583465388642
9.050230581388616,8.930771270286453,9.006231619032587
10.720109796802966,11.08559196429369,10.955068780123668
10.07862191060463,10.412737815787453,9.405775850785211
9.92922110900238,9.680681102184618,9.44827230879419
9.120477617351968,10.176005780021333,9.799178310258956
9.651358649251415,8.848348903605006,8.918567855959056
10.15296389847362,10.066580883285223,10.19698050560326
8.951620740556887,9.16781297756281,8.64500312887916
11.103020156289105,10.970221633693534,10.232491513880383
8.541461842792526,9.121054186095613,8.698289659992257
9.925251342335457,9.82410757669033,10.578791153741493
10.170183024713985,9.613209542748315,9.980915457543208
9.194600657530481,9.025789765924047,8.209813373458452
9.589393880235576,10.05318786965875,9.719951674024331
10.75931735510824,11.740911273803576,10.994601110104826
9.890910572100932,8.921245342823372,9.978282053392876
8.822687099523396,8.64607891438924,8.930821576030631
11.079623878229388,10.759913249136481,11.027920833996008
10.007367351675821,10.670574924910113,10.130770949505665
11.192988966097275,10.91061488586966,11.285600197636837
11.215564017473863,10.585101538269418,10.923864528766556
10.421261141333162,9.984177938457337,10.27260027894905
10.192403692694686,10.089553609711652,9.683810217821875
10.257089103947017,10.531661012052972,10.078608467880589
10.115667457563127,10.982120055964359,9.744904006299473
9.20313430251585,9.215318431619853,9.42900293492392
10.55286359641501,10.259483955035858,9.933152767873258
9.835249213551013,9.804957510371002,9.826976724872152
11.330166539595211,11.325403854400255,11.522191522861732
10.436602740768985,10.498434076999052,9.170643907036741
10.974928361090731,11.382056928200495,10.605709581465783
10.334276844826057,9.548117258136953,10.211921671166113
9.63253922140632,9.598343693299173,9.69288097395835
11.092901478864402,11.117228989319473,10.714259432789452
9.128679122478406,8.73276381854278,9.39681693981461
10.394061110125655,10.82139401917319,11.34255951772939
10.1885873428544,10.752809798590013,10.538168018461992
11.750468335686355,11.38016953527442,10.769238537735038
8.661215460672668,8.603443060217478,8.138643954558514
10.421456718643135,9.620240444467223,11.052952825934955
8.558564273113692,9.071957660461392,9.55680091453784
10.71907461073981,10.256337144506803,9.771528404086881
11.746309804457903,11.189533168364715,10.52347860111894
8.933151314485436,9.11303198019532,8.90052354952658
11.160684688839577,11.276057596684446,10.839511811245666
9.829247572021032,9.595158249895933,9.338057331253692
10.995101290861234,10.641098251405667,11.030321823277491
11.046269853717144,11.47171887362553,11.027007392564043
9.926039145422804,9.790910791792385,10.419603690334755
9.718262523782895,9.436615481454576,9.377348330590438
11.228356204277267,11.45422625607224,11.38160070539728
10.575078514509558,11.189436972254073,10.632230306306479
9.443273126695006,8.584037629149787,9.245109562025029
9.72720630080088,9.599351996042033,9.887559882845618
10.69086991418497,10.905272557303997,10.805854580868358
9.159689249042112,9.258878375881096,8.806725415080251
9.093514364716299,8.377641741518548,9.132352092885784
11.631685126202957,11.306973891661164,10.81221024562602
10.467112824663923,10.101768337320486,10.13504106483008
9.688678109839074,10.078338102039073,9.608650888953987
10.810021875535618,10.738668306970515,11.706181696112438
11.52285710171297,10.35700670617551,11.073853543412921
8.95550957546052,8.638436943414083,8.705788022964093
9.85007167698016,10.284383987281396,10.177705324594417
9.86292496236786,9.851423653601683,9.436995322112871
9.771701482500209,9.667057770758309,10.188566222554561
11.07874449434765,11.295386631998165,11.068547312475989
10.97618985757528,9.70349306397237,10.590244943466285
9.775013289642294,10.252963095622208,10.389021779850692
9.896163459454558,9.398742818752758,9.901702774365623
9.004141047937352,8.475265507059936,8.57395453476985
9.198272755189041,9.06016756205743,9.14598440098649
11.089636992724166,11.005036960312719,11.039070439419532
9.30366206412106,8.769395839709313,7.963583083142036
9.608494513687077,9.822282695969555,10.15092019721794
8.939012065447782,9.283243470675437,9.382680926717834
10.106820106347703,10.355852318249374,10.03291359571017
9.005875277891679,8.686040674767105,9.259312173537543
9.02385214796807,8.74122528891777,9.279289325445436
10.318647024257938,10.977780920441353,11.153626179575722
8.7444153009242,8.470764082637,9.656806064054548
9.271170348535708,8.804835436741719,9.862923285306202
9.654403692128074,10.019408651177931,9.667619953435585
8.508956873945204,9.238960027939942,9.28046909692436
11.09798662844349,10.797222729851548,10.811584677752672
10.713878516296013,11.27183909957387,10.707853347313145
9.821426554179789,10.077635997159323,10.429452699943909
10.123120707556824,9.31593264293735,9.460725831157715
10.92305561408755,11.120618936933445,10.986115292117903
10.892237266222176,11.287016902318385,11.600942820838412
9.459506280148842,8.30411448848876,8.855023623438747
9.335615626593604,10.171847287653033,10.083075074865244
8.590882973920637,8.897049385030662,8.332566370448964
10.140822158605719,9.499384230323823,10.577505841629304
10.094245823243426,10.308346077554786,9.408565501688063
9.699830697274775,8.502454705843485,8.722837920881638
10.989394449820313,11.024092083976411,11.985296844994114
8.989778371603421,9.469091607703746,9.217440061837772
10.957187856018177,10.58590307103225,10.778540277861127
9.986126045045287,10.093685893014609,10.62020019712563
11.0232834873784,10.54281188086775,11.143114944139313
10.05168847279009,10.043757917841956,10.290306649559477
9.089780727423989,9.418839321044862,9.673571076583148
11.198685661204493,10.944694279531527,11.259075415240277
9.214661101010915,9.474281661865199,9.287581324266027
9.792955480385531,10.08951518065556,9.993430841570898
10.10863153487815,9.489300569671876,9.567577383836696
10.111608610308135,10.243158603886616,10.074643649262542
9.745045149077393,10.47560661244302,10.568201699195942
8.68560421579682,8.467506818576888,8.26551785075868
10.242403980538256,9.487828259001487,10.701917672793746
9.104269506329564,8.779877938461832,8.73135065282478
11.118448110825831,11.104422108871956,11.002045382656984
10.637274650655758,9.795513729427526,9.604158071896567
11.576509315626446,10.425655139528224,11.465265500861983
10.953740687044704,10.879558521764285,10.408591203853028
10.845874561255297,11.045406938100498,11.264852269808419
10.302795446658141,9.63113387032895,10.347842368042263
10.426192150026141,9.793084619959851,10.563738976074232
9.749213176884894,10.724979423198771,10.28310077418219
9.6943855212661,9.079164313385059,8.73943279855422
10.624048085469058,10.794453233065322,10.576314591244419
10.189038992965218,10.10241189372555,10.393076393578205
8.578633774730537,8.750492415721679,9.765612541546714
10.971195951367866,11.40141315915681,11.144654410019054
9.373727964495709,8.453248520633831,8.910093839242927
9.393702354001107,10.619002080532024,10.718351069238208
9.327106519680115,9.556083019606925,9.223124122540744
8.812919519475244,9.138601552692286,8.981231768448326
9.642938230407998,9.196389980655301,9.293951114419928
11.316412778817218,10.636245018082104,11.561117724374439
10.906165146649942,10.433851703179835,10.831741870893856
9.84617778230807,10.402517123685776,9.76924325219074
9.916377029036298,8.44417101329456,8.341840501217243
9.01520139126728,9.048012530687304,9.245407189092166
9.596765475633038,9.251683231589658,9.859394606383477
9.68887332496365,9.555769661813668,10.700908177369449
8.777003285996866,8.45207880816837,8.964687180659498
8.510280705484254,8.916390697085589,8.65979181831628
9.777920189322721,10.752462827776236,9.420794439833502
9.629594705316013,8.509693734799063,8.414250047916072
9.155431441812386,9.997199806973116,8.997571635384043
11.238062810174766,10.672711726706611,11.836954910274184
9.73495049642166,10.228239467437264,9.694696337382993
10.457501617282771,10.135398562997766,9.83388483443968
9.984946119030061,10.44132075280661,10.045691059464815
11.207738605696468,11.61309556520103,10.956495940617257
9.636974535183361,9.769291467772668,10.302156490330303
10.0232797142673,8.774300960537044,9.073820521278815
11.495126524789384,10.362228936482254,10.76024999081849
10.9195592494477,9.854864575824136,9.82179899143969
9.707627984023233,9.986749210850482,10.717823145407115
10.782246910189928,11.044369035883946,10.539602569031079
10.480485568865578,9.836769850791379,9.18475018592886
10.31474618836365,11.541548949666165,10.954184061898953
10.031883735061728,8.678530172812108,9.655646722177627
10.058685474573329,10.482603586603343,9.673225731605106
9.255492088811675,8.542798034907806,9.653372612920439
9.37982165417653,8.406040812620038,7.978431546039218
11.029343921299944,10.023687373605796,10.005571716765179
8.806445666378272,8.871861076722272,9.169666378560766
9.980214516139027,10.269927796866641,9.55091119137508
8.816446294852424,9.431472333372518,8.984596612199717
10.98566958435602,11.625857462325602,9.952101958364102
9.494437270084175,9.436524048237708,9.24365524836287
11.036704310614201,10.204972434159643,10.912131244864995
10.76024294182239,10.150441710276077,10.789697991327696
10.478018651569936,9.39072523808649,9.776431261091364
9.898009113031659,10.601597195433076,8.939612076642796
11.244148106173386,10.991639362414341,11.046930953323512
10.91161216018671,11.24566668001737,11.303003084018922
11.024033815307519,9.96157604011014,10.45970933051427
11.08138545434689,10.69745970188628,10.43109851616093
11.083545438001902,10.216131950448089,10.468725580440628
10.079231534105766,10.39392357512058,11.54674970697781
8.749774919396188,9.158321413374964,9.197612074513096
9.167228236846512,10.678582547316015,10.084406986881048
9.157868611929192,8.521646775185927,9.177841067288057
11.189295049829418,10.97086843493725,10.661282512772638
9.718729429949645,9.986004603801215,10.708320254254204
10.712062316642116,10.815744491616085,11.422848890487566
10.992393516838925,10.598988254144876,10.992594745603045
11.619973762007016,10.686698683065504,10.87117539351773
11.132925604791836,10.70060538537738,11.620460790209009
10.57691562841764,11.329017964841276,10.51166254001159
9.001218408061366,9.17477526789854,9.476258509914537
9.48016556317777,8.737242288411442,8.581235606927224
9.265152507466965,9.46938954299413,9.072408623481483
11.316665077585174,11.249647926820861,11.251338203705712
8.914622851627916,9.59629045473998,9.059466982880844
9.782630091546494,9.714861686929135,10.042572091076758
11.217024017434387,10.814632922875015,10.813708098571897
10.197327160352355,10.07393444947795,9.656656887927515
9.96136623409531,8.976952481186565,9.080439618685986
9.278047159734193,9.348983024846735,10.019233978664554
8.531954789576256,8.279207824967992,9.216585091281916
9.830699193424337,9.15277418089262,9.172016658876428
10.668401995631172,10.775927583921213,11.298917442049305
10.13378271599481,10.263417709069133,10.80408181550654
10.66618977778503,10.405748026007252,9.263650307467342
8.925884936448917,8.948071720106629,9.017524588791645
9.392706194796638,8.87006744659655,8.00023771405057
10.532528784952188,11.457129125806008,11.30077321307471
10.77451017887841,10.671111841773428,11.097474884596766
9.022659969958843,9.211877101742692,8.971800488776363
9.12392828409081,9.25351075237284,9.1655196389806
9.94968523196014,10.022289964915478,10.43767660738838
10.919122939026442,10.912927518709111,11.439510740794876
9.961314755251843,9.78203236527642,10.159654445740829
8.781502220699007,9.156721602161019,8.408435372490349
11.46343823160296,10.671727072659316,11.385350451697729
11.26055650052232,10.873892302143862,11.303587688197307
11.848862478805053,11.412986104220458,10.392252013618394
11.35265590277978,10.996810943473353,11.591977655556011
10.909689479805385,11.02701128187517,10.430100725514617
9.491067596989318,8.516143592523518,9.669028954735081
9.79358210871305,10.038448310776394,9.815089884517983
10.011327350452184,10.011902455798298,10.3753135223904
10.332134326617698,9.657566469636453,10.028626494887757
9.225563648020945,9.237901736666114,9.341366223512123
10.898972739442735,10.500886727214061,11.652964521572654
8.851754267165557,9.308679484259338,7.86058295174797
10.244234298113529,10.223916179172416,10.432312290221848
10.374271357258985,10.508622037997663,10.288668825617295
10.439259574883089,11.234742837520107,11.87618225032399
11.112396747094014,10.750920192071762,10.91675109985709
9.168768301694113,9.64548450762346,9.181413720605592
9.43435822633263,9.18987929315198,8.989989216501943
8.860539146236857,8.860296918272628,8.871345979513046
9.981765593457801,10.097335779729077,9.903505576857468
11.32876100175009,11.034818827295268,10.880397059813653
9.787601217999272,9.750743789430095,9.777809152335898
10.673675886013825,10.969159316234359,11.136460789926657
10.763766656188052,9.440572970472344,10.225187694676228
9.403926835737053,8.72473986192891,9.900974322137724
11.004093224407836,10.607396539580819,11.184841389705309
9.531277656739624,9.222492003760264,9.182355108832644
10.20290961244292,10.426669875835662,10.46771823617827
11.85757763573013,11.253567608927204,10.189942965336957
8.322817274321846,8.9606641492821,8.604563557139633
10.246374242777705,10.237240503187353,9.876181424274403
9.190816330889248,9.030728756424102,8.486803110324573
9.481968491174554,9.865686120283948,10.667608610115757
11.224313810547294,11.43322049727011,11.421520820813962
8.510423893295098,9.01363338730369,8.692010707576543
10.876315049659514,11.132505372561425,11.390218050848944
9.831925273161657,9.887286156455797,9.46221979558629
10.868935141360893,10.843156738747137,10.414594020747153
8.631730562768254,9.067744329614431,8.434514201238008
10.007373573226158,10.139032682144668,9.784096127876255
9.33341158464357,8.202505742971418,9.14962262793903
11.142806194386019,10.722836161895739,11.359839950173301
8.624265842472498,8.942364977711353,8.516122102863557
11.110676319732008,11.33087329961441,11.005200756751163
10.475357309379234,11.010772970349448,9.787652490831872
8.767790620078111,9.235431361768244,9.667961801740562
8.974344661362803,9.131504964121392,9.12854288618011
10.649752698646097,10.446880107614266,11.370471019012657
11.580457443118016,11.383708330434082,11.861272983004623
10.296504205430754,10.52669659493369,10.18430712889596
9.427689959152781,10.051241765964315,9.727579337010047
11.154126951891534,10.646457025519547,11.06149004237821
8.466389802032719,8.759452942419514,9.127912773657014
10.729135315395155,11.3900478933671,10.941177047399144
10.521517350367732,11.32501032895768,11.542496011428328
11.60921194256321,10.906338650110666,10.906345217220327
11.096784908626415,10.23468790213688,10.310032866994787
11.085637497652082,10.501704488515205,11.069272370340473
9.167607603746418,8.717995257696636,8.977692368936918
8.930016097321836,8.697701936202861,9.214603937428162
10.802799626136467,10.764254097222315,11.33984083880841
11.137447315827384,10.294783937854906,11.129633587757919
10.103889000688593,9.638273349958236,10.25543698351095
8.923727039694661,9.08697314927189,9.348027092275501
9.73974297235127,9.805149846494121,9.763042430304452
10.603785469947725,10.773480908158891,11.039860546035056
11.142845028604698,11.591157617896606,10.792691912690541
10.229033112542464,10.559742174634401,10.369853473165108
9.239971491998482,9.61230033293748,9.487504740678927
9.367326642400926,8.371799758550729,8.604148745371864
10.68299170462692,10.95410542341324,11.201994911592182
9.754884523806245,9.844919376025606,10.114346156289962
10.8063063708535,11.506764459674649,10.716932213752488
9.36643887060571,10.304165862457719,10.314320063460332
9.366531069880992,9.138595390359198,9.399204043943861
9.096301271795427,10.040673245672158,9.226203858252617
8.825016679870636,9.288952543131108,8.850866739163294
8.757714030798665,9.296838148803722,9.119717032162598
9.2091341952142,8.770519998424568,8.990258163095607
9.373036332749235,8.432653706826787,8.29567647520769
10.450626011819104,9.892444523778067,9.557389636503332
11.177527771258491,11.309853621371735,10.629227811368766
10.640634131460656,11.196767668602602,10.471906717191743
8.563074894130969,8.87343662012208,9.485239079991674
11.34630207766805,10.51988143717769,10.866199505663621
7.841497848722524,9.835349881912292,8.944164148737931
9.515901101633098,9.269272540507984,8.94461760640649
11.030947323059047,10.655486319468695,11.609249630907863
8.665861178696098,9.858059651109356,8.524960632388195
11.388628380381743,11.25815037983406,11.547452623012939
10.52084884296446,11.785890053166556,11.014105420788692
10.41501597770316,9.795993440458101,9.892050025882652
10.614030615767959,11.274420583999376,11.423369794739836
9.684683392056938,8.451239542827457,8.354575440849304
9.690484320358571,9.502138118675433,9.288511900438289
9.488169213305719,9.750072568921729,10.010436420084334
11.124500061817415,12.231552323382095,11.447829964573831
11.875921173287068,10.676680685857939,10.66411126312769
8.90233734588374,9.385634867315343,9.475788195569857
10.636790369791516,10.435078519465883,11.586259507568622
9.335391975092415,9.973568080541073,9.515593520095017
10.099288234520134,9.816255640183902,9.660062252214082
10.808330304861885,10.925736409334473,10.557466010397588
9.412113381612738,9.095515663610605,8.896383141671718
9.69784682705867,9.755392878803221,9.437335561260712
9.07903984187696,9.830104349050107,8.724324872764173
9.376308475195286,8.607005042584676,8.91014674000119
8.877910118258132,8.756195119136287,8.92521147880582
9.758405925313673,10.03463591498916,9.937729105843168
9.326294885015718,9.344189395343898,8.766769024572424
9.52069651575952,9.624604478690742,9.012801659626307
9.998558984363772,9.536654124322983,10.60135932070686
10.79860973835352,10.379734627573548,11.027425189922411
9.008508630694426,9.123533205039585,9.680885977854095
10.111987450527929,9.54980438108065,10.978300791846731
9.907626187916529,10.278482545925367,10.739582437978138
9.303571435914707,9.11247656958775,9.04168044158075
9.203196530765018,8.558653357530451,8.138843762819008
9.1573941541687,9.358077288011092,9.254068720672787
10.884536544431946,11.129087424135236,10.669107622579071
9.808500551334609,10.502302450229408,9.642157079112199
9.409028172803856,9.97590096253571,9.553709127404208
10.74137084630299,10.567380798554241,11.674856654029027
9.990349965155998,10.079233904307142,9.942255835230423
9.856908143444745,9.691017268040284,9.174529467869613
11.008401536653103,11.272781188517985,10.875893297362618
8.865165611552785,8.754638934583625,8.87901212540475
10.329268233584767,10.029327186875362,9.484015640103578
11.161620342725815,11.754474360484211,11.069831125132735
9.47865259465826,8.756086838272248,8.946393133330833
11.161992684384382,10.495646418265983,11.36714477882191
11.038831019739217,11.387457996213156,10.71917876244906
10.901844753598851,10.698505534257004,10.644194228149791
9.61684398102715,9.802437155263648,9.824601430654559
8.921460060366009,8.971359496234374,8.985111105396063
9.57196609346954,9.389789931630105,9.723236772047501
10.300554849348716,9.332237887551452,10.217344076951974
10.57662744826316,9.011342199949084,9.681241897811809
10.236261932276923,10.443481432233163,10.328192872478946
9.244183707621788,9.81907747230037,9.030448269348417
11.122919808350643,11.325144847535585,11.251851536769445
9.805354899010648,9.054614132433095,8.853871379475157
9.600658383704484,10.393728959390634,9.914404462309797
10.696346935378521,11.060157514590482,11.136702390310864
9.804224222992712,10.417664350827629,10.272756595850524
9.855613533672368,10.4637319213457,9.567574668960042
10.69306097484478,11.348928254688271,11.07333680229534
9.073872122345964,8.461149484188121,8.611354384595739
8.844729272583509,9.068166488950196,9.064229592419945
11.205514380364884,11.20601907452242,12.541092596261889
8.788553327300097,9.234545607502037,9.495313228573455
10.071080400373301,9.46586225651596,10.152079140402385
8.481267220817662,9.159875180701057,8.739457242483269
11.032749655754529,11.925863426669403,10.2530939229633
8.71263709377232,9.357969750777777,8.88202012868319
11.103953117699369,11.312729148710924,10.505219715648767
9.223330765008688,9.030402156564964,9.215502396978547
10.182701287661514,10.227906912092882,10.179083424006926
8.930949080023671,9.35346397499467,9.260929151365367
10.448932252817164,10.624869984033952,11.206014106883464
8.941199199348604,9.385551646717964,9.88420920063654
10.511380745042919,10.07643962720796,10.01857461926246
10.862914193389292,10.679089092311353,10.935485715333597
9.056686765455963,9.927731815992678,9.157327135757749
8.389737474171962,9.505033641370872,8.779256741643021
10.16330110228579,9.318966558304863,10.411662254930258
11.10019714013835,11.13857928379879,10.727990111368603
9.291051817454791,9.02077835432292,9.293056030886232
9.419821086127733,8.785905915375773,9.526957626253731
9.073343967911661,8.993876060330802,9.231716599840436
8.698632851861527,9.183988857175647,8.728913852099158
10.280123951763597,9.76974486950489,10.048803925858145
8.91149855056569,8.889274680044432,9.12296267912364
9.600533460782195,8.870928064463145,8.899666793417982
11.129666540995377,10.947942778252926,11.038798385997087
10.248723984886878,9.371910112043818,9.709145129670052
10.471817354766289,11.20877662624676,11.118793869293274
10.550143163264853,10.386354331705752,11.511070728759403
11.250266939106002,10.657136977433487,10.571643000775556
10.336257419595489,9.738950408279043,9.821526626714087
9.220995981766858,9.089565653625865,9.545656171989538
10.427943448815746,10.823982205321206,11.052296230914436
11.048118252684759,11.2057755336235,11.284645951235555
9.398506727778855,8.802497366735475,8.377367240536099
11.274504076149805,10.35491365152414,10.811227253684226
10.690796086457814,11.009804069703577,11.19919931649818
11.08658343583279,11.018228735961525,10.739359860957673
8.936588170789213,8.989078184196027,8.626692816370722
9.41596187495843,8.757753784105255,9.730403885418774
8.362802506587332,9.176189895184159,8.992144880429327
11.325406886947867,10.507654273426418,11.090983973841652
10.060120704584751,9.854555115114458,9.977221750511573
10.986922100762364,10.17302315998405,10.964351984194884
9.900992545779397,9.970226628359981,10.248268839020271
9.808937021293954,10.191591930298557,10.13346484211478
9.050089801059164,8.828237783549898,9.048919001212914
10.948832963407693,10.61778382375983,10.357421471896972
10.14746932354916,9.842664475069055,10.011497929173927
11.59014248677982,11.343063849280808,10.936024588014629
9.591506873147715,10.283342578919742,10.09752028550848
9.588468130997443,8.916270529139254,8.732370904536033
9.456057543608033,10.298501426410889,10.25819367245643
9.398419074322327,8.697281964572216,8.431275733303263
9.630706701555638,9.459326157753466,9.609650698809066
8.854018908182846,8.664316133064398,8.582076322391586
11.092819974943055,10.42076626340107,10.437014490249378
9.690785540493362,8.84014552575416,9.089873890300755
11.02963791216791,11.651446218228516,10.447959416714044
8.2134573642496,9.82248285197613,8.558716653711327
10.669801121282996,10.871445663338802,11.16517258171025
10.230828850872216,9.918781845582803,10.148458349348523
8.3694431372063,9.590616139890358,9.55203654165898
9.548379291513108,9.79019189348809,10.195749824491168
10.200366875049752,9.60897790208058,10.03973292217169
9.335396309780657,9.032731743419026,8.960444138723544
11.41239980899838,11.37251204764648,10.664312990710945
9.912359788476454,10.331762232473396,9.115545876396846
8.552132042149543,8.482127409711637,9.464330714951409
8.767327634420543,8.594097307722853,8.740288981973597
10.712622311499025,10.914621139315262,11.124363026239202
8.295694896337674,9.301336648441813,9.152463353953111
9.77436854770531,9.487878240531643,10.348982931312058
11.131500443863874,10.788095918493184,11.205306973245342
11.435580238786946,11.025712007638186,10.568902088828278
10.59759304740012,10.514324554884908,11.463244349400027
11.201618606207138,10.787896952651023,10.682850867095063
9.499096829069494,8.730603750302453,9.111597664889521
9.323014148114073,10.611820127784245,9.936796840568404
8.967713367956566,9.031454076126437,8.200719726187156
9.967139528642972,10.446918332635251,10.137090138551082
10.099753473484302,10.63098131190539,9.961881787045218
8.719203324877299,8.734839632979622,8.438957891280122
11.581413630862926,10.894137266704817,12.088067666635848
10.830160319458175,10.348449881372677,9.869590587132864
11.657987085400514,10.90038558417745,11.230622785222307
-9.025037251159809,-9.301585835546671,-9.112270030746709
-9.916646876820979,-10.816693947369716,-10.09887095300824
-9.119025401343997,-8.449717274675352,-9.06002223481301
-9.716398496964596,-10.03589427771489,-9.423953113820211
-10.229464802752094,-10.218743576496157,-10.0131013080864
-11.212200459044212,-11.230327296257872,-11.110020678860657
-10.48893404168463,-11.236628555534333,-10.781161047531985
-10.997902520112726,-10.981207762494103,-11.180026188591697
-8.133999062039566,-9.257407292152058,-8.628863948767505
-10.849720792661731,-11.240255475967523,-11.11667749991731
-9.746887253557485,-9.091722856878242,-9.927253497976603
-9.401582275404326,-9.738253737458377,-10.022233868364182
-11.780835119809002,-11.060714038014233,-10.764673117406169
-8.923180353403987,-9.123646585681001,-8.946583638087088
-8.579738241596955,-8.557789626816806,-8.525187877775847
-10.175700830047205,-10.297863663022719,-11.099585659391629
-11.154032912166526,-11.270768800122383,-10.755329484463653
-11.224915011696389,-11.40513244813377,-10.874301066961891
-9.171246064386365,-8.399696083746276,-8.659911303154603
-8.328919674369423,-9.221435296683199,-8.77240676832589
-9.43851003475808,-9.576020353037718,-8.36219797471001
-10.173798490972926,-10.123668849387455,-9.911146491346514
-9.849115249974192,-9.373790388306263,-10.026300104429195
-8.779979160390178,-9.387337781945455,-8.957849797541616
-10.8348876292254,-10.671175936002204,-10.241282806938422
-9.666431138180439,-9.816327968308626,-10.028066284583458
-10.488851123556778,-9.714800627931044,-10.096130159263254
-9.261317069705587,-9.766428725869615,-10.143716836314823
-8.977194750041166,-8.892563088454697,-8.388612629434988
-10.737378556546467,-11.389872668090929,-10.68516615850302
-9.41864620915292,-9.368171141707714,-10.209144010861307
-9.869546791103152,-10.500445430554121,-9.630389192317239
-8.632369406804893,-9.116109817675461,-8.893043074371239
-11.521787800201942,-10.732130980467984,-10.853360701561261
-9.739919528816536,-10.039670345511754,-9.261345201580934
-10.270556920823708,-9.279623826835675,-10.016063180257737
-9.649055083769731,-10.088385669531865,-9.989245664402187
-9.359387192716415,-8.988727537052348,-9.00364759865768
-11.323397441157276,-11.200702817433815,-10.63383915291917
-9.457744856478019,-9.83462603871052,-9.249281674976773
-10.750860027061,-11.427048171753038,-11.056951794008517
-8.782680788385445,-8.980455971869718,-8.983763323518447
-9.891817269688065,-10.020095243779656,-10.095579218746565
-9.134698110677816,-10.1231112939812,-9.912339868934424
-10.267416493658258,-10.528223951711485,-11.187670260841882
-10.36559327354186,-11.49512619953074,-10.146786650137493
-10.220889217712388,-9.746827272897796,-9.918830791659481
-8.95216785263434,-9.389227576352623,-8.521371399334203
-9.79293639181235,-10.290297525261387,-9.925293294209169
-10.925418274092229,-11.264714585907356,-10.65902666608151
-8.516653507762744,-8.590374989675414,-8.762989220319527
-9.702694362390915,-9.931653824748823,-10.073593334541071
-11.25804790184205,-10.855441757796635,-10.384785373413612
-9.84221914304868,-10.168393792328105,-9.884090057241435
-10.260734443120864,-9.981040531473434,-10.34416534611358
-8.949769418611384,-9.069228729713547,-8.993768380967413
-11.279890203197034,-10.91440803570631,-11.044931219876332
-9.92137808939537,-9.587262184212547,-10.594224149214789
-10.07077889099762,-10.319318897815382,-10.55172769120581
-10.879522382648032,-9.823994219978667,-10.200821689741044
-8.348641350748585,-9.151651096394994,-9.081432144040944
-9.84703610152638,-9.933419116714777,-9.80301949439674
-9.048379259443113,-8.83218702243719,-9.35499687112084
-10.896979843710895,-11.029778366306466,-11.767508486119617
-9.458538157207474,-8.878945813904387,-9.301710340007743
-10.074748657664543,-10.17589242330967,-9.421208846258507
-9.829816975286015,-10.386790457251685,-10.019084542456792
-8.805399342469519,-8.974210234075953,-9.790186626541548
-10.410606119764424,-9.94681213034125,-10.280048325975669
-11.24068264489176,-10.259088726196424,-11.005398889895174
-10.109089427899068,-11.078754657176628,-10.021717946607124
-9.177312900476604,-9.35392108561076,-9.069178423969369
-10.920376121770612,-11.240086750863519,-10.972079166003992
-9.992632648324179,-9.329425075089887,-9.869229050494335
-10.807011033902725,-11.08938511413034,-10.714399802363163
-10.784435982526137,-11.414898461730582,-11.076135471233444
-9.578738858666838,-10.015822061542663,-9.72739972105095
-9.807596307305314,-9.910446390288348,-10.316189782178125
-9.742910896052983,-9.468338987947028,-9.921391532119411
-9.884332542436873,-9.017879944035641,-10.255095993700527
-8.79686569748415,-8.784681568380147,-8.57099706507608
-9.44713640358499,-9.740516044964142,-10.066847232126742
-10.164750786448987,-10.195042489628998,-10.173023275127848
-10.669833460404789,-10.674596145599745,-10.477808477138268
-9.563397259231015,-9.501565923000948,-10.829356092963259
-11.025071638909269,-10.617943071799505,-11.394290418534217
-9.665723155173943,-10.451882741863047,-9.788078328833887
-10.36746077859368,-10.401656306700827,-10.30711902604165
-10.907098521135598,-10.882771010680527,-11.285740567210548
-8.871320877521594,-9.26723618145722,-8.60318306018539
-11.605938889874345,-11.17860598082681,-10.65744048227061
-9.8114126571456,-9.247190201409987,-9.461831981538008
-10.249531664313645,-10.61983046472558,-11.230761462264962
-9.338784539327332,-9.396556939782522,-9.861356045441486
-9.578543281356865,-10.379759555532777,-8.947047174065045
-9.441435726886308,-8.928042339538608,-8.44319908546216
-9.28092538926019,-9.743662855493197,-10.228471595913119
-10.253690195542097,-10.810466831635285,-11.47652139888106
-9.066848685514564,-8.88696801980468,-9.09947645047342
-10.839315311160423,-10.723942403315554,-11.160488188754334
-10.170752427978968,-10.404841750104067,-10.661942668746308
-11.004898709138766,-11.358901748594333,-10.969678176722509
-10.953730146282856,-10.52828112637447,-10.972992607435957
-10.073960854577196,-10.209089208207615,-9.580396309665245
-10.281737476217105,-10.563384518545424,-10.622651669409562
-10.771643795722733,-10.54577374392776,-10.61839929460272
-11.424921485490442,-10.810563027745927,-11.367769693693521
-8.556726873304994,-9.415962370850213,-8.754890437974971
-10.27279369919912,-10.400648003957967,-10.112440117154382
-11.30913008581503,-11.094727442696003,-11.194145419131642
-8.840310750957888,-8.741121624118904,-9.193274584919749
-8.906485635283701,-9.622358258481452,-8.867647907114216
-10.368314873797043,-10.693026108338836,-11.18778975437398
-9.532887175336077,-9.898231662679514,-9.86495893516992
-10.311321890160926,-9.921661897960927,-10.391349111046013
-11.189978124464382,-11.261331693029485,-10.293818303887562
-10.47714289828703,-11.64299329382449,-10.926146456587079
-9.04449042453948,-9.361563056585917,-9.294211977035907
-10.14992832301984,-9.715616012718604,-9.822294675405583
-10.13707503763214,-10.148576346398317,-10.563004677887129
-10.228298517499791,-10.332942229241691,-9.811433777445439
-10.92125550565235,-10.704613368001835,-10.931452687524011
-11.02381014242472,-12.29650693602763,-11.409755056533715
-10.224986710357706,-9.747036904377792,-9.610978220149308
-10.103836540545442,-10.601257181247242,-10.098297225634377
-8.995858952062648,-9.524734492940064,-9.42604546523015
-8.801727244810959,-8.93983243794257,-8.85401559901351
-10.910363007275834,-10.994963039687281,-10.960929560580468
-8.69633793587894,-9.230604160290687,-10.036416916857965
-10.391505486312923,-10.177717304030445,-9.84907980278206
-9.060987934552218,-8.716756529324563,-8.617319073282166
-9.893179893652297,-9.644147681750626,-9.96708640428983
-8.994124722108321,-9.313959325232895,-8.740687826462457
-8.97614785203193,-9.25877471108223,-8.720710674554564
-11.681352975742062,-11.022219079558647,-10.846373820424278
-9.2555846990758,-9.529235917363,-8.343193935945452
-8.728829651464292,-9.195164563258281,-8.137076714693798
-10.345596307871926,-9.980591348822069,-10.332380046564415
-9.491043126054796,-8.761039972060058,-8.71953090307564
-10.90201337155651,-11.202777270148452,-11.188415322247328
-11.286121483703987,-10.72816090042613,-11.292146652686855
-10.178573445820211,-9.922364002840677,-9.570547300056091
-9.876879292443176,-10.68406735706265,-10.539274168842285
-11.07694438591245,-10.879381063066555,-11.013884707882097
-11.107762733777824,-10.712983097681615,-10.399057179161588
-8.540493719851158,-9.69588551151124,-9.144976376561253
-10.664384373406396,-9.828152712346967,-9.916924925134756
-9.409117026079363,-9.102950614969338,-9.667433629551036
-9.859177841394281,-10.500615769676177,-9.422494158370696
-9.905754176756574,-9.691653922445214,-10.591434498311937
-8.300169302725225,-9.497545294156515,-9.277162079118362
-11.010605550179687,-10.975907916023589,-10.014703155005886
-9.010221628396579,-8.530908392296254,-8.782559938162228
-11.042812143981823,-11.41409692896775,-11.221459722138873
-10.013873954954713,-9.906314106985391,-9.37979980287437
-10.9767165126216,-11.45718811913225,-10.856885055860687
-9.94831152720991,-9.956242082158044,-9.709693350440523
-8.910219272576011,-8.581160678955138,-8.326428923416852
-10.801314338795507,-11.055305720468473,-10.740924584759723
-8.785338898989085,-8.525718338134801,-8.712418675733973
-10.207044519614469,-9.91048481934444,-10.006569158429102
-9.89136846512185,-10.510699430328124,-10.432422616163304
-9.888391389691865,-9.756841396113384,-9.925356350737458
-10.254954850922607,-9.52439338755698,-9.431798300804058
-9.31439578420318,-9.532493181423112,-9.73448214924132
-9.757596019461744,-10.512171740998513,-9.298082327206254
-8.895730493670436,-9.220122061538168,-9.26864934717522
-10.881551889174169,-10.895577891128044,-10.997954617343016
-9.362725349344242,-10.204486270572474,-10.395841928103433
-10.423490684373554,-11.574344860471776,-10.534734499138017
-11.046259312955296,-11.120441478235715,-11.591408796146972
-11.154125438744703,-10.954593061899502,-10.735147730191581
-9.697204553341859,-10.36886612967105,-9.652157631957737
-9.573807849973859,-10.206915380040149,-9.436261023925768
-10.250786823115106,-9.275020576801229,-9.71689922581781
-8.3056144787339,-8.920835686614941,-9.26056720144578
-11.375951914530942,-11.205546766934678,-11.423685408755581
-9.810961007034782,-9.89758810627445,-9.606923606421795
-9.421366225269463,-9.249507584278321,-8.234387458453286
-11.028804048632134,-10.59858684084319,-10.855345589980946
-8.626272035504291,-9.546751479366169,-9.089906160757073
-10.606297645998893,-9.380997919467976,-9.281648930761792
-8.672893480319885,-8.443916980393075,-8.776875877459256
-9.187080480524756,-8.861398447307714,-9.018768231551674
-8.357061769592002,-8.803610019344699,-8.706048885580072
-10.683587221182782,-11.363754981917896,-10.438882275625561
-11.093834853350058,-11.566148296820165,-11.168258129106144
-10.15382221769193,-9.597482876314224,-10.23075674780926
-8.083622970963702,-9.55582898670544,-9.658159498782757
-8.98479860873272,-8.951987469312696,-8.754592810907834
-10.403234524366962,-10.748316768410342,-10.140605393616523
-10.31112667503635,-10.444230338186332,-9.299091822630551
-9.222996714003134,-9.54792119183163,-9.035312819340502
-9.489719294515746,-9.083609302914411,-9.34020818168372
-10.222079810677279,-9.247537172223764,-10.579205560166498
-8.370405294683987,-9.490306265200937,-9.585749952083928
-8.844568558187614,-8.002800193026884,-9.002428364615957
-10.761937189825234,-11.327288273293389,-10.163045089725816
-10.26504950357834,-9.771760532562736,-10.305303662617007
-9.542498382717229,-9.864601437002234,-10.16611516556032
-10.015053880969939,-9.55867924719339,-9.954308940535185
-10.792261394303532,-10.38690443479897,-11.043504059382743
-10.363025464816639,-10.230708532227332,-9.697843509669697
-7.976720285732699,-9.225699039462956,-8.926179478721185
-10.504873475210616,-11.637771063517746,-11.23975000918151
-9.0804407505523,-10.145135424175864,-10.17820100856031
-10.292372015976767,-10.013250789149518,-9.282176854592885
-11.217753089810072,-10.955630964116054,-11.460397430968921
-9.519514431134422,-10.163230149208621,-10.81524981407114
-11.68525381163635,-10.458451050333835,-11.045815938101047
-7.968116264938272,-9.321469827187892,-8.344353277822373
-9.941314525426671,-9.517396413396657,-10.326774268394894
-8.744507911188325,-9.457201965092194,-8.346627387079561
-8.62017834582347,-9.593959187379962,-10.021568453960782
-8.970656078700056,-9.976312626394204,-9.994428283234821
-9.193554333621728,-9.128138923277728,-8.830333621439234
-10.019785483860973,-9.730072203133359,-10.44908880862492
-9.183553705147576,-8.568527666627482,-9.015403387800283
-11.01433041564398,-10.374142537674398,-12.047898041635898
-8.505562729915825,-8.563475951762292,-8.75634475163713
-10.963295689385799,-11.795027565840357,-11.087868755135005
-11.23975705817761,-11.849558289723923,-11.210302008672304
-9.521981348430064,-10.60927476191351,-10.223568738908636
-10.101990886968341,-9.398402804566924,-11.060387923357204
-10.755851893826614,-11.008360637585659,-10.953069046676488
-11.08838783981329,-10.75433331998263,-10.696996915981078
-8.975966184692481,-10.03842395988986,-9.54029066948573
-10.91861454565311,-11.30254029811372,-11.56890148383907
-10.916454561998098,-11.783868049551911,-11.531274419559372
-11.920768465894234,-11.60607642487942,-10.45325029302219
-9.250225080603812,-8.841678586625036,-8.802387925486904
-10.832771763153488,-9.321417452683985,-9.915593013118952
-8.842131388070808,-9.478353224814073,-8.822158932711943
-10.810704950170582,-11.02913156506275,-11.338717487227362
-10.281270570050355,-10.013995396198785,-9.291679745745796
-11.287937683357884,-11.184255508383915,-10.577151109512434
-11.007606483161075,-11.401011745855124,-11.007405254396955
-10.380026237992984,-11.313301316934496,-11.12882460648227
-10.867074395208164,-11.29939461462262,-10.379539209790991
-11.42308437158236,-10.670982035158724,-11.48833745998841
-8.998781591938634,-8.82522473210146,-8.523741490085463
-8.51983443682223,-9.262757711588558,-9.418764393072776
-8.734847492533035,-8.53061045700587,-8.927591376518517
-10.683334922414826,-10.750352073179139,-10.748661796294288
-9.085377148372084,-8.40370954526002,-8.940533017119156
-10.217369908453506,-10.285138313070865,-9.957427908923242
-10.782975982565613,-11.185367077124985,-11.186291901428103
-9.802672839647645,-9.92606555052205,-10.343343112072485
-8.03863376590469,-9.023047518813435,-8.919560381314014
-10.721952840265807,-10.651016975153265,-9.980766021335446
-9.468045210423744,-9.720792175032008,-8.783414908718084
-8.169300806575663,-8.84722581910738,-8.827983341123572
-11.331598004368828,-11.224072416078787,-10.701082557950695
-9.86621728400519,-9.736582290930867,-9.19591818449346
-9.33381022221497,-9.594251973992748,-10.736349692532658
-9.074115063551083,-9.051928279893371,-8.982475411208355
-8.607293805203362,-9.12993255340345,-9.99976228594943
-11.467471215047812,-10.542870874193992,-10.69922678692529
-11.22548982112159,-11.328888158226572,-10.902525115403234
-8.977340030041157,-8.788122898257308,-9.028199511223637
-8.87607171590919,-8.74648924762716,-8.8344803610194
-10.05031476803986,-9.977710035084522,-9.56232339261162
-11.080877060973558,-11.087072481290889,-10.560489259205124
-10.038685244748157,-10.21796763472358,-9.840345554259171
-9.218497779300993,-8.843278397838981,-9.591564627509651
-10.53656176839704,-11.328272927340684,-10.614649548302271
-10.73944349947768,-11.126107697856138,-10.696412311802693
-10.151137521194947,-10.587013895779542,-11.607747986381606
-10.64734409722022,-11.003189056526647,-10.408022344443989
-11.090310520194615,-10.97298871812483,-11.569899274485383
-8.508932403010682,-9.483856407476482,-8.330971045264919
-10.20641789128695,-9.961551689223606,-10.184910115482017
-9.988672649547816,-9.988097544201702,-9.6246864776096
-9.667865673382302,-10.342433530363547,-9.971373505112243
-8.774436351979055,-8.762098263333886,-8.658633776487877
-11.101027260557265,-11.499113272785939,-10.347035478427346
-9.148245732834443,-8.691320515740662,-10.13941704825203
-9.755765701886471,-9.776083820827584,-9.567687709778152
-9.625728642741015,-9.491377962002337,-9.711331174382705
-11.560740425116911,-10.765257162479893,-10.12381774967601
-10.887603252905986,-11.249079807928238,-11.08324890014291
-8.831231698305887,-8.35451549237654,-8.818586279394408
-8.56564177366737,-8.81012070684802,-9.010010783498057
-9.139460853763143,-9.139703081727372,-9.128654020486954
-10.018234406542199,-9.902664220270923,-10.096494423142532
-10.67123899824991,-10.965181172704732,-11.119602940186347
-10.212398782000728,-10.249256210569905,-10.222190847664102
-11.326324113986175,-11.030840683765641,-10.863539210073343
-9.236233343811948,-10.559427029527656,-9.774812305323772
-8.596073164262947,-9.27526013807109,-8.099025677862276
-10.995906775592164,-11.392603460419181,-10.815158610294691
-8.468722343260376,-8.777507996239736,-8.817644891167356
-9.79709038755708,-9.573330124164338,-9.53228176382173
-10.14242236426987,-10.746432391072796,-11.810057034663043
-9.677182725678154,-9.0393358507179,-9.395436442860367
-9.753625757222295,-9.762759496812647,-10.123818575725597
-8.809183669110752,-8.969271243575898,-9.513196889675427
-10.518031508825446,-10.134313879716052,-9.332391389884243
-10.775686189452706,-10.56677950272989,-10.578479179186038
-9.489576106704902,-8.98636661269631,-9.307989292423457
-11.123684950340486,-10.867494627438575,-10.609781949151056
-10.168074726838343,-10.112713843544203,-10.53778020441371
-11.131064858639107,-11.156843261252863,-11.585405979252847
-9.368269437231746,-8.932255670385569,-9.565485798761992
-9.992626426773842,-9.860967317855332,-10.215903872123745
-8.66658841535643,-9.797494257028582,-8.85037737206097
-10.857193805613981,-11.277163838104261,-10.640160049826699
-9.375734157527502,-9.057635022288647,-9.483877897136443
-10.889323680267992,-10.66912670038559,-10.994799243248837
-9.524642690620766,-8.989227029650552,-10.212347509168128
-9.232209379921889,-8.764568638231756,-8.332038198259438
-9.025655338637197,-8.868495035878608,-8.87145711381989
-11.350247301353903,-11.553119892385734,-10.629528980987343
-10.419542556881984,-10.616291669565918,-10.138727016995377
-11.703495794569246,-11.47330340506631,-11.81569287110404
-10.572310040847219,-9.948758234035685,-10.272420662989953
-10.845873048108466,-11.353542974480453,-10.93850995762179
-9.533610197967281,-9.240547057580486,-8.872087226342986
-11.270864684604845,-10.6099521066329,-11.058822952600856
-11.478482649632268,-10.67498967104232,-10.457503988571672
-10.39078805743679,-11.093661349889334,-11.093654782779673
-10.903215091373585,-11.76531209786312,-11.689967133005213
-10.914362502347918,-11.498295511484795,-10.930727629659527
-8.832392396253582,-9.282004742303364,-9.022307631063082
-9.069983902678164,-9.302298063797139,-8.785396062571838
-11.197200373863533,-11.235745902777685,-10.66015916119159
-10.862552684172616,-11.705216062145094,-10.870366412242081
-9.896110999311407,-10.361726650041764,-9.74456301648905
-9.076272960305339,-8.91302685072811,-8.651972907724499
-10.26025702764873,-10.194850153505879,-10.236957569695548
-11.396214530052275,-11.226519091841109,-10.960139453964944
-10.857154971395302,-10.408842382103394,-11.207308087309459
-9.770966887457536,-9.440257825365599,-9.630146526834892
-8.760028508001518,-8.38769966706252,-8.512495259321073
-8.632673357599074,-9.628200241449271,-9.395851254628136
-11.31700829537308,-11.04589457658676,-10.798005088407818
-10.245115476193755,-10.155080623974394,-9.885653843710038
-11.1936936291465,-10.493235540325351,-11.283067786247512
-10.63356112939429,-9.695834137542281,-9.685679936539668
-8.633468930119008,-8.861404609640802,-8.600795956056139
-8.903698728204573,-7.959326754327842,-8.773796141747383
-9.174983320129364,-8.711047456868892,-9.149133260836706
-9.242285969201335,-8.703161851196278,-8.880282967837402
-8.7908658047858,-9.229480001575432,-9.009741836904393
-8.626963667250765,-9.567346293173213,-9.70432352479231
-9.549373988180896,-10.107555476221933,-10.442610363496668
-10.822472228741509,-10.690146378628265,-11.370772188631234
-11.359365868539344,-10.803232331397398,-11.528093282808257
-9.436925105869031,-9.12656337987792,-8.514760920008326
-10.65369792233195,-11.48011856282231,-11.133800494336379
-10.158502151277476,-8.164650118087708,-9.055835851262069
-8.484098898366902,-8.730727459492016,-9.05538239359351
-10.969052676940953,-11.344513680531305,-10.390750369092137
-9.334138821303902,-8.141940348890644,-9.475039367611805
-10.611371619618257,-10.74184962016594,-10.452547376987061
-11.47915115703554,-10.214109946833444,-10.985894579211308
-9.58498402229684,-10.204006559541899,-10.107949974117348
-11.385969384232041,-10.725579416000624,-10.576630205260164
-8.315316607943062,-9.548760457172543,-9.645424559150696
-10.309515679641429,-10.497861881324567,-10.711488099561711
-10.511830786694281,-10.249927431078271,-9.989563579915666
-10.875499938182585,-9.768447676617905,-10.552170035426169
-10.124078826712932,-11.323319314142061,-11.33588873687231
-9.09766265411626,-8.614365132684657,-8.524211804430143
-11.363209630208484,-11.564921480534117,-10.413740492431378
-10.664608024907585,-10.026431919458927,-10.484406479904983
-9.900711765479866,-10.183744359816098,-10.339937747785918
-11.191669695138115,-11.074263590665527,-11.442533989602412
-8.587886618387262,-8.904484336389395,-9.103616858328282
-10.30215317294133,-10.244607121196779,-10.562664438739288
-8.92096015812304,-8.169895650949893,-9.275675127235827
-8.623691524804714,-9.392994957415324,-9.08985325999881
-9.122089881741868,-9.243804880863713,-9.07478852119418
-10.241594074686327,-9.96536408501084,-10.062270894156832
-8.673705114984282,-8.655810604656102,-9.233230975427576
-8.47930348424048,-8.375395521309258,-8.987198340373693
-10.001441015636228,-10.463345875677017,-9.39864067929314
-11.20139026164648,-11.620265372426452,-10.972574810077589
-8.991491369305574,-8.876466794960415,-8.319114022145905
-9.888012549472071,-10.45019561891935,-9.021699208153269
-10.092373812083471,-9.721517454074633,-9.260417562021862
-8.696428564085293,-8.88752343041225,-8.95831955841925
-8.796803469234982,-9.441346642469549,-9.861156237180992
-8.8426058458313,-8.641922711988908,-8.745931279327213
-11.115463455568054,-10.870912575864764,-11.330892377420929
-10.191499448665391,-9.497697549770592,-10.357842920887801
-8.590971827196144,-8.02409903746429,-8.446290872595792
-11.25862915369701,-11.432619201445759,-10.325143345970973
-10.009650034844002,-9.920766095692858,-10.057744164769577
-8.143091856555255,-8.308982731959716,-8.825470532130387
-10.991598463346897,-10.727218811482015,-11.124106702637382
-9.134834388447215,-9.245361065416375,-9.12098787459525
-9.670731766415233,-9.970672813124638,-10.515984359896422
-10.838379657274185,-10.245525639515789,-10.930168874867265
-8.52134740534174,-9.243913161727752,-9.053606866669167
-10.838007315615618,-11.504353581734017,-10.63285522117809
-10.961168980260783,-10.612542003786844,-11.28082123755094
-11.098155246401149,-11.301494465742996,-11.355805771850209
-8.38315601897285,-8.197562844736352,-8.175398569345441
-9.078539939633991,-9.028640503765626,-9.014888894603937
-10.42803390653046,-10.610210068369895,-10.276763227952499
-9.699445150651284,-10.667762112448548,-9.782655923048026
-9.42337255173684,-10.988657800050916,-10.318758102188191
-9.763738067723077,-9.556518567766837,-9.671807127521054
-10.755816292378212,-10.18092252769963,-10.969551730651583
-10.877080191649357,-10.674855152464415,-10.748148463230555
-8.194645100989352,-8.945385867566905,-9.146128620524843
-10.399341616295516,-9.606271040609366,-10.085595537690203
-11.303653064621479,-10.939842485409518,-10.863297609689136
-10.195775777007288,-9.582335649172371,-9.727243404149476
-10.144386466327632,-9.5362680786543,-10.432425331039958
-11.30693902515522,-10.651071745311729,-10.92666319770466
-8.926127877654036,-9.538850515811879,-9.388645615404261
-9.155270727416491,-8.931833511049804,-8.935770407580055
-10.794485619635116,-10.79398092547758,-9.458907403738111
-9.211446672699903,-8.765454392497963,-8.504686771426545
-9.928919599626699,-10.53413774348404,-9.847920859597615
-9.518732779182338,-8.840124819298943,-9.260542757516731
-10.967250344245471,-10.074136573330597,-11.7469060770367
-9.28736290622768,-8.642030249222223,-9.11797987131681
-10.896046882300631,-10.687270851289076,-11.494780284351233
-8.776669234991312,-8.969597843435036,-8.784497603021453
-9.817298712338486,-9.772093087907118,-9.820916575993074
-9.069050919976329,-8.64653602500533,-8.739070848634633
-11.551067747182836,-11.375130015966048,-10.793985893116536
-9.058800800651396,-8.614448353282036,-8.11579079936346
-9.488619254957081,-9.92356037279204,-9.98142538073754
-11.137085806610708,-11.320910907688647,-11.064514284666403
-8.943313234544037,-8.072268184007322,-8.842672864242251
-9.610262525828038,-8.494966358629128,-9.220743258356979
-9.83669889771421,-10.681033441695137,-9.588337745069742
-10.89980285986165,-10.86142071620121,-11.272009888631397
-8.708948182545209,-8.97922164567708,-8.706943969113768
-8.580178913872267,-9.214094084624227,-8.473042373746269
-8.926656032088339,-9.006123939669198,-8.768283400159564
-9.301367148138473,-8.816011142824353,-9.271086147900842
-9.719876048236403,-10.23025513049511,-9.951196074141855
-9.08850144943431,-9.110725319955568,-8.87703732087636
-8.399466539217805,-9.129071935536855,-9.100333206582018
-10.870333459004623,-11.052057221747074,-10.961201614002913
-9.751276015113122,-10.628089887956182,-10.290854870329948
-11.528182645233711,-10.79122337375324,-10.881206130706726
-11.449856836735147,-11.613645668294248,-10.488929271240597
-10.749733060893998,-11.342863022566513,-11.428356999224444
-9.663742580404511,-10.261049591720957,-10.178473373285913
-8.779004018233142,-8.910434346374135,-8.454343828010462
-11.572056551184254,-11.176017794678794,-10.947703769085564
-10.951881747315241,-10.7942244663765,-10.715354048764445
-8.601493272221145,-9.197502633264525,-9.622632759463901
-10.725495923850195,-11.64508634847586,-11.188772746315774
-11.309203913542186,-10.990195930296423,-10.80080068350182
-10.91341656416721,-10.981771264038475,-11.260640139042327
-9.063411829210787,-9.010921815803973,-9.373307183629278
-8.58403812504157,-9.242246215894745,-8.269596114581226
-9.637197493412668,-8.823810104815841,-9.007855119570673
-10.674593113052133,-11.492345726573582,-10.909016026158348
-9.939879295415249,-10.145444884885542,-10.022778249488427
-11.013077899237636,-11.82697684001595,-11.035648015805116
-10.099007454220603,-10.029773371640019,-9.751731160979729
-10.191062978706046,-9.808408069701443,-9.86653515788522
-8.949910198940836,-9.171762216450102,-8.951080998787086
-11.051167036592307,-11.38221617624017,-11.642578528103028
-9.85253067645084,-10.157335524930945,-9.988502070826073
-10.40985751322018,-10.656936150719192,-11.063975411985371
-10.408493126852285,-9.716657421080258,-9.90247971449152
-8.411531869002557,-9.083729470860746,-9.267629095463967
-10.543942456391967,-9.701498573589111,-9.74180632754357
-8.601580925677673,-9.302718035427784,-9.568724266696737
-10.369293298444362,-10.540673842246534,-10.390349301190934
-9.145981091817154,-9.335683866935602,-9.417923677608414
-10.907180025056945,-11.57923373659893,-11.562985509750622
-8.309214459506638,-9.15985447424584,-8.910126109699245
-10.97036208783209,-10.348553781771484,-11.552040583285956
-9.7865426357504,-8.17751714802387,-9.441283346288673
-11.330198878717004,-11.128554336661198,-10.83482741828975
-9.769171149127784,-10.081218154417197,-9.851541650651477
-9.6305568627937,-8.409383860109642,-8.44796345834102
-10.451620708486892,-10.20980810651191,-9.804250175508832
-9.799633124950248,-10.39102209791942,-9.96026707782831
-8.664603690219343,-8.967268256580974,-9.039555861276456
-10.58760019100162,-10.62748795235352,-11.335687009289055
-10.087640211523546,-9.668237767526604,-10.884454123603154
-9.447867957850457,-9.517872590288363,-8.535669285048591
-9.232672365579457,-9.405902692277147,-9.259711018026403
-11.287377688500975,-11.085378860684738,-10.875636973760798
-9.704305103662326,-8.698663351558187,-8.847536646046889
-10.22563145229469,-10.512121759468357,-9.651017068687942
-10.868499556136126,-11.211904081506816,-10.794693026754658
-10.564419761213054,-10.974287992361814,-11.431097911171722
-11.40240695259988,-11.485675445115092,-10.536755650599973
-10.798381393792862,-11.212103047348977,-11.317149132904937
-8.500903170930506,-9.269396249697547,-8.888402335110479
-10.676985851885927,-9.388179872215755,-10.063203159431596
-9.032286632043434,-8.968545923873563,-9.799280273812844
-10.032860471357028,-9.553081667364749,-9.862909861448918
-9.900246526515698,-9.36901868809461,-10.038118212954782
-9.280796675122701,-9.265160367020378,-9.561042108719878
-10.418586369137074,-11.105862733295183,-9.911932333364152
-9.169839680541825,-9.651550118627323,-10.130409412867136
-10.342012914599486,-11.09961441582255,-10.769377214777693
0.3012853785664628,0.7306588317247752,0.16697881376431994
-0.003069625473801389,0.34077162831633706,0.3659471192391399
0.9870075856631622,1.7650752537427183,-1.529938312373096
-0.8321560111903528,0.6544468157640935,1.5117859726631004
-0.31067762118885756,0.37664760542059633,0.03060722489748452
1.0998369904297534,-0.05886865913937455,-0.9923186316137811
-1.05018170400116,1.131151809663743,1.0343572025173322
0.1822678095195701,-0.5272368143182024,-0.7560749920500989
-1.0128169482721947,-1.4723889934657541,0.5393275563862625
0.7584059253136718,1.03463591498916,0.9377291058431683
-0.8118068015483574,-0.21106220836711997,1.1857004952492014
-0.9236333903425157,0.9854677567830633,1.0587741193546751
-1.2689942384025346,1.0893083343681043,0.30311132294588994
0.5786337747305375,0.7504924157216779,1.7656125415467145
0.46599350174079046,-0.03416753313322659,-0.22330155117931882
1.369234916980052,0.18030816687450638,-1.166526102937611
-1.461332961282298,0.3250622611557158,0.2824430008528438
-0.7279079166329483,0.225298918999014,0.6954578920764237
1.1916010496367955,-0.3414265138810426,-0.8944723657282636
0.6826161080466114,0.629966151808546,-1.1800807566663374
1.3321343266176982,0.6575664696364532,1.028626494887757
1.0856374976520815,0.5017044885152048,1.0692723703404727
1.2099170302005287,-0.3513995163878019,-1.5125659919112104
-1.5231106260590643,-1.138041638727676,1.0176250269626397
-1.4736122232890239,0.8400403751475451,1.1077179010322935
0.2500431743809868,0.5370336839138266,-1.7923345883690538
-0.5882237776291838,-1.1347580507140553,0.6614262794164085
1.0008734363348144,0.44996590673316605,-1.1850131865253515
1.3411094700488877,1.19389312691779,0.6614573380036506
0.6907960864578133,1.009804069703577,1.1991993164981798
-1.3862659214092832,1.651666545960378,0.7672871866431784
1.4414880054890387,0.8462043515833928,-1.0253559408139243
0.5089713531266382,0.08696234109080138,0.341961569054561
-1.2365139155207578,-1.738629219121767,0.8285381892333867
1.644911303195458,1.525965781433619,1.655985811748557
1.0868831750113603,0.8140931104353089,-1.4708905669804841
0.13742184919798683,0.8514970517318424,-0.6075401137718588
0.8635201069226818,0.921635913419676,-0.8503133060790087
1.1156674575631271,1.9821200559643577,0.7449040062994736
0.8856510980083517,0.06460539969536293,-1.172848417251768
-1.302401607782642,-0.9104292504213575,0.22138988545645422
-0.8134274850350732,-0.7917242014309325,0.5681868591335844
-1.0630987932925942,0.743333271947847,1.6661407670494124
1.7230523222682743,1.6565714510889258,-0.973684540540415
1.3702707030855477,1.0137333554275343,-1.1449996011528274
0.5890992449979484,0.35952752047537073,-0.749763478997376
-1.4309504307939034,1.550598580007815,1.1252528560052621
0.8095749768888532,0.8037551063893389,-1.1131037310517473
-0.6847183436811253,-1.7122502691629957,1.6010937305222352
1.2151934688603765,0.2871384915985067,-0.45960243770899356
0.7221147475643768,0.8362870247547584,0.790364640826163
1.1929889660972741,0.9106148858696597,1.2856001976368368
-0.048257213651933945,-0.13995413964920128,-0.07232297803489048
0.20983387321904587,-0.1344266786022962,0.10752197377569234
0.9222034060540896,1.266351129482556,-0.924547567372808
-1.4932405220059422,-0.4436110567994397,0.45761186205601445
0.5332708921863735,-0.8060033758028363,-1.0011660605659178
1.3977657680360953,-0.05086241178269218,-0.6094009188908442
1.4575016172827717,1.1353985629977656,0.8338848344396794
0.6104863835185115,0.307003632726919,0.5914055514294171
-1.2262305471495962,0.8114737115395528,1.2873669693886565
-0.29962962322914255,-1.0126074053312417,1.1029492425669398
1.0174409785489815,1.6780204161723011,0.7509402553062192
0.33413337414593414,0.13443016500213859,0.20004513184834669
-1.1599512954673485,0.954143665797443,1.1057073086582547
0.057362384428521776,0.23014268980805028,0.38424529300139415
-0.9132897744949484,0.5610789889468624,0.7644532693045216
0.467149693889341,-0.323826720835829,-0.2392347405349996
1.0226042593862226,0.9500313618705738,-1.0860785294240722
-1.486758684136067,-0.454649394584664,0.757937505757601
0.6382397990676522,-0.3263150900674289,-0.7401580539548456
1.3153166626544015,1.3656308656896134,-1.3948184715745262
-0.8474297529862632,-0.6010937729364509,1.4727560170235574
-0.10648518016259666,0.3703864519408919,-0.5188657185462887
1.4467917710560514,-0.037039758107357185,-1.7475896303307508
1.2094911061655413,0.24221759303423307,-1.1738939872496765
-0.5705512224369713,-1.2523382203163425,0.8808532780172555
0.9162497546752347,1.5819304696586602,-1.654561207682594
0.4217927409018706,1.1447657082922107,-1.3189752468280396
-0.07823729473969017,0.563618386564836,0.21965067022334606
1.2795313680810139,1.168389177755756,1.1968075391971198
0.8777470230372817,1.4192815870701103,-1.3352705929326125
1.0466032209903484,1.151879870966845,-1.1245868779596806
1.7973534002329656,0.30062529016086836,-0.686646110338304
-0.6590125426268197,0.5083265608798335,1.580847079673024
1.1875097024300096,0.6006458243246834,1.1207167599277863
-0.3512486814421811,-0.393978450046813,-0.045529908922990754
-0.13563531781073082,0.03840370719881999,0.08082980246452508
-0.026804016690088424,-0.32867233052200895,0.6494116843567226
-0.9708503607937938,1.0292787964006778,0.939902804480696
-0.860079990172837,0.5983781612631959,0.9618143011643708
0.0913928710872767,-0.03446484163979782,-0.22523243082094946
0.40402551814391097,-0.5055486242934867,-0.8694475968617759
0.16517230171619346,-0.11764927215046783,-1.435135019085448
-1.2661689192517842,1.2887613941752565,0.4920005610424496
0.6880773297049598,1.3967705239547819,-1.7531933786686906
1.1508847500258084,1.6262096116937363,0.9736998955708048
1.3485189189828977,0.46160812790130057,1.0505518318185647
-0.23989263027561414,-0.5907773778991043,1.6574166036482119
0.6972878531916531,0.5901816524169177,-1.5787028425313863
-0.024835479285714963,0.41687623079320696,0.0933140164351488
1.2626214434535319,0.6101273319090714,1.314833841496981
-0.9064607896841607,1.4141773665667778,0.6655751391599901
0.7368167489337955,-0.524364802828864,-1.6968215767087322
0.6179365849673034,0.24163897054222694,0.5444026819079094
0.8480368133837692,0.22215186245990748,-0.6559659729028718
1.0365920023910273,-0.04245280304492642,-1.190479664159595
0.8845365444319446,1.1290874241352358,0.6691076225790709
-0.48000505109514635,-0.6158779327653328,0.28232325338022546
-0.25689299137759575,-0.013828890194327606,-0.20450378314781092
1.349114965787844,1.1452017139224306,-1.6884310083841878
1.4355802387869465,1.0257120076381852,0.5689020888282775
1.3303694332122613,1.673325830371012,-0.8428926547795502
0.8554263214598751,0.3065823839398835,-0.4268046893161688
0.3196272292569198,0.002452580174090741,-0.22325330386298026
0.08055782348611244,-0.07726208993983161,-0.7913539666292337
-0.8648169887071526,1.3565214747479022,1.0016919435976606
-0.9659162201464395,-0.1964543883602894,0.925241536735206
-1.8821177491023624,-0.44409434642145773,0.461916131676559
1.0169052259859916,0.06615390760954519,-1.2826972726569412
0.6815896572786044,1.4304028554394392,1.008524659468777
1.4162569771198672,0.1389559366834221,-0.8375659560502284
0.8870751832300282,-0.3774821725720305,-1.2020069082980707
0.2740464682074375,1.118373296138438,-0.9458284661120172
-0.3254658300550211,-0.30786656360455544,0.1280232765972978
-0.7924515278239512,1.1983220084110284,1.0006476125427763
-1.2746155012615077,-0.5346495779345799,1.427516928557717
-1.450261987120234,-1.0165165447138647,0.4101989251807058
0.879674347850063,-0.39337990539118856,-0.8737122310813904
1.1631516203589964,-0.7031149695768291,-0.7717661199520561
-0.040069107514702634,0.08597038591068229,-0.18389655802521568
1.4748204602665527,0.48943186390370946,-0.4660213086465427
1.3164127788172189,0.6362450180821044,1.5611177243744399
-0.22877141847937313,0.3261296667236057,-0.47248046925955206
-1.5486972517054023,1.6435123422937494,1.3312918760738492
0.565101624454879,0.5656699484459258,1.2717493131826014
0.20000537587588352,-0.8392749853084807,-0.47124760313607916
1.5901424867798208,1.3430638492808078,0.9360245880146292
0.3981118503875991,1.304022385475841,1.0329759011738013
-1.0887553085169075,-1.5399092277524926,1.7072677172239135
0.5550690121317676,0.5328970336400316,-0.4901264601282055
-1.2947080543790488,0.43389312323032503,1.0874136169643782
2.0761260029154776,-0.2277444768363473,-1.1740773328791172
0.7264559186614253,-0.7302048435938839,-0.5771826323338537
-0.8720139235419347,-1.562777360205268,0.8232604291036705
-0.038553854525958844,0.4949479174254397,-0.1030898246345181
-0.5276040378777311,-0.8386901747851313,0.6133192437189361
0.9123597884764543,1.3317622324733958,0.11554587639684588
0.33561562659360344,1.1718472876530344,1.0830750748652445
-0.6968329830823856,-0.18208823235308216,-0.10350576474895151
-1.4159226124107538,0.756941461850611,0.9450756136844481
0.8316056527947295,0.036016633546783326,-1.0148032376292935
-0.7464983739398359,-0.3041137754486375,0.6917203464179026
-1.2454350421451177,1.0784963762666882,1.2183146854129423
-1.4967042301926496,1.133670566897959,0.9378963804701005
1.2600804711834643,0.9603296544882468,1.7386547984190663
1.3342768448260567,0.5481172581369527,1.2119216711661132
-1.3402453011807791,-1.2164027463131597,1.302266335497726
-0.650404099597247,-0.968624301566532,1.0731977798581043
0.8057639551819963,0.6951619047341001,-1.390039542314776
0.8666054876121219,1.3541025283463841,-0.648394338177197
0.7176783779537401,0.3026569860427751,-1.3435377113195837
-1.3520047926763055,-0.8923276318979361,0.9136851494687122
-0.6170780709625875,-1.0424362541365682,1.4933624305410678
1.2491399729389996,0.5729518282469622,0.9430482059914826
0.5279073063198519,1.1674818313169473,-1.0055892913904294
0.958698095940381,0.3427244755383331,0.9296582382271715
-0.23711969327145876,-0.009357584097578489,-0.953104940829226
1.8179755192124105,0.09006837289077434,-1.793504883781218
0.6566096435309432,-0.20615751924616835,-1.177791811951082
0.6683426058226379,0.008666164681425408,-1.1716729160910617
0.9613147552518431,0.7820323652764201,1.1596544457408284
0.8466087924304453,0.3381626227128222,-0.7856572230045449
-1.0265795901237824,-1.1432317784717276,1.4909095288325052
0.8720694888444975,1.0577240077740315,-1.7334823070517738
-1.4253417999321274,-0.5913500942400207,0.5776040752292626
1.6295947053160131,0.5096937347990635,0.4142500479160719
0.685605586946007,0.44758215873849005,1.1215274382419502
-1.5148654274337,0.4411527259548035,0.766560269461598
0.7120623166421165,0.815744491616085,1.4228488904875662
-0.38374198425924916,-0.47279820875912987,-0.21517758653325614
-0.8313132267987612,-1.0238617247968766,0.31933365668503344
-1.1177823030352136,1.5811022180504732,1.6114991402163634
-0.6358326001257719,-0.3705063133779575,1.1826752042921598
0.5049350310690808,1.3476624257557093,1.3549163349066968
-0.6420357775892699,-1.6528059540105668,0.6380208668247735
-1.5150421134612246,-1.3601793845512107,1.5677822723191357
0.6199274425313358,0.20544371776608875,0.2998792085779476
1.1578686119291923,0.5216467751859262,1.1778410672880564
0.1821483984794927,0.7684063120240381,-0.5775594993320043
0.007292398854846865,-0.007812155786840882,-0.28545155728178695
0.866090670118069,-0.2784468205385207,-1.4638142201801956
1.2007130944670181,1.4469595263609842,1.5793996919571707
0.662680675486019,1.2808121294669306,-0.9209297732183019
0.9076261879165288,1.2784825459253675,1.7395824379781382
-1.8921872076497837,1.090673699397839,0.7753769014677498
0.9155479044689222,0.6051281891395264,0.9474972131630781
1.2352947178060236,0.28876850096334883,-1.2606816592872936
-0.13226346495053273,0.9704712015367101,0.14734080153638848
-0.82866317973571,-1.284584877633482,0.8462172484091633
-0.2351978123789209,-0.534375938965625,1.5396716195554823
-0.7629730904610678,-0.0817566526411102,0.7480461790544759
0.8707697029291902,1.5342281822147026,-0.6099197833260935
-1.637902383265333,1.1682798524073916,0.7688316892669158
-0.9664693488282556,1.5641836580814017,1.163905118383799
-1.366528367629368,0.665231718481488,0.9438499764378654
-1.037149800557221,-1.5086194083569135,0.538766267304087
0.659609967727374,1.3455694199849784,-0.6923456882759867
1.2578759213136934,0.7380920897504203,-1.2042433997190318
-0.11546326427169201,-0.11601216058647706,0.16873091446435085
0.3781989218637579,-0.0317585525541975,0.11401389683974461
1.2283562042772669,1.4542262560722397,1.381600705397281
-1.0574638119588473,-1.0660322260012185,1.0127037826325802
0.5956474013641595,-0.05551856037821441,-1.8907046099828906
-1.6283525828503649,1.5422291742841394,0.7556569440779737
0.842034655733801,-0.8246092448448998,-0.3200701194656417
0.5411036122459052,0.47929015728051483,-0.11421665012288951
1.1882039389514227,1.0047450716723136,-1.3923152033654236
1.1168595368475196,1.1120943784009978,-0.8831324687170695
0.6453339861262501,-0.32623670848766,-1.139945065230575
1.1335860598704761,0.9315282520814402,-1.0264449575808028
-0.9420448667612435,1.0095612173139823,0.859434305714507
1.2704414553188599,0.4691577114525914,-0.9931724699201095
-0.9299154324365951,2.1941036010413644,1.1469926661897218
1.039650316990464,0.01574230199767814,-0.8944446022599912
-1.445632543293235,-1.252372333495116,0.6231759265703021
1.4062511535977884,1.0749837528355644,-0.9790170452442224
1.6730651658592457,0.8592956807830563,-1.2347370718096744
1.3219733562929303,1.8761668004753693,-0.6470411640840079
1.22664085935709,1.2577242000432802,-0.9414097553386727
-0.28060796514475295,-0.7788379085602074,0.6253631975025431
-1.4604614946211476,-0.1356314637941709,0.6762476715668984
0.8566215242773301,-0.07997196924736671,-0.7028386778265605
1.3580153256304461,0.8067755793266242,1.0587172047942197
1.3290291684801923,0.4753824135851995,-0.937061372930769
1.1761415975511653,0.7916125795075617,-1.420175051502387
-1.1110054475440934,-1.414523698949508,0.918615543567878
1.2873961189268517,0.11636536063693269,-0.7333829872069477
-1.5907699710127607,0.7042514370163855,1.4767597337654292
1.419821086127734,0.7859059153757728,1.5269576262537303
-0.9218073073786837,0.9604619195042776,1.1743901558000185
-0.9427804920484191,1.3398447954064854,1.2771430336949747
1.6353788704960448,0.7260051283425009,-0.6795272944047268
0.924327865936432,-0.06247756003887829,-1.0899680923742088
1.1931394982992434,0.12590502458206548,-1.420528725695692
-1.1149790077601422,1.1149315617612037,0.9817951018795031
1.1068506604045933,1.2034900092919736,0.36752371918714655
0.9711959513678665,1.4014131591568098,1.1446544100190537
1.8832184190174193,0.05016347179033777,-0.6007663309585378
-0.3329906486893555,0.038140109733111424,-0.07185214909020614
-1.8069355192489645,-0.13293036999365637,1.3255923440790964
-1.2695160422637906,-0.616985134688093,-0.08504502552417526
-1.506103363634086,-0.8077652966289149,0.650804413244259
0.8913379558695786,1.669380836119415,1.5361844207161393
1.031966105496015,1.128372024770263,-1.3951463640559087
1.092284699629985,1.040715333482931,-0.877460986427191
1.0527000438989167,0.14498034745024424,-1.005970148977184
0.09819947271772508,-0.10207486860571346,-0.6818487832708464
0.05493652982604183,0.47585705819409435,0.13824813786057835
-1.057303566145677,1.4386188472921015,0.1234984595338875
-0.9929546992265371,0.6098535890887,1.5214031727739037
-0.541587942343174,0.6890514060616373,1.6235156737987575
0.6088244657789446,0.7550308436396527,-1.791607477395885
-0.8357799658689533,0.9075722090169278,1.5572725031739623
-0.6143376463312085,-1.1221778809766727,0.3083268441986319
-0.5237805622625615,1.085029612252886,1.410794505327893
1.1345999155283604,0.3732162515330588,-0.8371638466404673
-0.8454469384607756,1.3351056886186357,0.728307738722818
-0.3971474821514793,-0.21969546132503012,-0.0988317747230878
1.2502669391060026,0.657136977433487,0.5716430007755551
1.1919758964593115,0.5971220049892086,-0.9327077835265223
-1.2607554330125523,-1.123584005839163,0.15816688049386707
-0.6540702246035954,-0.939438780819307,1.1193807255925758
-0.1637280858346741,-0.48949793866250774,-0.9910024474516068
0.673875554084757,-0.16046926869895564,-0.656659506797844
0.674125738704932,0.8178630307418749,-1.1415435851280415
1.2436955323559011,0.8672540552712084,-0.8700873623559542
1.4731579755511701,-0.6177819636334217,-0.7919294313598914
-0.8795570643233032,1.0735338065290017,2.077213465592199
1.331110085748767,0.3209331111537863,-0.959705676751462
-0.9442008815410164,-1.1139347750968804,0.9575223639840987
0.49338446842201134,0.46691628695351195,-2.1280675288962767
0.2753440611526451,0.2873646791106519,-0.9107918788151348
-0.4816512872547942,0.7124670449565078,1.2980021251509124
-0.04297795271769977,-0.03074616280146481,0.5253892645300947
1.142806194386019,0.7228361618957383,1.3598399501733003
0.29277731233024107,1.0078183379192727,-1.0211020432003062
-1.0414347413623122,-1.0855500670218556,1.3881264807153126
0.6392443583007036,0.0866878568491532,-0.566729411179676
1.2940528452216364,1.002552616385326,-1.739303412031366
-1.469551985763589,0.9208249084061273,1.8271625352654208
1.5075230625267828,-1.1131841729372882,-1.03485935693417
0.6379680832344059,-0.004910613400870355,0.11357115504188864
1.3942919982719453,1.4749544206259004,2.0358254568074456
1.29230564762661,1.0057092271345736,0.618424232241342
1.3713554716544685,-0.6317380648281041,-0.9183384512015891
-0.9586247482767575,1.8168304160574977,1.1109433847858703
0.1783039404868515,0.7629962690213072,-0.3909456469934843
0.35811799608087513,0.5503512564556907,-0.9589834240729911
-0.12255817083460784,0.3594907096054576,-0.24312399201186308
0.2296088726219594,1.7148959858418675,-1.1735961848863827
0.9411378779132558,0.012379235307132074,-1.6020287497015215
0.09468684841055727,0.27141986184842065,-0.7499462622006844
-1.1539771553640326,1.216363407424396,1.3504676668764932
0.14672622894874232,0.8399010191983957,-1.2301960852384486
-0.6691055569370308,-0.5360640134446623,0.7976135204048579
0.837995571419721,0.05176867072612016,-1.1412480720009786
0.7770032859968665,0.4520788081683689,0.9646871806594981
0.5404823859365375,1.2665250003636848,1.1850365171415804
1.1619926843843822,0.4956464182659819,1.3671447788219104
0.04986535736302275,0.4397855085582613,-0.14066407353368607
-1.3880497041518574,0.8409768938033114,1.4950615030047993
-1.3506788342477172,-0.7358160190593799,0.8458027036350567
0.37446143765128426,0.28023815891085097,0.049383022467657016
0.9301408217273488,1.5440672523312053,-1.075877397380963
0.8380818482318827,1.453121878869923,-0.3610410827113507
0.828866313712851,0.8011788336305146,-1.1761302738704762
1.552863596415011,1.259483955035857,0.9331527678732583
-1.1214504291592005,-1.1955544476174764,1.6355761313776331
-1.219198327496455,-1.0856601242844754,1.3348617945325538
1.228378277841549,0.6742388716027237,-0.7718055655681237
-1.4751060959670108,-1.1589293010205448,1.2137459594545534
0.17318917121745417,0.06556962543737185,-0.2970636663089513
0.7550500482504019,-0.3860856307002192,0.09549517011654263
0.9272559736839352,0.862886354979095,-0.9853585373747684
-1.2028034637080223,-1.2055602506595373,0.5204194408024496
0.44908180429116007,0.8626659296590203,-0.5431170428457768
0.8258054517720627,1.2052423192704331,0.8961813289664331
-1.1894581830604765,0.1772193341074486,1.2897964241526911
-1.2950946818739364,-0.7253729012987296,1.2964295122729144
1.3171621487348808,0.5161701298467449,-1.3300851502182867
-0.7229108979532561,0.4922678013813203,1.6810058632518423
0.4446525896564206,0.6415464269071464,0.2717525492047625
-1.3482911086574965,-0.710163288510751,1.179394181678576
1.1613198416667296,0.2697368017341568,-1.1206105183077388
0.67669446997323,-0.30503257179881915,-0.5824892174392979
1.2668980589716967,0.9887128484251081,-0.4542695023316533
0.5727902496435289,-0.020376911625361222,-1.0904701150723044
-1.0597445982598566,-1.9469910613493113,1.1415082523565558
-0.1329090805000353,-0.24502036094162474,-0.18469801653845086
0.8835344918294634,0.42202181957702056,-1.1336827992265794
0.6389382560048721,2.079331534374835,-0.903171731884813
-0.26268415991058663,-0.5422167444656506,-0.2590611025512183
1.3258922886486726,-0.12225282191427211,-0.9801632689353657
0.6413657837411233,1.2293789973421596,-0.4033304564792769
1.4692498550346564,1.1478568768792377,0.9570791423983085
0.36566174384566097,1.070593673465181,-0.8195095935455605
0.8590185073449033,1.8593187455147837,-1.037561427485219
0.25527361629128514,0.08509044847671395,-0.2385298756367683
1.33077842437712,0.4904418341336274,-0.78962232775008
0.3262376978384652,-0.6491899848014256,-0.48538534406116923
-1.2868064596511746,0.4861662937200123,1.3911262198744803
0.8385406147032013,0.6179509682602589,1.1694396262373845
-0.959006143136717,0.8068689636772326,0.28753663421374664
-0.27901677699004584,-0.6475290287945762,-0.4460505050653951
-1.2247368397406797,1.191744381371769,-0.049926822549644756
1.7968377629989813,0.9475554645278069,-1.231013705607685
0.1636850314426187,-0.1703698397270264,-0.571226870442178
-0.8820114177164714,0.40109694192854217,1.512375830666691
0.9776591269388757,0.8490453930151161,-0.4620583875277222
0.8328867949945524,0.5609556070897093,-1.1446512437490182
0.9886043501958428,-0.28620510644909947,-1.0178267597701929
1.0159197816464065,-0.2669536217440513,-0.8559476194889749
1.179432351700739,0.623071708728897,-0.5595121677089165
0.16197654152613722,-0.3354630550082339,-0.2723635316542779
-0.2947605408927196,-0.022358586645438203,-0.031436318387527765
0.7912177738096413,-0.2988411014668265,-1.6029995666407002
-0.8613160089580321,2.0046226206337696,0.26396890219769886
0.7860910975768785,-0.19398221795104598,-1.654520714039784
0.8980091130316579,1.6015971954330754,-0.06038792335720489
-1.1487431529114662,0.7086153513278628,1.127809868313182
0.20820499865131184,0.4943772808912414,-0.8080225658092902
-1.4791865716869046,1.3548319105785147,1.1147096449530345
-1.5143456069118861,-1.2021959021778046,1.0835414170137327
-1.324960939574968,0.9803882636647853,0.9358559675820677
-1.898755733593842,0.7573198820938813,1.084513476911789
0.8269361946413631,1.156982407388208,-1.3704653053932834
-1.5087676004450892,1.0845586269882637,1.4250629163150106
-1.8311247279424787,0.8718808781853432,1.6573512623218136
1.1330877318340753,0.4667407966091164,-1.0989343855585672
0.6365989953951235,1.2416429821756176,-1.6468687560182178
-1.2872259134473056,-1.2351425219632002,1.0922443395064858
0.9044989591746263,1.5142328937446718,-1.0228245165724623
-0.15499652596217361,0.2850017768368643,-0.27573162723202876
-0.7914880379944742,1.1286714165506,1.0672239223867281
0.8880135468773883,0.04509957523069987,-1.2993532722764134
-0.9884897743676005,-1.0740390597684875,1.4848516816933945
0.5457456380968684,1.2037181294568031,-1.2464284861345294
-0.08776492838882816,0.09397125003524624,-0.15503235650222802
-0.07147235504319342,0.301156432597514,-0.24597764100641728
0.08121102576203354,-1.0922646666558833,1.4412870288214632
-0.2964650674539317,0.3230958223936604,0.6321359083291878
0.949682948936668,0.7289853371975163,-1.3787200376725326
-1.397771408719917,1.099819275839231,0.5267775261062444
0.671513522954742,-0.5238927897470529,0.19260305239652217
1.253112746442514,1.9082771431217584,1.0727465020233982
0.5704950825745307,0.16635482420056458,1.6898786599044433
1.1502987526878634,-0.21486570495532803,-1.5935223420133293
0.6217129766444104,0.5479124407849515,0.29377034112386685
-1.4103472423877905,-0.9750674601523508,1.0428679661038385
-1.5979024585798576,-0.9453610417644991,1.0101541111889087
-0.19637957989274657,0.5539484375176177,0.1586511756885829
0.7260751561044416,0.9622923716940397,-0.8350576123656207
1.2418061305421468,1.3529332249293637,0.8191638668667678
0.06562772117796134,0.17161582702701947,-1.0486949015134501
-1.5644227324264328,-0.6787381029543912,1.0958510072955991
0.24205320630357977,-0.1121130852308723,-0.5522608680440558
0.21487192581669443,0.37768593610072576,0.07806481885672721
1.483346492237257,1.4096250103245849,1.2370107796804732
1.4634668093365206,0.20323508576831462,-1.6363383427434783
1.0239851430782827,0.5679377949492213,-0.8917946098134399
0.9023373458837405,1.385634867315343,1.4757881955698562
1.0453081642151059,0.42468880867305325,1.3676915738300814
1.2424039805382558,0.48782825900148674,1.701917672793746
0.6224059938608446,-0.39586371500450745,-1.366655477345419
-0.39942815459297587,-0.5567933147188304,-0.35188694455382263
-0.7956831645889622,1.412232234249623,0.7368661784591451
1.6172974113088756,0.8044602312854904,0.5521530266843955
-1.1487116046093955,-1.591044962767778,1.1030403429592517
1.179086770324111,0.37164953917260024,0.5492930124360779
-1.3242114519286505,-0.6572097852068856,0.9726214029334337
0.9258849364489167,0.9480717201066295,1.0175245887916438
1.222330411030051,0.9093890110468648,-1.1721710795202864
1.1201897438443313,1.2488828576173607,0.5444667528876923
-1.073260188421318,0.8573307463280515,1.4722563649808578
-1.0634150769665827,-1.367207624655586,1.0369507166559697
1.5062091685674162,-0.07680050810456795,-1.2400816898342513
1.72176433067937,-0.09355184132534737,-1.1482791660864728
-0.66209024968732,0.9977758825407718,1.471405075919369
-0.6017673943991881,1.681269043967215,0.3447883770255933
-1.9953309413651958,0.7367006350664607,1.181403485021787
1.4951265247893848,0.36222893648225307,0.7602499908184909
1.5587040709593967,1.1779873261504703,-0.9875746294404274
-0.331728149744548,0.23662840738123908,-0.1524949149091494
1.1128144841848882,0.9388580032743098,-0.8265750159232483
-0.18649095668684482,-0.41658118070992745,0.4013463570916582
-1.224243054738924,-0.17177947600090726,1.8211888098006652
0.7230316080504575,0.4374730145312664,0.9667577709485221
1.0073673516758206,1.6705749249101132,1.130770949505665
-1.8427556458504324,-1.5695832448790428,1.071411667888191
-1.322319861953682,-0.5958901652655937,0.9822554177953754
-0.7324639477815127,1.268777843125799,1.1536808288023586
-0.30346608061710895,0.24895164738924747,0.45055737988882627
1.2003668750497523,0.6089779020805796,1.0397329221716904
0.5984170511674005,1.0829069317595776,1.0277377348145003
-0.6011762574185434,-0.5490599642578058,0.548060057112576
-1.2228522290288926,-1.2345660595555095,0.752091148698449
0.9010428240210258,0.46687839334363795,-1.1962382967613727
0.678728419727862,1.5970754275838086,0.8915505595829725
-0.49783855621604145,1.3783478574736583,0.6397638589855753
0.38538772384718456,0.8860842361938419,-1.3989059831873663
-0.6105095076590529,-0.8804808878712952,0.6906176623866279
-0.7085925425941855,-0.7449576751075165,1.1035079220975685
1.2463084599084566,1.4815537748675265,0.9442214897276002
1.373036332749236,0.4326537068267873,0.2956764752076896
0.2796849754687946,-0.6430565242092787,-0.11184508796187072
0.611019744925198,0.1864266993114415,-0.6362850413225225
-1.132315689731023,0.687920348353015,1.532229961615616
0.6876780193684027,-0.19530948987867522,-1.8211129732682103
0.6698011212829953,0.8714456633388026,1.1651725817102498
1.2801988252632654,-0.3018417529573092,-0.798764298665335
1.0319983420974328,0.04860120392757377,-1.3823017431290578
-0.15548146636016624,-1.3442261615255549,0.8707830524907972
0.72166802144309,0.47837676297412285,-0.6473014396959951
-1.5380057935722675,-1.3444198688662303,1.5508723746018247
-1.0496085549559988,0.5743119972730604,0.9960620765398468
-1.0317553697622812,0.8798136205117185,0.5977594497242137
0.11760655972265242,-0.6012620278398408,-0.4178666122524973
-0.5758432523195309,0.05592854340728435,0.09539957026922166
0.9420532979415622,1.1623296346695258,-0.9934503032274825
-1.247264179473451,-0.6405953181793742,0.6696668907047809
0.1258617777890212,0.9582628828052432,1.1573228200021295
-0.17361334172943998,0.2214509637432928,0.16812392699408174
1.2155640174738636,0.5851015382694174,0.9238645287665568
-1.0405122874806132,0.7606249677675813,0.6133648436058738
0.8532702352741249,0.8432967403824713,0.6310359262005989
0.7482946425228845,1.6134910839665997,0.7856794147790809
1.1425908418677968,0.2590423930268282,-0.8025850823184932
0.8452282213600211,1.6951939940494083,-0.8284128205805932
-1.8418998022876059,-0.1831288357861076,1.0621299996797606
-1.2174427584372212,-0.20318534561627644,1.7335586184097502
0.9554582390457955,-0.08406224167634985,-1.380070184827918
-0.8456119629724497,-1.4706579775600213,1.3712362443964325
-0.749384654665223,-1.4958249144320959,0.3988517565270442
-0.21707874956104545,0.36770443667251673,0.298342607239431
0.2628252375009297,1.0989085808435024,-0.6453682028969401
1.1820302302881482,-0.044160465560635395,-1.2840100347260406
1.1529638984736201,1.0665808832852224,1.1969805056032596
0.7587554991488326,0.6540028662925677,0.17641433394030515
-0.1273204056417336,-0.21664830532367502,-0.034806089327254965
1.5529733363621732,-0.5377384019322208,-0.6581490757797188
0.9109007147391915,0.1475668811632987,-0.9953393169259017
0.6246131577035661,0.7814369522145308,-1.1128962367692916
1.7009167636488127,-0.003582871398030374,-1.3075065640154082
1.1148496660807297,0.7550250501438248,1.1446014100824407
1.1982727551890417,1.0601675620574307,1.1459844009864901
1.562723011493186,-0.32914704199919115,0.18780380309826583
-1.0943666117248496,0.8372459021982501,0.7860973316622708
1.067461868786691,1.1767762598277636,0.5638403690228615
0.39056087573273324,0.9927463025967673,-0.8826862283980592
1.4298119160919724,1.0901078888060187,-0.757295139917437
-1.2389915432097613,-1.5982166145992815,0.9950806202767769
-0.9445419265159662,0.5655494803274361,0.6526956153606671
0.4300084858043639,-0.0017051750575504657,0.34376570190378125
-1.7431605805593149,1.2412990002285575,1.1192633863962103
-0.050327740619333206,-0.42923653134504614,-0.3395618625481858
0.5001740352303979,1.5734534435271512,-1.7438652162199193
0.666796697664224,-0.1600969131727542,-0.24366383198433383
0.9491348814823475,0.11490717164831697,-1.0151658712531078
0.02184471316402818,0.2629284380478156,0.12570696872047335
1.2584332964847418,0.2805022557773476,-0.7107718703457686
1.0399305260399072,0.7330666475134078,-1.8967663738035654
-0.10388846843061297,0.014148566835455649,-0.43468432455389094
-1.1356489117080155,1.1480244461075821,0.9505069279600974
-1.5931937727929673,-1.3270729586420535,0.5464678572774584
0.24929435865552696,0.6548487160006823,-0.06912534075736253
-1.4388574598515256,-0.08323549327252555,1.7469848016645404
1.6199737620070158,0.6866986830655051,0.8711753935177298
1.1474693235491604,0.8426644750690557,1.011497929173927
-0.45162576873292076,-0.026640410808789483,-0.8897536434435476
-1.6723481836952483,-0.8761092883455991,1.190300796732613
-1.4648263281025131,-0.3671532994785731,0.8402138038108589
-1.2276592794690135,-1.3188454264899923,1.016369899491569
1.28139685929001,0.9688714255454107,-1.1103805806784552
0.8507765329344338,-0.43405661726493316,-1.0612334932038623
-0.23007457985740656,-0.004760329237691239,-0.25605860203747993
1.1315004438638738,0.7880959184931845,1.2053069732453425
1.0771958567091717,1.6705819847658652,-1.6259895573767118
0.9792326564895756,0.604513249644297,-1.5250642243197112
0.40110704220633064,1.290604648934424,-0.7225175549855258
-0.5812352822047442,-1.1340976327472108,0.4635741146793725
-0.050879753592977174,0.189126027971133,-1.0889816563967756
-1.8361211595412628,0.9318967012816378,0.893758175885558
1.413275945745259,0.7394229800545276,-1.7466802347215769
0.759645129658475,1.3290729706296576,-0.8658730974410769
-0.44030881997153626,-0.38434306167573984,1.6289592841081308
-0.5088950508927853,0.28521034017317953,-0.7789359490647694
1.342080603099305,1.1057160840613005,-0.4744871293712769
0.573553787278508,-0.27827229766660605,0.21171997357746772
-0.5905161815572074,1.0997234382566916,1.4180353896339013
-0.16845209392043362,0.1791722931091788,0.18288992477973742
1.2412749724329373,0.7823543991543229,0.9348828375710823
0.4650592234744771,0.07213547626555498,-0.5372837562335603
-0.6854375152016734,-1.2238185141157876,-0.13321211605709604
-1.0985533610058191,1.3945506023623748,0.7152107090964308
-1.3184547212745983,0.6199746010135492,0.422558295132094
-0.8703854229173866,-0.6703588412577177,0.9343402349112904
0.2082800758496849,1.2991641024470135,0.5709027897040774
0.6986328518615266,1.1839888571756465,0.7289138520991576
-1.045251221006296,0.4803134546216703,1.0931146971760655
-1.4523553741303663,1.1894528307245817,0.6294475480073847
0.6158587791431545,-0.7020408125084647,-1.0841430415107647
1.238519914184485,-0.02055797087700945,-0.7489190421792313
1.378124708494346,0.778972261552459,-1.7492023323722483
1.029545373764352,1.4774346141905048,-1.5361954565465747
-1.5143998826065976,-1.4353644942691384,2.0242011837422735
-1.7853156591355899,-0.8156700538384538,1.4193599551254164
-1.3375415509699597,-1.6974690409586146,1.0627292064392773
-0.8702165582589931,0.27845488297505394,0.04321751827479048
-1.3090274995024962,1.1516612474904497,1.492088870260315
1.205563139863566,1.0718327127758391,1.1402520397094236
-1.4727927984272875,-0.6016105284614217,0.720695260499443
0.8047948787311656,0.07303512168573449,-1.0849834900137079
1.272820826285048,1.594898462134371,0.7679787034519828
0.7424511955566588,0.44445808608178505,-0.8439229557578389
-0.7299910987844468,-0.295495490121971,-0.2508111407321578
-0.63801518340232,-1.0903226996304167,1.5745718078235469
1.0135482197740977,-0.18940935262167896,-1.0726580555624934
0.9114985505656912,0.8892746800444318,1.1229626791236402
0.8171125842723216,0.7243552809112839,-0.8129239584564458
-1.1696945333592175,0.7720668287044965,1.1318034942292037
-0.1616625992763363,1.6377769566996787,1.2715787951048931
0.7187374150976744,-0.6133568355674922,-0.7187126980573024
0.8186586199597647,0.9248176225438125,-1.2814545776436919
0.8517542671655576,1.3086794842593379,-0.13941704825203027
-1.9547719480782693,0.8016487311959403,1.4389200750174835
0.5630748941309685,0.8734366201220792,1.4852390799916733
-0.4837422156309811,0.841121873541605,0.5590921038176577
1.0073735732261573,1.1390326821446684,0.7840961278762554
0.9936889244401317,-0.2337973731177595,-1.148902608050282
-0.2940344777796914,0.11688354716398464,1.0364672586665757
-1.1271043576069584,-0.9533685951950145,1.4286063742324155
0.8000515861979871,0.8635628271433567,-0.5912147379759987
-0.3486361884273712,-0.608288611853648,0.15366407118699102
1.154409847483424,0.2174616513122427,-0.3592404833640074
-0.7783768915536371,0.6553187718974967,1.0120125916656328
1.6977982197439552,-0.024546416039965147,-1.6618041579650984
1.1763027017755057,0.3625372941588608,-0.9157458219139767
1.0695294100979393,0.9230752910941805,-1.2974799667620733
0.919064437251965,0.9267019027162873,-1.5767641424447238
-1.6493530119764974,-0.24462522415429733,0.9343032059871872
0.6088982395831806,-0.020632502886231217,-1.3087561500743818
-0.2012654076185427,-0.4054423369417875,-0.2518376927455191
0.5949257746526029,0.29601644714029984,-1.178318125530727
1.3182748080489546,0.27978003624261677,-0.536498066196052
-1.4904717431250734,-0.12134157800841827,1.3069917378216522
-1.274269967036052,-0.6718806501964141,0.6196186467622113
1.0041410479373523,0.4752655070599362,0.5739545347698509
1.0935460404036987,1.4659963530255693,-0.7498726663913988
-0.05424049596035313,0.3143971250812527,0.4691870796657064
0.30530927289422427,0.13538924212484457,-0.940445358418492
1.195538355925195,0.9538391201325878,-0.5986746748740395
-0.6865641340805573,0.7285427754823587,0.8727049889029519
-1.0179572120490148,1.0730004122396855,0.7319539198183068
1.3240108954024465,0.710055566479979,-0.9783793348615997
1.2016186062071377,0.7878969526510237,0.6828508670950624
0.9001377847124322,1.0830169179554967,-1.538714264846174
-0.7584837918888423,0.8432492938452534,0.5928942763692188
0.8896640160414173,0.536558694536206,-1.726259590351527
-1.33490497241988,0.7568498957296729,0.7843509187404085
0.1733809766797923,-0.12793290565123175,0.6403631967555662
0.9991553280060707,-0.299228721728667,-1.029700842997233
0.4378249818455182,0.4945958048736707,0.7480554771285222
-0.48173193087158417,0.8226343282830384,-0.18833993204891356
0.1460676004193284,0.09795892068509171,-0.24131873951126198
-0.19142170668708733,0.20626425203335771,0.6487494991140206
1.1152113473221956,0.42242978117049723,-0.8220585849770048
1.0919697381671751,1.311119052351086,-1.2929198198948355
-1.5622252215425148,0.6060027496731939,1.0794720038189627
-0.13202536476778282,0.43052694524643076,0.25926290737013646
0.9474109617313329,1.3304188685766025,0.825294305104713
1.3822815884455468,0.9772845616454892,-1.3561743011770646
1.041247170286882,0.8194218438700265,-1.3891311570331828
0.07442737298821876,0.2246293882284418,-0.0794676535291612
0.8080127415405094,0.7936076042603681,-0.8332507749639838
-0.019194317940232453,-0.5469305845139824,0.12650951210388547
0.023718394089966344,0.9262843992669152,-1.0823359439685376
-0.4677261060345876,-0.06005913280697557,-0.692997837986931
0.45473039816287575,1.0758824670441582,0.7352071288813564
0.7308378671962393,1.265136437208653,-0.6427246611170994
0.24418370762178754,0.8190774723003693,0.030448269348417267
1.1615761664273219,-0.05649672842741271,-1.342600782847769
-2.159805551947393,-0.3314609698250095,0.6394497280411302
-1.2313838915505326,-1.0309977199571951,0.9766279524010048
1.4457286778675489,1.2861525261764977,1.2872742902831737
1.428672149556236,1.118089903338097,-1.2717779939671
0.20101849858167273,0.4848362877290945,-0.5972759248835725
-0.49022390886043865,-1.0381364364786732,1.6921287259428675
1.4801655631777701,0.7372422884114417,0.5812356069272242
1.7557115182015983,1.0952685224558514,-1.33630875595945
1.4833098962608557,-0.19012936707287556,-1.3210886864899667
-0.9329719576796038,-0.5350961609977332,0.7841635117051473
1.3976008158025113,0.026339399026367335,-1.1859692057458884
-1.2357086607157224,0.5631345469127641,1.333900530529953
0.9384764888475858,0.12753081743181216,-1.4340694713342979
1.7100148084509863,0.012713561948255975,-1.7342281907483499
1.4114794863559599,-0.36868713459276603,-0.03265769857101952
-0.9869444653236514,-0.5450475609484344,1.1597877490408741
-1.013445025881485,1.1818963648564538,0.7934281424449713
0.7717014825002095,0.6670577707583085,1.1885662225545617
1.168787528573383,-0.32989359180094513,-0.765279259705738
1.409028172803856,1.9759009625357091,1.5537091274042072
1.0908115441555781,0.763249573462763,-0.490291096506252
-1.5034019642701337,0.9131931798302518,0.8766068846176721
-1.325129436134626,-0.6687764740426763,1.428432200161122
0.06488928675953277,-0.6541161080286211,-0.3674465834092131
0.07704765903477455,-0.05759999108066444,-0.0377090868923864
0.02955477444982161,0.9759497867942006,0.12049699203655606
0.5459951607255724,0.19779901271212857,-0.9434084188261306
0.4645576801107004,1.2771674492126444,0.7576556716964427
0.4274198233821199,-0.03542842690751597,0.2738859416199569
-0.7521044861188525,0.2354732433349983,1.037191698611764
1.4123998089983805,1.3725120476464794,0.6643129907109446
-0.07281617243426233,0.7322975299325047,0.19727827539595144
0.5821605350904767,-0.2352074076147868,-0.07462930122214588
-1.245815513476438,-1.3425394073124817,0.7553465053221764
-0.7965566507066232,0.8278762720181431,0.4063773340302659
0.7885533273000973,1.2345456075020373,1.4953132285734543
-1.1254118744689592,1.368720600790901,1.193075154883685
1.2753746079498676,0.13591320885569205,-0.3917343308075255
0.6757369777205309,-0.3756212574807883,-1.0311632185325275
0.4282932481315419,0.3298674498765719,-0.37865812037764224
0.20174602628736393,-0.21651963798489593,-0.7907286275790363
0.6888733249636498,0.5557696618136685,1.700908177369449
0.4038028537052426,0.4634261971289288,-0.6699102323273496
0.4718173547662895,1.2087766262467592,1.1187938692932744
-0.9226205700032816,-0.4760539322265863,0.9702618680965903
0.6249418037492919,0.35559509967345726,0.6922071807311835
1.8033892043926798,0.4110583753956889,-0.7064198086543045
-0.3907045513150966,1.2942487988982987,1.712719563508424
0.8704364587136313,1.0847516715315537,-0.5958482746866947
0.4442710736216368,0.11015849365728347,0.3654846609370364
1.5910120324221046,0.543324354346598,0.9225362162881128
1.4943128767288616,0.5715785281403805,1.2720864421801799
0.8478176383334595,0.747816618325809,-0.34516703680290295
0.5133418309152823,-0.04143515785882588,-0.34378388937920673
-1.476163094269796,-0.6296099597141533,0.9635696558587891
0.27520426497517825,0.6197237226338979,-2.255405866493616
-0.21199717268139018,-0.169790367036712,-0.20103460556227404
1.0481182526847594,1.2057755336234997,1.284645951235556
0.5546820663541475,0.7371859051930705,-0.6021767057033514
-0.5594708169056951,1.186618124580051,1.5384903024810992
-1.6317745194870397,-1.3271567368554023,1.1564837308949576
-1.2815665301662178,-1.421881781986368,0.9731078771215474
1.2577553814152729,0.7286021078051113,-1.1221997852214611
1.4406951447144836,1.1967973947345985,-1.6425027153607834
-1.296954548172294,-1.0463988289286135,1.7591549170634821
-1.521835777520189,-1.3574380054876483,0.34344795375916126
0.4042862942239128,0.9016018646577196,-0.8213185556763423
1.5981832980971828,0.8861497982985285,-1.7888356106575274
-2.2706815252784,1.111633543338074,1.1166254706727892
0.9615150951837684,1.103572171290276,-0.7852770123100385
0.504296642058611,1.0239730521065313,1.1109507751832766
-1.4458129260032246,-1.69568206086912,1.4426841697149269
0.6369745351833609,0.7692914677726669,1.3021564903303025
1.218103393210448,0.35478104298926866,-0.9155500892621333
-0.7585417044157046,-0.4501554929693782,1.1438723390745285
0.5730264268158003,0.49637403542072267,-1.4021260503988942
1.1027989782343322,0.47054017166312845,-1.1743605876361731
-0.08946662872137766,0.13224530443616236,-0.22613998100043775
0.8946305459521984,0.8790922431669894,-0.7876531351731405
-0.6808624880416934,0.256265291335977,1.0181965905323007
-1.025409829846142,1.4949752538736556,0.817079337965284
1.4786525946582605,0.7560868382722471,0.946393133330833
-1.029579026243357,0.8193362095361509,1.0780099936112506
-0.8928625448534666,0.6705860117496603,0.792698944455519
-1.0048174211839727,-1.4483070602784998,0.9770410144852825
0.6280608206429397,-1.1873473720943408,-0.4601814744665026
-0.9604264851884465,-0.8646570232256161,0.6029687973084707
-0.6566195533373338,0.9061517720170345,1.0152951979840112
-1.0743383008770988,1.1239995932662221,0.9773646044400417
1.6540190682477833,-0.4171100227025677,-0.9187009074778398
-0.29151607855095335,-0.1926868203742104,0.0970411252219766
0.4169794002140278,0.8763163691800546,0.6991374377637667
-0.6538840975459,-1.1907505842575343,1.6708463480747484
-0.20518969758712471,-0.177408639934846,0.028899653694481088
-0.41910997845563963,0.2751608331569593,-0.13886459296737994
1.6168439810271504,1.8024371552636493,1.824601430654559
-0.4186476432374008,0.12694505330214453,0.06209842082331171
-1.528351342150927,-0.6914392820384934,1.0004439778749172
-0.428128219460735,0.2747309981811354,-0.15933080515265124
-0.9871259651852641,-0.6508731667286662,1.292832380573209
-0.06080756225307915,0.9199876497545895,-0.5765366982861478
0.7480455049709139,0.13916643124835334,-0.2877445602089167
-1.253309081884109,-1.0387040412747557,1.4043358940081254
0.5228106515923452,0.842909504629673,-1.1485848084350743
-1.1099209219010753,-1.8804973893803674,0.20044443725549999
0.8003009542021379,0.25070395527233913,-1.1801472765026673
1.5228571017129713,0.3570067061755089,1.0738535434129217
-0.30841686285648184,0.40032819910736567,-0.3126688289387551
-1.4572077248294915,1.3280632747021939,0.9741245579869926
0.6864937337654413,0.7237835790734962,0.633523233807503
1.2456423221158737,-0.14393618431215513,-0.6416596479588776
1.0058752778916789,0.686040674767104,1.2593121735375437
0.4559905694757621,-0.08514395310254692,-1.3845887254042026
1.7646424268253287,0.7435340282412598,-1.1060259987554317
-1.4236846833491608,-1.2001044066346702,0.7935533432514261
-0.7189360006002776,-0.903649297119837,0.7337226140425812
0.9322902246669501,1.5409450183704603,-1.945942149116605
-1.28316437626963,0.8949013009253983,0.36164241257035457
-0.7680570858819471,0.7172429728050604,1.3422222636082848
0.8141530810806428,1.0804638623491356,1.113315148618457
1.7934816541915004,1.302870728440809,-0.8331618702307015
-0.8907526262825423,-1.399284903404562,0.9988855557332394
-1.3342756020080144,-0.5611119233574247,1.3468749651310956
0.3821601092377507,0.4609002607490994,-1.0326537440044976
-1.261385158289923,-1.1546166463591039,0.7457835604737773
-0.10869201594788336,-0.7478926647819965,-0.0253212891125347
0.7505135860334429,-0.1273667414873215,-0.9935853347946086
0.3694431372063002,1.5906161398903582,1.5520365416589805
-0.862829449071463,-0.5026123486616145,0.6882498698959532
-1.1867012274962923,0.203954899168478,0.28709548266359175
0.2375053519642477,0.9646506849894416,-0.11572410959369428
0.878430940953851,-0.3638608103332154,-0.5051396098085135
1.0929014788644014,1.1172289893194725,0.7142594327894529
-1.0171293525246299,1.023209093923358,1.3393723528821138
1.0470829673843833,0.3312954906687331,0.08413265773395717
1.2093295130914354,0.6797638630607579,-1.1238039543708918
0.01502674348290093,-0.48106860310879684,-0.39600548556125575
1.4039268357370536,0.7247398619289105,1.9009743221377235
0.6315780370871902,0.3179034089887737,0.8025634550851747
-1.1703022418606361,-0.8198017104887861,0.8952966839115621
0.20848631647548996,-0.8337326485371203,-0.22329210495911372
-0.9226482192303364,-1.539270818170996,1.0062728945886497
1.6005334607821946,0.8709280644631456,0.8996667934179811
0.12643512884357352,-0.2682172645666733,-0.06055899677656368
0.8918918529301564,1.6451473482828511,-0.6213526766678252
0.8227125230289217,-0.6102459720180977,-0.7791501661080629
-0.30824718005013557,0.6082560384068179,-0.12584057897681955
-0.7114082704970627,0.5799437041591418,1.3029980597349942
1.1646262876657127,0.6234387323991901,-0.551613190554249
1.6108529536620524,-0.38962406276728867,-1.7806970436041798
1.5982286945929705,1.511373983186286,-1.4004038177931257
0.7504639005250958,-0.11078363769086626,-0.5900904797339956
-2.0830175421524713,-1.2879958132887757,0.6303748770635738
0.6242658424724983,0.9423649777113539,0.516122102863557
-0.7219339006679437,-1.1502534642869362,0.47807324382682026
-1.086267055019053,0.6508155638185198,1.3525630115694285
-0.038049951021387925,-0.5648302425262521,0.06619662565325612
-1.1017904306581365,-1.1832100732058226,1.1901339701709965
-0.8159830704558135,-0.38382350408933064,1.50213991211539
1.1151678484984,-0.10687662626211528,-1.1148328812460038
0.6645997534464191,0.7030052888921601,-1.0858150658071855
0.7659747314413602,0.4695368081466811,-1.4206190233360645
-0.2545027339944146,-0.31143481872468465,0.25762596918288905
1.3823752240713243,0.7774336349510254,-0.9778186659369204
1.506664501279365,0.6115751883569067,-1.0452633977824335
0.9591587764434244,1.0150212306642252,-0.8397433446640653
0.36710727911805496,-0.12415845459020547,-0.26273418747777216
0.2624464807441083,0.30768611089161985,-0.0558380508463007
-0.6012564906136768,1.1122545617960546,1.7034481936780534
1.2587618093026263,0.7262238391655269,-1.5311194693917725
-0.7591526718430066,1.0288147445134979,0.9151164120395393
-1.199028335354083,0.6871986029955852,0.6961187530078852
0.7447879337390502,0.11294106559186101,-0.7484243561214106
-1.0579514247791548,-0.9827836516598449,1.4091365886203056
-1.009382945004988,-0.12037411718805327,0.25708686105259354
0.4337903732345173,1.391148908884455,-1.1081485596543166
1.2055143803648836,1.2060190745224193,2.5410925962618887
0.998370865151426,0.9834961389399759,-0.700101809824661
1.0134270592276025,0.43575193446184307,-1.0455506430942965
0.8667840897044324,-0.14665355146757322,-1.254122147848666
0.3747236765213371,1.3532439108588636,0.9688651211948792
-1.225909601668377,1.4085533181717593,1.83537710914797
0.5573068049082196,0.8801226016268443,-1.3053861213236446
1.1399311650720352,0.3603100527162232,-1.2316515348027504
0.5504486379497624,1.1512185041711533,-0.01605120598824794
-0.5702727949137754,1.089735862711233,1.3616070219045258
-1.3635078683231894,-0.32619006615861923,1.3369189308055611
1.1128002170218043,0.15055542475567973,-0.8912237636237839
-0.5273729134323415,1.93746162112505,1.3482986578353613
1.7669036593704492,0.3897713167755664,-1.4616653539118165
-1.6047533678252854,1.4637524173202088,1.3892406244060287
-0.7703715116423995,1.5598378580583174,0.46314890060595393
0.4830949219577525,1.2758831220980777,0.7988100917794627
0.8265952715185866,0.2238646281297475,-1.223526516694718
1.4753573093792336,2.010772970349449,0.7876524908318717
-0.988323798425773,-0.720810387947961,0.5069838755118878
0.02206825514858557,-0.0002433929289157802,0.47865084833089694
-0.06659423371261836,-0.38847594765519666,0.8709281524168886
-1.0089115916734854,1.1288329243067943,0.9955631984205592
0.7778907647947314,0.604990815029202,-0.7034720732368342
0.6284294070157078,0.7983485305393345,-1.029143075536422
1.2668261890913417,0.3819774370374258,-1.145324803355418
0.3021868445575784,0.7238895067051181,-1.0734161288065862
-0.667923275254956,1.3601594353580255,1.1804901277274034
1.0609419488134888,0.6710320270471197,1.4484122669297885
1.8857319770226386,0.4609163078762386,-1.1287010815960834
-0.12022775623409959,-0.17879102112241632,0.08772356525282164
-0.6168271779137264,-0.2769565968922947,1.202463062184285
-1.0970794991301127,0.24399593152682275,0.8180821130489229
1.0624362953827409,0.27502028783699767,-1.630891854452849
1.6429382304079971,1.1963899806553004,1.293951114419927
-0.5525470663383153,-0.9947826502492192,0.9282995898572353
-0.5041663974233754,0.841508128759296,1.4273517334776065
-1.6171212872971599,0.9357475521898022,0.8063304195005052
-0.6682704909668551,-1.2526606098054576,1.116481102055213
1.2185136992014798,1.0025689079243751,0.8254456437893726
1.1329256047918366,0.7006053853773786,1.6204607902090093
0.3316393760073343,-0.2967372644033902,-0.15270847866961723
0.9555095754605198,0.6384369434140841,0.7057880229640934
-0.30000907262628684,0.46199902421664707,0.0774647058067197
-0.0873392653844629,0.7529433292265213,0.38598390098705604
0.21345736424959927,1.822482851976129,0.5587166537113267
1.07922277035406,-0.8137423471537452,-1.3905702158926394
-1.3209120108558174,1.5927843073746144,0.8867127844219069
-0.39429321337098977,-0.3095122315562631,-0.4032426027041712
0.7701592567266435,0.8656885529038312,-1.1268411330295862
-0.5313128341135361,0.5295306653780878,1.1950241188346875
1.4674321457093527,0.6004716522663802,-1.4889458459948957
1.096430431521318,-0.07482970796908824,-0.6670397845637761
0.8187006363907946,1.5809870137882982,1.130697905840928
-0.469889563825185,1.3308461714263071,1.0631897249005806
0.0011703866717750796,0.07116335656466176,-0.42826734856663884
0.9146228516279168,1.596290454739981,1.0594669828808447
-0.6284271945871139,-1.2419627055712699,1.199115323767111
1.367763371501459,-0.03135467989175716,-0.9077833652597083
-0.16558118018515444,0.5940962027256591,0.8554148933224057
0.7061633692807803,0.6758990251942476,1.0802276788923773
0.5012232840975658,-0.03609715257612882,0.47040439407908263
0.22741908436151137,-0.4515853060532662,-0.04279508209328531
1.1874160646184277,1.7131622400260578,-1.0989361548100627
1.046010431658967,0.9359468817733438,1.2685360305801863
-1.6754020752274,0.5519810310120511,1.2683644993107501
-0.10747115100998271,0.13906941689799976,-0.8719154645560983
1.482614289381721,1.107621077206283,-1.3600640911494652
0.7912677834047407,-0.36446802400993783,-0.5101445075139299
1.3610712570796994,0.12945298900519106,-1.008532952652435
0.7177848210886155,0.6615841309489462,-0.737240517472141
-1.3455919396304314,-1.050613031898824,0.6358702632286863
1.3061608624053398,1.429365080964178,-0.8005240351457822
1.195595812264018,0.6703675150437507,-0.7756954927977708
0.8098431031141831,0.6656518977526776,-1.438348324319487
-0.8940898756088081,1.510156295199606,0.9393142265691083
1.2711879883586115,0.4861088934330131,-1.1324097336832322
-0.28638688927357697,0.034018344080072725,-0.09578203750623351
0.7779201893227207,1.752462827776236,0.4207944398335024
0.2819483213520526,0.5542300935765925,-0.45624591070770226
-0.5350696744350737,0.24486864744743364,0.22771572930802556
-1.0079494541473246,0.9570940936756233,1.4881131585670868
-1.2830209141176425,-1.2155161218306842,0.711915191597284
0.7201097968029657,1.0855919642936889,0.955068780123668
-0.4833928817076305,0.16483338594858407,-0.44522564047487106
-0.6995602181970759,0.1739667814974717,1.0113830324732636
-0.42137468349945295,-1.1839437049260562,0.8281460085889965
-1.2871675562990408,0.9077901499278996,1.471890083344284
-0.20508960030767676,1.3645450888698887,1.0423015165085923
1.814884255887343,1.0588307309783895,-0.7957858486195055
-1.0247056799440515,1.1917766072344256,1.349806829653009
1.067839070557974,-0.20986751222614572,-0.6955230509193966
1.2608320949419631,0.335690057867516,-1.883311207952037
-0.4551470385259683,-1.0945795346943437,0.9521521502524914
1.3381093188168383,1.2415125878211835,-0.3938727622704792
-0.6111772137041112,-1.0053218541514541,0.7600711906720603
1.3008185534475318,0.008200691747067388,-0.9998725554139727
0.23089129117506546,1.2308288735340558,-1.0712093160255354
1.1057926739805495,1.0254809439063084,-1.0867308200888575
1.6846833920569373,0.4512395428274575,0.3545754408493035
1.2200208396098207,0.6126622180545458,1.042150202458384
1.130868221151116,0.5515463948968311,-0.4479444244525941
-0.7727587179485416,0.5801378004360236,1.545025141084981
0.8648488898104773,1.0008926488649608,-1.109857499746519
-1.1081466787044678,-1.0109537281614975,1.7812428793090298
0.9923935168389245,0.5989882541448764,0.9925947456030441
1.112396747094013,0.7509201920717625,0.9167510998570899
1.8219239274554595,0.4596058784209599,-0.9321259636568995
0.896481574933159,1.6394588682018867,1.2243677791764955
-0.8260235846528405,-1.1575946724972481,1.2151072761473936
1.467112824663923,1.1017683373204852,1.1350410648300808
-0.3390508849987537,0.3274378473372853,0.3687745512030467
1.5813537908470803,1.6318288582922849,0.7908559891386927
1.1857869878894238,0.46005472147184645,-0.9735623014804097
0.787601217999273,0.7507437894300942,0.7778091523358981
1.4312501583179087,0.9655131607970189,-1.0518692208114402
-0.9950002712370999,2.1473612222667073,0.33256029644872187
0.3250883681435326,1.3324844412799024,-0.6513776134847432
-0.879437172087553,-1.0146320159507383,0.30487815366140014
-0.27858443591467535,0.7456798103549399,-0.26852303654843446
-1.1612303956260124,1.7966213208818935,0.6671754780600574
1.1258839769563038,0.32235911080042756,-1.0122372256923022
-0.553327489972991,-0.9071621448285851,1.199553277907285
-1.0256736645155278,0.5957607120284346,0.7939126424767029
1.073539817901478,1.7202044726043415,1.495578541175775
-0.8345534969713277,-0.14576530796905351,1.1128136876837371
1.450626011819103,0.8924445237780678,0.5573896365033318
-0.7070031588880791,1.1154894651300093,0.33804502550868154
-1.2434358892958801,0.788408916774394,0.5773769428958988
-0.2586113917906058,0.33870844360329777,0.007599632903948402
0.7895860629329678,0.1386628320515022,1.4388610847014782
0.924323927489968,0.9654648567013092,-1.8863289700082673
-0.4971486344252539,-0.9076309091809606,-0.39082885845656046
-1.8873391040204326,1.547880443061674,0.5655781671527655
1.1853206040936923,0.8667809516097911,-1.1103582885760694
-1.1502534663062143,1.540445635994686,1.5170981158072827
-1.8822264228396277,1.358826478754853,1.509950016511489
0.6533717782298014,0.13960490745123175,0.31428948547273694
0.6940926840589865,0.09698518868908433,-0.8704979731074026
0.9900678743493412,0.1650565445771863,-1.1719331292591415
-0.7796809710905347,1.177909523132638,0.6697385268791431
1.1119874505279281,0.5498043810806494,1.9783007918467306
0.7315155699464444,-0.06451417346445802,-0.45108843462137005
-0.6912815291057355,1.1425011154824334,1.5046077010142063
1.4074149710601578,0.484199972110408,-1.1206319231164419
1.2486287559424203,0.8521558655825464,1.1508401575608747
1.7584493105017387,0.4556660086795683,-1.443782222178488
0.0653790986469909,0.05153984854236572,-0.08633230217446179
-1.0676490742571265,-0.9681705860231337,1.3035297664654437
1.5582735243159824,0.7751327893686791,0.9163112505021889
-0.7257641014806334,0.9433405655959493,1.4665482182677008
-1.0006856614676256,-0.5641853667693437,1.9461631087999893
0.27548509782190783,0.24389508933468204,0.5676257653430085
-1.0071579908033401,-1.390560019465519,0.9818982792142654
-1.102820963525226,-0.8889789946025873,0.6267575691251563
-1.4533684073170492,-0.860030513900243,0.64185825053632
1.066343610719469,1.3347964618534696,-0.8526009652643844
-0.5012433137861122,0.9751983962535873,1.3805797108232347
1.2742625570054844,0.7443225864999368,-1.0625105346820172
-1.415196541995692,-1.5415018698839034,1.2937906980004872
-0.936762049653276,-0.672104113096762,0.9218109425656105
0.5084120397724562,-0.1308293723455146,-0.1191797459252892
-0.34020764227043154,1.4282442239916744,0.7081590120770362
1.356736231837925,0.9381401173756666,-1.7253173888068636
1.3985553702572038,0.7430363506598663,-1.0241122996111927
0.5967654756330383,0.25168323158965766,0.8593946063834765
-1.484064201192354,-0.8245682836315978,0.4519893490542283
0.32301414811407225,1.6118201277842457,0.9367968405684042
0.5057187911802363,0.931183456293811,-0.4247323195417192
-1.1499288226487225,0.5845824716624111,0.3474896738156218
-1.734307502470836,-0.4445341919590071,1.0569511650041865
1.5206965157595191,1.624604478690741,1.0128016596263067
0.8574092125481824,0.1448098203953863,-0.9782638823432499
1.070241419921748,0.9392195506112057,-0.6762965487506805
1.1081827303119356,0.9799047562203452,0.9044207812534361
0.8655185053332943,0.08790323357605728,-1.5734255691861763
-0.6495812829880823,1.5890682703003929,0.7584077496123082
-0.3385593223110751,0.6976412737863914,-0.08550809922493957
-0.8997487071586792,-0.6765715972439532,0.8942576667186133
-0.847458866167886,-0.45378941498949366,0.7479428679430613
-0.4383356652015832,-0.4417807311419985,0.17341664418901173
-0.09930044554443743,0.12371135405067778,-0.08508796677236774
1.0385508492456144,0.21901592806762135,-1.4513405350043111
-0.4753461165713777,0.676939776901294,-1.1566279909424158
-1.1224055817429635,-0.9418291130376962,0.7185158402674267
0.9030847607286446,-0.23590369626685415,-0.47992938927474427
-0.47398077649043,0.6419738007015607,0.4277789552496759
1.4300413815235755,-0.1365218058640237,-1.1014838940265594
1.0576123607916905,0.007247391050348534,-0.2871903549194109
1.060662908858007,0.5904976209168598,-1.253435806197525
-1.27870872737183,1.2328106268338908,1.1041769053334223
0.14926660488029375,1.0126487895640992,-0.8913265661999877
-0.7230358596725831,-0.2758622019603776,-0.021284974509193293
0.8689351413608927,0.8431567387471369,0.41459402074715257
-1.2007136771246127,0.4510137808463597,1.1291898014470672
0.19403950699735661,1.1337308218214013,-1.115992541774656
-1.3230365360393184,-1.0893890020947756,0.5820654744387714
-0.2794279602934048,-1.5206351931213327,0.2587926068409723
0.5975930474001192,0.5143245548849071,1.4632443494000271
1.2416206579686493,0.8359882353844357,-1.0283347391664361
-0.12093982653270026,0.33665290230603007,0.0736868918120374
-0.56418696656511,-0.5190913502724931,-0.5848441820781659
0.7092020697131773,-0.30750673142427726,-0.3527726075335842
-0.962736664920103,-1.2043956680782908,-0.021419838422359394
0.8763150496595141,1.1325053725614256,1.3902180508489437
-1.8297945404065246,-1.0088139456017082,1.4487446019177008
0.8405192870067242,0.030949713104333428,-0.5262802275373097
-1.3096815273411602,-1.241049721845823,1.0007132164418435
0.2677753486169874,-0.044850577444537965,-0.7653361338891211
0.24398055493279092,-0.09274740265031597,-0.13680693832191002
-0.5908657665249527,-0.2041164638252253,0.4410768184297513
1.6368099594304333,0.7649048122720407,-1.5772803175143175
-0.76414430745704,-2.06073122521798,1.5465557647417754
-1.3701698504238349,1.1021535022697269,0.6418614710547903
1.5139667139500332,-0.18955314791428765,-0.9911729196252546
1.2574675012089964,1.8309373758279812,-0.11741240804613107
-1.9537227155142984,-0.701939654286073,1.0536665663983373
-0.812408768740613,-1.1967827619477933,1.531222755594787
-0.23608584488019582,-0.04819896555974381,-0.7423733148753747
0.8791611835901577,1.634960240966215,-0.8400013788225574
1.0358322725020996,0.9210646318770696,0.9394906865385954
1.1065181425762494,-0.23879481241821265,-1.3303148501018027
0.9742409837501168,-1.3318015190032517,-0.9010666793269905
-1.1311225839506092,-1.570407246848181,1.1575492872658972
0.9835007484083188,1.8636484618413167,-0.9634741085554601
-0.07508064234961476,-0.41549377366506807,0.00294026996787966
1.0457235012236992,1.0007214025425657,-1.4357370550848425
-0.7521154216135455,0.7458550444697483,0.5241333363638554
-1.2343710693271022,1.131642711484052,1.5011370537709934
0.4740027934332063,0.4246036628703377,0.40336638797719654
0.049207469410702254,-0.22021358728028054,-0.24669204398256067
1.2969154030313215,0.49822272587345023,-1.2337639098752955
0.6317667096654089,0.6065153802224057,-1.6280946616327379
0.34120607529739905,-0.11124794574653363,-0.7615037622578374
0.0582467987307565,-0.7568134289942681,-0.02485442658772341
1.6140486959250608,0.5240779424217202,-0.6541660832992915
-0.33977081470686077,-1.251684859811777,0.9871810023345146
0.8948100343937183,0.19492526522132644,-0.6829039294776912
0.9450512846402414,1.156185939971556,0.9587112988270015
1.0071879660065883,0.22609884958989201,-0.39430096000764514
1.0870053983755141,-0.31574094636103095,-1.5753706875101616
0.28715396720606845,0.06278435933926363,-1.2456152646197645
0.6127948141642876,0.4591211167039011,-1.2343803074855249
-1.7797487021289693,0.17985701708631985,1.2956721978806272
0.9191229390264424,0.9129275187091119,1.439510740794876
-1.454813153258995,-1.3287259313685384,1.5210361587144927
-0.9168789970586746,0.4829498611390949,0.7871325747491242
-1.3809265522955187,0.7292019446165874,0.6909362218916704
0.9792180916396889,1.112539338995831,-1.137993264782827
1.7318250385284957,-0.23013494721723166,-0.8987265217202804
1.556583186782377,0.9151022760640277,-0.9868905449776875
-0.39376521847008483,-1.2930261730049735,0.6033242994990202
0.8767862863257034,1.311864212907736,1.5241234984478433
0.650132123630078,-0.5446700121854524,0.6769252076419503
-1.0942844979426674,0.6242147032056069,1.4476979670256385
1.2487239848868785,0.3719101120438174,0.7091451296700526
1.2146611010109145,1.4742816618651988,1.2875813242660268
1.3712062636606748,1.0833967882302322,-1.941793169078641
-0.26025514344544753,1.337242132929296,1.4651354310139943
-0.694455859346631,0.9787572793212358,0.7796072785847001
-1.5434296061029897,0.5681054714896606,0.191280544015221
1.7982669959135857,2.2439674224021444,1.242689223654473
-1.4280766251577326,1.6876162451367285,0.6414669365631753
-0.9990848255425984,1.4281460640919719,1.5087569687754625
0.8269449934665887,1.8742922466890297,-1.0986284217038298
-0.3646373506344584,0.396024492286544,-0.4624509468604129
0.9462883351254784,1.5690992544399762,1.370486160896637
-1.4536684581111161,-0.5883278255488131,0.28234259552055985
0.20320491642183988,-0.28527692174645314,0.09052168309805377
1.2685080546821415,1.2984095811931264,-1.251016001097629
0.08626750837344743,-0.14101849709464798,-0.1763608754443422
-1.2464573832195773,-1.4160794843821893,1.2795262681121906
1.153683688659785,1.0431040221810173,-1.0999574943248185
-1.6502176134248243,-2.002628628214687,1.1189848212471265
-0.7614235449672989,0.7462856609242388,0.9056120051156114
1.1815620917765388,0.645714480080124,-1.2499338473737929
-0.5457519411268223,0.5574825950353464,0.6701943353889306
-1.2104991426069684,1.5553351112833793,0.8459912753148545
-1.1665753732992101,-0.9992092620976757,1.6131493422545247
0.6200017185921218,-0.2211003148265288,-1.308859585484777
1.1053948861324239,1.1176896516053976,0.9062368798734712
1.1026876691182963,-0.26477407196697106,-0.8403980963024591
0.6661008935778783,-0.0714827538253983,0.2499271292215501
0.03333814039003676,-0.13335202224306628,-0.1325997553198057
1.4343928464700129,0.7856146219543808,1.3232231193124582
-0.6094274491207727,-1.4528596562864027,0.5604334981087224
-1.630798592876399,0.678870222419663,0.9704108545622487
1.2162358167248963,1.247633267755204,-1.1502035922557998
-1.2823093932381462,-1.5567833523806924,1.681640831223647
1.0707048413001055,1.0089402219865462,-1.3946636110896442
-0.6297311161989113,-1.132309958409221,0.7959356745399131
1.3133562037130382,0.8993844455822018,0.7609959221233433
0.08139280138091506,-0.5643209140363837,0.14266704289993878
0.8283851007629338,0.31808563768395415,-1.0991816829311558
1.1550719516131385,0.4890253584618629,-0.5373673393623041
-1.0455250153655031,-0.5659110945353474,1.015422067513727
0.9922726782912658,1.0406520214133699,-0.5331129066782507
-0.6475413116746523,1.0005302754937628,1.1581683941552152
-0.3459734421889922,1.5246773797090645,0.5631433626285067
-0.06260153208368406,-0.22069514073291716,0.9206699408203098
0.0196378925222686,-0.5406830128098586,0.2743561825751681
0.767175466362795,1.1596176562586105,-1.5280308750949207
-0.894579675218086,1.513638317579247,0.02944317178591671
0.13683979262295265,0.203044729177299,0.4401571569114917
1.3783718341081515,1.3812705017317415,-0.684369919440036
0.6756569955158647,0.49696885643415345,0.9063920563572074
1.1783355500916985,0.31109722641699233,-1.2881820282700236
-1.299238425848659,-1.7869300256903977,0.9915020882895031
1.3461434836200281,0.0357442954384958,-0.6061720616171206
-0.4460868911883677,-0.31725386544557477,-0.4762983202946687
-0.012115009098532026,0.8855983112479556,1.4403838539994285
-0.6923873378230898,-1.210955624655848,0.99795734718911
0.5162258684163765,1.497130757330731,-0.7091328044431597
-1.223518327553983,-1.124828772821093,0.8648739623234387
1.1078414776252976,0.9050275233341273,-1.2018861847340605
1.2335348326156237,0.8259007211979327,-1.5635842987168158
0.6766025588427249,0.7992971825661854,1.3661608470808297
1.2598325326584692,-0.13708711075125776,-0.5686295222108213
1.2804524802851671,-0.365121794640478,-0.9425640698082032
-0.8133316072135676,1.6084024908637522,0.6204333916700651
-1.2614716562549675,0.67744922835278,1.0302779760020373
0.8566422067887906,-0.7579337470328844,0.25616916404089496
0.4674891176924947,-0.09812299447512095,0.24910765009102007
-0.3800418276582598,-0.4872704267229276,0.15852787280314518
-1.151203159607287,1.0925783690102289,1.2585958150903083
-1.431405096545839,-1.070117811961605,1.1597270406876523
1.4160231563173558,0.5924520171733059,-1.091108391649454
-1.5211379054098981,-0.8191728646961316,0.8576103662456669
-0.24492493706392382,1.2226212498135034,0.46580737236004344
1.341244105779896,-0.04220997550838165,-1.1072130349310443
-0.3101516118690426,-0.27832384425046625,-0.06373143100374039
1.470800254716135,0.47501307862058006,-0.7854443124609696
1.646817969808673,0.6918300803448485,-0.5426553879176688
0.7552923636378859,0.9851852811806352,0.828279110193096
0.4683969451106207,0.7030687948493712,-0.7892074434544988
0.018484641468366862,0.2995744455223707,0.59765675890673
-1.2526310916661325,1.1012660952151925,1.3281376050449825
1.4860262422366555,0.760355515841474,-1.6352908394831283
-1.5463296621661757,0.9404122760930812,1.2011137707580777
-0.35619173368961077,1.0909983502928216,1.2543871002846951
-0.8633359072189495,-1.108525991227319,0.5133676783457162
-0.06733505369487634,0.09578679551217398,-0.5483368179316023
1.8301603194581757,1.348449881372677,0.8695905871328635
-0.2408931933016092,0.6208429130924055,0.6662707818033671
-1.1792898465200599,0.7230998682936414,0.21243074303356668
-1.2531521099539167,1.0757313229169496,1.1188977093520496
-1.1607180107766535,1.2725449306301222,0.5385230874640565
-0.845470672875376,0.9182115116055514,1.702190279326196
-1.7084274212352364,1.1886169521672822,0.2675420486646599
0.3297678201503622,0.6773920670173754,-0.32911979601356145
-0.34375417460468505,2.260822693804834,0.5506023867041607
1.2453062178644576,1.455110712267465,-1.568539978127419
1.3292682335847659,1.0293271868753615,0.48401564010357845
0.640612807283585,1.0112724629476513,0.9963524013423186
-1.7228165579727266,-1.1099381202679168,0.981495513093463
-0.6972845280052071,1.244987517605441,0.5933267485694012
0.7327423657844023,1.7493191104870183,1.4320192262858593
1.513641878071559,0.39710967184642465,-1.2226871591428652
-0.9697305837546455,-1.1729180716429322,1.509085893588506
1.4889608646602008,0.024871691924915052,-1.7517867855784666
1.6666653036910093,0.7286661482658026,-1.245657412498874
0.7838494644051782,0.6794064312675973,-1.1593781099957468
-0.1727095833976704,-1.5591221913697189,1.481030602090091
-0.9286093344458441,1.5715430831254271,0.4103471471831577
-0.1996807993103721,-0.2873935940644466,0.3133862593298939
-1.7478966798781683,0.8445916899267962,1.076169555970023
-0.003344314908582704,0.39033475664952716,0.23398139723457773
-1.266875633911002,0.7068124403504964,1.4384279629909593
0.20261375655436706,-0.2633894381045024,0.06956940479006099
-1.1948811684779708,0.8592314728733963,0.692001573521017
-0.9182443873588093,0.5191401895695644,0.8417277152974945
-0.7977058270108804,-1.0346804544592836,1.5030476225437441
1.0738721223459633,0.4611494841881214,0.6113543845957394
-0.20047085478121407,0.30282240072776684,0.27597611075843476
1.2259156423630593,0.9151641320318298,-0.7831187972363806
-1.1660855071621086,1.0136109644288929,1.044549040736021
0.9053850466525859,0.47538034484052727,-0.9247706572032908
-0.7840941948686632,-1.1306143410138285,0.5316300424770185
0.01314534959208527,-0.15311136068382342,-0.046595341052413905
1.2322270748142459,1.4836922588895751,-1.0097145982680102
1.1710707084039718,-0.28174412968835266,-0.9180570799129237
-1.2387897146884295,0.04387825301222481,0.8351117019902119
-0.03133233957206289,-0.20618770923354368,-0.19206491327721778
-0.6808021801551054,1.3694034464189475,0.5797506712688796
-0.9165171227536262,-0.44339883631871335,-0.6281303257012066
-1.3782027519770925,0.5386597957616162,1.4549258169458916
0.5622022556660415,0.9438897657798286,-1.1342063328132264
0.12973223640121856,-1.5275873993210043,1.0080425867476392
0.1632384234279778,-0.3613172443116437,0.37365657689347787
1.5111426620122055,1.2281949323454295,-0.9593107166112921
-1.2745116543020338,0.42693148410413884,1.0583345880861537
0.9882948745260086,1.4504201003088673,0.9794425105646055
-0.2397422820211988,0.4941727103027203,0.03801115410882922
0.9128196375025845,-0.09356319417795778,-0.2579525707858614
-0.3306232457508059,-0.8233013054489771,1.4908138388195489
-1.1132607539519503,-1.8100159654704693,1.0632375594307144
0.6599966980958456,-0.11151799190862122,-0.9730119898971108
-1.3380615833704637,1.2213555932297706,0.9864299096288365
-1.1062370533049646,-0.7262198089454288,0.8315204733548347
-0.8270948197463378,1.1880176749472808,0.7169496420711896
1.3631919031220536,0.2584181373714926,-1.4432698785938987
-1.6328707053384508,0.6238404334062586,0.7756956372080559
0.827417742176046,0.15196511395193024,-1.2944254613874058
1.0228052499588338,1.1074369115453027,1.6113873705650126
0.0424290305547353,0.28311664566200706,-0.26379817473537115
-0.14103723882576288,0.2803889290815863,0.42933607074541813
-1.604016484794101,-1.0882152916626149,0.9225178480780152
1.1805291298973646,-0.45467724756832606,-0.5058064921987724
-0.7795931759094802,-1.2933928266713117,0.8796696175870805
-0.7810940810488132,1.2195535341269457,0.8980176825785209
1.7504683356863544,1.38016953527442,0.7692385377350388
-1.1645972578248722,0.9643063383114204,0.9849717420082075
1.2054400426278866,0.7869196641352354,0.5320332657158848
-1.1866296284811106,-1.251468098812344,-0.04725327947691205
0.8063063708534994,1.506764459674649,0.7169322137524876
1.448274282569038,0.9466885139083379,-0.9178054289759919
-0.2021788838614109,-0.2042735752782603,0.3486897696736546
-0.6128822123986295,-0.8404031369993218,1.4200196166213708
1.2367256534965512,0.8583837156235905,0.7705592908412396
1.111928638377711,0.10611533791352326,-1.571730588389626
0.6886781098390748,1.0783381020390725,0.6086508889539872
1.1023777508313386,-0.6920888504581942,-1.3107095636748243
0.6633970164353875,0.25327807146876613,-1.2657071459834328
-0.6685329070539089,0.14842149528614526,-0.2939900405029064
-1.5004796546534713,-1.6130073107318657,1.6317751566779437
1.2873326172776984,-0.040479050927012754,-0.23966727397370202
0.5199484974122418,-0.28561669751098195,0.372354953116735
-0.13200274744995452,-0.9476097246325006,-0.07894206213386572
0.9452041689224231,0.5432232723354753,-0.9760378972814246
1.0108708670689857,-0.24853268940879172,-1.1482053426375478
-0.9546422432133242,-0.8164023993302836,0.9247190244908715
-0.47272117310638984,-1.5432699685910376,0.8226946140728388
-0.36507150427834684,-0.11146253355172375,-0.15499546530787617
-1.0080395007078606,-1.3084801198197162,0.29041215355514816
1.147127827377546,0.14379437590954317,-0.8338481509976041
0.8433405730312835,1.107650776498043,0.8627230898010358
1.0967849086264136,0.23468790213688084,0.3100328669947868
0.7224782328392709,0.9602742648831871,-1.1089707603723487
1.223330765008689,1.0304021565649646,1.2155023969785477
-0.6764322922429122,0.7662178832598248,0.7002569242308889
0.03516358941227393,-1.4798901060360854,1.2795678740323155
-1.261813428399324,-1.8198058064753302,1.1494134733647074
0.6650476841270132,1.3583184872943714,-0.6298872429132674
0.7908875133735316,-0.016979411604702406,-0.7972754409347803
-0.616645672063183,1.020664390740432,1.091629875282281
-0.38620715928219396,1.4489496874812637,0.8160941536678095
-1.003865768525339,-0.6484144107717396,1.192243437338939
0.9260499291221636,-0.3078828396951422,-1.251988012742276
0.9742758199523016,-0.485096245949922,-0.7405813009468009
-1.3571150061967536,1.2054457856924385,1.0138854995010247
0.7276934213683892,-0.14752130607554748,-0.6216236157442249
0.467874549704404,0.9243518436891867,1.3686600447697836
1.0985391811793996,-0.283274464543833,-1.1128308227505395
1.483329314378893,0.0979138478413999,-0.7551372772177793
-1.5688918598024828,-0.6629944414179982,1.3019835064567857
-0.5234736523956557,-0.061400278227913545,-0.34657910798095937
-0.06751389496637973,0.11325232892781001,-0.04082255625153919
0.6856042157968202,0.4675068185768888,0.2655178507586813
0.816446294852424,1.4314723333725183,0.9845966121997172
0.6635806278406822,0.6731553555791326,-1.5948616942839084
0.9087394602847063,0.1129799056222402,-1.289754066048868
-0.5284536251852243,-0.4755350813585534,1.3456279928555788
1.3692179308907049,1.162437607539467,-1.3256613026390414
1.347612510212336,-0.049782651885768844,-0.6531372443599255
0.6406341314606567,1.1967676686026023,0.47190671719174315
-0.6207428198111802,-1.1223817726126368,0.5054086853630604
-0.9863967615087412,0.4539912818293459,1.2805979127698859
0.954019627403263,0.4071074305290765,-0.5393337667810097
-1.1826790460092986,-0.8644025944762321,1.1824997954114131
0.8431949440323482,1.4239745536186488,1.246802379830679
0.5937970244746715,-0.09115371535276237,-0.961756982354969
0.7904627318746419,-0.0735954640411857,-0.7977844492387167
1.2307681642737172,-0.13937118011663763,-0.22393734726597492
-0.5962112845616125,0.6620234245626014,0.40039361581663946
-0.14975601328276564,-0.3706053019118993,-0.21341745032923273
-1.073820576874378,-0.7630681811946627,1.0397255259805398
-1.0778789184466726,0.9743247291566008,1.0367009937793492
1.0803297158697895,-0.3832317518565443,-0.7315895954444604
1.2902360701929285,0.5759816165714523,-0.569749282392936
-1.4787154585705247,1.3574790757556443,1.3571815480435077
-1.049954754140027,-0.9937208816168966,1.0874637227029191
1.283973099258895,1.2554173269070397,-0.3209504881162636
-0.43078181635117857,0.5511897335701655,0.8594825175748206
-0.8879818629210382,-2.0698268512616567,0.2996097702379088
1.6513586492514154,0.8483489036050051,0.9185678559590553
-0.2681519193135651,0.8361253629482011,1.2849288638320648
-0.7494261310184223,-1.03196338106502,1.082030135693852
1.3417477281397685,0.7451038745521129,-1.2517496844825824
-0.06401546943173778,0.13019404492984707,0.43983378573106785
1.44167006261747,-0.2053586723104246,-0.9175458481509584
1.1408221586057188,0.4993842303238224,1.577505841629304
0.8809745986560032,1.5502827253246478,0.9399777651869893
0.7296249340784691,0.5290193851326643,-1.3437752747181244
-0.6573190079029777,1.6709508351221958,0.6779312993028495
0.8629249623678605,0.8514236536016834,0.4369953221128715
0.9249224274312939,-0.55973721911435,-0.9274088472483776
0.5736789154604967,1.2379417493588978,-1.2452847569903986
0.9335031710716678,1.0718514775600012,-1.241805544223918
0.9425673645151462,1.167405823662822,-1.1986604208512988
0.7349504964216613,1.2282394674372639,0.6946963373829933
0.7745101788784101,0.6711118417734274,1.097474884596765
0.5712571067839378,0.3784964935935742,1.3271558632100116
-1.2103518703580816,1.0711000425072126,1.1601925546025316
-0.2658803620604056,-0.04843017295622155,0.546224148172871
0.2965042054307543,0.5266965949336899,0.18430712889595968
1.1951489139484295,1.7217392439146972,0.9236384833090805
-1.344435164069428,1.5613479880500765,1.279161309015611
-0.6168833542108377,1.0830413405602504,1.1230706613604455
0.7222006359007795,0.1739571850709354,-1.864365041106689
-1.995123462614032,1.5107861544352752,1.1352093924406832
0.6037854699477246,0.7734809081588913,1.0398605460350565
1.8358154886779094,0.35693558915277646,1.0738962315582898
0.5717334375239287,0.6862716118798977,-0.7246016101753734
0.7128587142583858,1.3183455249364906,-0.7382447463756947
0.9645575574605563,0.0012791962461153588,-1.209943784129774
-1.3975450699339413,1.1680766171579966,0.6574007050363204
-0.3535691799313382,0.05723397481119777,0.2025546988931579
1.0859267757945286,0.6007516535185276,-0.10440348966892543
1.302812826021591,0.8989500524789453,-2.2966055301316484
-0.8169253655785792,-0.09900193709009386,0.8001079295393477
0.5889299436296167,1.5062831363458802,0.6535300607141996
-1.6691575605246296,1.1616851461109328,1.2863490978763839
-0.21082644729590966,-0.4094638984522858,-0.11427461923690543
1.0787444943476494,1.2953866319981642,1.068547312475988
0.3662689688606411,0.569713365709543,-0.9365266705525085
1.3162744840103362,0.31440691632568346,-1.459671840886712
0.1833271756501767,-0.2859229035965882,0.7178099393568849
0.8292475720210319,0.5951582498959329,0.3380573312536922
0.8304665847174068,0.6937555371879249,-0.7063574656771006
-0.8197547802274446,-0.9668908384858297,1.014713133269694
-0.7729488349983235,-0.13191930281833594,-0.7949240918905714
1.0113273504521845,1.011902455798298,1.3753135223903992
0.4440879427229324,1.5408157463897303,-0.1602369917989962
1.0502234089894311,-0.27938950328525847,-1.0325118192054343
0.3498958486321029,-0.12325905178125499,-0.7172614009816602
-0.9223569476186569,0.7875142821569606,1.193550660475216
-1.165557976909943,-0.815681102553613,0.3910662726873023
0.850071676980161,1.2843839872813967,1.1777053245944158
0.9332641329224317,-0.038544514235289346,-1.3461558020180908
-1.38351138247471,0.45899652422371107,0.3665646440849679
-1.5019690672009172,1.0738841899124334,1.375166215004262
0.32934273179086904,-0.7918377103410114,-0.16537552095060412
1.3287610017500895,1.0348188272952685,0.880397059813653
-1.0783141083874326,-1.4169086352188993,1.2281684693443182
0.3988118686419386,1.1014958645978294,1.1870772687061732
1.0667870493336653,0.5842721328516548,-1.244305062292695
0.9953559542179826,-0.5136792843644643,-1.2254212724994804
1.3014577126533855,0.3134641896906831,-0.8230654960095212
1.599204708121771,0.8748654107793912,-0.5876322646532371
0.8346205186112818,1.114554697582156,-1.0754379316589953
-1.7326728988824105,0.5794760353442622,1.5989726732718506
1.469079030874027,-0.19040709903957725,-1.377925796096688
0.6722968561114009,0.8095116505821364,1.349755672285091
-1.1195280356116817,-1.1432977511630031,0.7790954991549566
-0.809764625628567,-1.6987582765382219,0.7844956650615618
-1.7669395544041198,-1.5884505621494074,1.134511155699025
1.220502368933884,-0.4557144636841072,-0.31961139223340007
0.9964516270841707,0.4534753992394036,-1.5299332222810538
0.9517995767106702,-0.5549146053723465,-0.5773078276897288
0.8933390683062341,0.8283022318805353,1.2354213079082879
0.8205217269522063,1.0937037057827061,-0.7604014633262943
1.1620960102196582,-0.20786979128145414,-2.0313171400562124
0.31405063418402185,0.3375805602075725,-0.11347448837086911
1.1176328155172857,1.0653338722710153,-0.4153131934971527
0.4461927922300013,1.3950914063698399,-1.3102425445750412
0.11726289012918734,0.5413806245904474,-0.004222573952341327
-0.4945173289381325,0.6614736090137057,1.2173917514680372
-0.5319205163213585,1.0537185988991171,1.0318391449504145
-1.147113810628422,-0.7189866744264577,0.46702066084217364
1.0789262829622381,0.7529392418262599,0.8735708575891801
-0.3855372908580219,-1.0445275395191203,1.1196342936084425
-0.5765085880464484,0.9308793050414143,1.30876806193467
1.1890389929652172,1.1024118937255503,1.3930763935782056
-0.001657033977661783,0.07390746009960956,-0.09916641029720355
1.3882534690445774,-0.5093021807227438,-0.9454754817745329
0.5091943690845857,0.7280376413012675,-0.9260149650631654
-0.0249334635181242,0.9235888949599323,1.9650461686451663
0.8169292028046268,1.4285903721018238,-1.4439000511553097
-1.0760963377652863,-1.5989786674422994,1.5452915900529
-0.4652123705776159,-1.0329014798685812,1.1225803451853362
0.5743425856343592,0.11382671618981051,-0.22442034080890721
-0.12468303698688579,0.2646946448387792,0.09127491558438217
1.0819191509127668,1.1636563691103976,-0.4340637348697781
1.0806954619184175,1.2121476755995197,-1.0478235026505585
-0.20793365829009047,-0.532979912399282,0.25256744250896257
0.7805100369036154,1.037137960456446,1.0639425567989602
-1.0436093679853855,-0.986249876389416,1.064235773268704
0.4682379586699673,-0.5165822257947857,-1.4682650120800755
-1.9614674404402122,-0.443017623406773,1.2689173632161608
1.3961198188398096,0.17828365605414678,-1.7203082807690544
1.0057148847535957,1.3643777615357902,-0.35480873176277816
0.5736004014921844,-0.35465566768183926,0.2691027148797688
1.6079808023657196,0.14568006050607774,-0.6960851052187691
-0.4259650403111058,0.8610790844168628,1.581310190417018
-0.6359136865341019,-1.0734112688628612,0.5163205155041575
0.5208488429644607,1.7858900531665558,1.0141054207886915
-1.0994463415066709,1.2506454549052284,1.0182255524567594
-0.7798360690904131,0.2668875757218113,0.39349441756142556
-0.46137133495588156,-0.42253187233350464,1.1165515939263784
1.2745040761498054,0.35491365152413934,0.8112272536842267
-1.5926323086205474,-1.5357879099831027,1.0540761363949545
-0.9312642640825876,1.2213004879939136,0.5297621577500593
0.677396148389767,0.8163118408043037,-1.0704536790843113
0.732887042284684,-0.8785785046572396,-0.8116524562498477
0.5725916983670245,1.1381656726575415,-1.1536726662827903
-0.9661926096738691,-1.2854338679628703,0.2716958888791935
1.2209959817668592,1.0895656536258647,1.5456561719895379
-0.03150115449785619,0.5222330863242094,-0.2853243601120846
-1.1199352785099523,1.7616546358292027,1.6503835661448254
1.3398338124186469,0.11257201361956015,-0.0324888882746146
1.5027512126699687,0.36598213320408957,-0.9847687922414163
1.5121408083348542,0.6165828779329015,-1.3424339488003645
-0.4176710711412933,1.2818026159298892,1.3156226749502076
-1.6985866902316133,-0.8673409331496948,0.5811369725238942
-0.4714291139080695,0.561726512797981,0.09809433915769455
0.36820383002627155,0.6249060442620278,1.17809851597404
-1.0417433797752347,-0.28980366030398064,0.4083215926568934
-1.3083275210914758,-1.5113410515209298,0.6418288156299833
-0.4753538682960284,0.07751948550683681,0.41082812025765564
-0.016932758264085104,0.3627336585491705,-0.5807338980673741
1.365356436320873,0.08491984706419065,-0.9037676969093631
1.0710804003733014,0.46586225651595947,1.1520791404023853
1.4261921500261405,0.7930846199598511,1.563738976074232
-1.6756732151869047,0.8114945037189921,0.20980489151314496
0.8371854748292877,1.2745273827826804,1.0423577812460938
1.3127770141807673,0.9738359065618424,-1.0054012978371907
0.8027996261364668,0.7642540972223154,1.33984083880841
-1.2636157099554581,-1.2296402701134395,1.2145655599565375
-1.128463615482281,-1.6342502827078371,1.456027138598064
-1.0271485526797928,-0.827347348144961,1.2958701872471334
1.494437270084175,1.4365240482377075,1.243655248362871
0.11429272564617943,0.3270138039381191,-0.6689369961059205
1.3389686708601687,0.7858687256184309,0.9637866870783357
-0.7458683219135175,-1.0470669208771413,0.8178131775001038
0.7394652275866201,-0.5230570324373762,0.10946404768500076
1.6236729161929406,-0.019510505800246748,-1.498557399415665
0.9951903884347247,0.9041776564251602,-0.8043286597448825
1.1562783683712576,0.46941114867556677,1.4189270826485794
-1.1572211028245605,1.400652730083424,1.5573818110097726
0.41217551425471655,0.5165875556261453,0.12280122400214469
-1.5276988778395069,0.9188077450417371,0.6799845742409414
1.0856675764527,0.6093518736545775,-0.9358924570329693
0.7138785162960126,1.2718390995738704,0.7078533473131453
-1.0488228528485108,0.8168606455270043,0.9362551071416374
-0.6895085981103575,-1.1935733779804933,1.4948723201156038
1.2315639272276537,0.9742649410483334,-1.1820687135815056
-1.191058233041602,0.49794585121064205,0.948938127392724
-0.8875078031125583,-0.4041602362209403,0.49185518146996554
1.434314529975739,1.039193261388358,1.1232202158016409
1.0557278522918239,1.4443644578937733,-1.60032080610487
1.529047136504309,0.037383396706541096,-0.8431821984525977
1.254847616164491,0.6233536047523127,-1.27168877488724
-0.3606712769435867,-0.7065808745976536,1.0035134619592592
0.053399767624548594,-1.189322468517023,-0.5062545780359244
-0.6956613382754089,1.0240343978460655,1.1553248021693798
1.5742283972654494,0.26863764766321474,-1.827350286172413
-0.5964319694445894,-0.0001914872274021966,0.013657557336084886
1.1407844296832224,-0.4706792743083626,-0.7483658363943999
0.345756598962666,-0.12824979052272462,-0.24300836396828418
0.6524674048441159,0.5967772236646564,-1.7508156618521236
0.9207705479402559,1.5202501604223837,-0.6528778161830218
0.8752857706975901,1.5009385449192032,-0.5454177702700619
0.23537447209612294,0.17500248138921454,-0.23093680628333352
1.7812238782159586,0.6020574590129835,-1.30392085279511
-0.8476887714539794,-1.3269632537657359,1.128516588302955
-1.4520814898695695,1.9646706702313685,1.606557622101429
0.9735469541496711,1.8398887156666062,0.9011897197016013
0.11991794966526553,-0.662255744068033,0.2585280652543302
1.10502453160077,1.0774359645470177,1.340359184867189
0.706829584756586,0.7039070989805166,-0.15160257366195617
1.5145008345819435,0.048472860760271325,-1.0810613051288598
0.8879903068312922,-0.34566883166958595,-0.9949382143405382
-0.7215328011362844,0.7929229708523141,0.9647635023883707
-1.3701569030571825,-1.702175158924284,0.721940256769251
1.2980747527575311,0.5933035539426363,-2.042230702275413
0.923055614087551,1.120618936933445,0.9861152921179027
1.2964067805345798,0.8847398950309935,-0.9398102004904396
1.2362619322769237,1.443481432233163,1.3281928724789456
0.6266115366299834,-0.10208245377584985,-0.3953306343258275
1.1186290706777233,1.2134780992024772,-0.40281895089846886
0.3228172743218458,0.9606641492821001,0.6045635571396331
-0.9635625574976348,-1.3406159919117275,1.0025092624737673
1.3607058751761136,-0.02825359186078963,-1.0594918351269573
-0.7258839661156129,-0.43919626963235114,0.8788459024804027
1.1297437126886412,0.5283840835360789,1.4750717553846255
-0.9103061021858833,0.8614293975972401,0.35537305635886884
1.1180563917349666,0.9740910960808494,-0.9628257389268089
-0.834800435144881,0.9143729209088555,1.151762159042044
-1.6343933248951834,0.24803024594438194,1.748386070148713
1.0668011686782952,0.2933392028712724,-0.4533013053222411
-1.3184256550882536,-0.9588330437907051,0.07438237359995781
-0.019327871493737728,-0.6148104004511716,0.8736922407019607
0.17322557869652766,-0.07457456632862162,-0.19174157706243375
0.9116121601867108,1.2456666800173701,1.303003084018922
-0.5584490626734969,1.1900670985981527,0.9990384636324585
1.6463489960489255,0.6140426799254463,-0.9148702405320125
0.6165284579205283,0.5335992743507701,0.31109401889914184
1.1885873428543983,1.7528097985900135,1.5381680184619912
0.5856152285573442,1.174379051886189,-1.3047764952540335
-0.9503297261021546,-1.1523053615447219,0.4922138935948748
-0.8081969807993565,-0.7084235221718198,0.7230596903064823
0.976502338106136,0.24380395848497605,0.7669151874423017
0.6790912664261919,0.7981465030843062,-1.3212443335813258
-0.23608878652225396,-0.03274967087633562,0.22546946170806242
-1.1325725485126013,-1.207466687848484,1.3412806180206218
1.0027939665023755,-0.25447937648085145,-0.8395446954943082
-0.31871249306767013,-0.18335934528511755,0.1397454213929519
-0.5712280539152811,0.6482868870352048,1.1394380479443922
0.9545631353192141,0.7826318280893932,-0.4944576243614446
0.6563582903799436,-0.2898129076136996,-1.1294731016164752
-1.0890882803106428,1.4260687862857546,1.5810466981944717
1.6830195557287042,0.36668258903560746,-0.7809893878257519
0.6550772255345276,-0.2347832839905138,-0.48247292367410965
1.5766274482631601,0.011342199949084253,0.6812418978118093
0.13476130559064642,0.18090975105943152,0.670254517538225
-0.5488364026985724,1.0617974662381005,0.8653789640487306
-1.2980671081269402,-1.0419870830254496,1.245116296633316
1.2968839849706002,0.22483690483304702,-0.8439311228479659
-0.9371488324036237,1.070475929001077,0.7332605132193746
-1.0101976514340798,-1.0868635228547427,1.0233481163271583
-1.5204437065565382,-1.1715922869489679,1.3859079577209783
-1.4027709443780576,-0.9808698720861269,0.7743215280558053
-0.7910997455928885,0.9608339014228384,1.9089738881787528
0.8915561229412822,-0.5964911325561851,-1.159929073438187
-0.7332681806794911,0.40718282097174385,-0.5184194771295714
0.9018447535988519,0.6985055342570041,0.6441942281497907
0.15545889841332422,-0.10744864957522565,-0.4354539372236155
-1.2542231365617613,1.6955405407413324,0.8715028935528353
0.6120742495186243,-0.25685086953264136,-0.8106311106397742
0.1927871308211569,-0.3036734184670018,-0.3285145536291437
0.033989185054330885,-0.43515720484370335,-0.27369687220609745
0.9361006008033653,0.5943343127492127,-0.8644096425326954
-1.082251141457299,1.03313302820724,0.7087312396120737
-1.2382139740735436,1.3602132309326367,1.6797743932034839
1.0828557747114274,0.9042907411392594,-0.4087515095602062
-0.09811982146895382,1.162014154342285,-1.3382208705418455
-1.6272577253680203,-0.8171147745229944,0.8426470809021371
0.5554168172251872,1.098601911372802,1.1992886993987142
0.9194320399692106,1.1524978620648396,-1.016242492671412
-0.6661538552963999,-0.34022615580137355,0.581815384355103
-0.44966639390477364,0.28008393900750617,-0.3800610120207489
-1.7284344277177985,0.7609329266980571,1.1480847559766965
-0.986590119044565,-1.8870364317435082,0.5327288688599199
0.14353922907156752,0.47552249647726264,-0.26601836720124483
-1.274419902814072,-1.2468848986591847,1.0428229811969187
1.0602409971378535,0.39878125625700767,-0.6017224982518552
-0.9223792225576504,0.4919755645151872,1.1147823417206835
0.5030321304670353,-0.19093794337753378,-1.2386494775933796
0.7986097383535203,0.3797346275735469,1.027425189922411
-0.8203125114859863,0.796077322723647,1.0137764046823365
-0.5489254821934284,-1.7789369896563256,1.3913831222666202
1.0165307327508013,0.2219868659994452,-0.4625813973511794
-1.7874016853752215,1.261990233688676,1.324319458236684
-1.1574119423878915,1.0714778867241903,1.49168591371882
0.49498583669341545,0.6313370709989142,0.35146194007215165
-0.7682612960972897,-0.43518924858270014,0.7487425043323286
-1.4105476830663568,1.49200022908766,0.6141178296997141
0.5580901305433933,1.39544351739967,-1.1524550786693675
-1.2431295570462497,-1.7061550348119896,1.6963765946387963
1.1135644234945523,0.9971748381796681,-1.1590194786183112
-1.4958352050100112,-0.7568638645059966,1.44053206595582
1.176763568865681,0.06800408759208387,-0.8849271825297111
-1.2671118225875544,1.1168770913305492,0.9250683926374501
0.6391047189140933,-0.10462688929061413,-1.1379066319494626
-0.23786919486486752,-0.1690273676084874,-0.524995476134525
-1.2599307541989746,1.0336672920742784,1.0051314574174741
1.2348230138378142,1.0026194631218157,-0.7830304121871593
-0.5804415945866954,-0.16246056662952144,-0.3787931062469393
1.2518958057634952,0.8936319703217792,-0.7772501110527418
-1.4504215843644201,0.8974637286510031,0.7847808966039446
-0.4313260266516912,0.14356703349626382,-0.4159172898112939
-0.17196004208315468,0.6710501768624538,-0.5066527980426438
-0.706868367271302,-1.509692847630718,1.419393060420237
1.4109917373410767,1.7896314750980096,-0.8490946962631094
1.533691677669076,0.7210543088335317,-0.5447398676129527
0.4588536444143845,1.059512253922922,-1.0685025219299737
-0.7647693299328673,-0.6150619322933721,1.3783552626218558
1.039410409962155,-0.08017799307089002,-0.9928109682526767
-0.0680895167884717,0.25409821464158266,-0.41049695012116
-0.13384154181211827,0.22625316075468804,0.10900719609183725
-0.3422110751762495,-0.7250911860292573,-0.4130133104837643
0.8214265541797887,1.077635997159323,1.4294526999439088
0.828753935613635,1.6003039162537243,1.340088696845397
1.46289781909241,0.9314017598447043,-1.2938684374707439
-1.834591063348434,1.064195849589392,1.8850124157588968
-1.2467101446078832,-1.5391983137468674,0.7577280000256807
1.0462698537171435,1.4717188736255307,1.0270073925640435
-0.6324340581366683,0.8161372910908012,0.5680630208874051
0.35735890585679764,0.20215560469285473,-1.4652011431133776
-1.0453922583528565,1.0886233894496842,1.493900765617918
0.033145936747598456,0.18933467022198686,-0.011921512740576255
-0.5838276429420644,-1.7820195081273131,0.8524242243874152
-1.5248876773725626,1.2488279961224196,1.5315733278141639
-1.086852429978481,1.210614673468923,0.8090357175228798
1.9941255698134746,0.05444985363033768,-0.8552368654556047
1.1068201063477034,1.355852318249375,1.0329135957101696
1.5660818106807293,1.736726243754643,-1.058139768925554
1.4392943214093705,-0.9483541493225753,-1.2124236681514704
1.1510847040455334,0.7013500794897263,-0.4628174673475095
-0.993550084839811,-0.9426774779999985,0.793637874747064
0.9178829913485944,0.5937736153760914,-1.2705358863054181
0.9439288280698624,0.4689099838432273,-1.0373042662167058
1.5175012623463842,-0.6276396098772898,-1.212035834401948
0.9251769934105349,1.0381848165433187,-1.4118443884357603
-0.90284719473989,0.16716051872440507,1.2212596625516836
-0.9402546070915244,1.1456561184218645,1.0028713867631769
1.0821822748145211,0.6897573581590435,-1.3201341624661216
1.1499630745203102,-0.5122448581444433,-1.341571565828543
1.3774806537599364,0.6026114545249067,-1.2903672343975114
0.23090494688036778,-0.580365171437605,-0.3299842746364964
-0.8836411769639976,0.20178728781930455,0.5515025039622432
1.665172578875935,0.9359702053566781,-1.0973641210271632
1.375563532815823,-0.24863761806827367,-1.5332868215803983
0.44026313366049163,1.318572146656844,-0.3344054880767602
0.9251090713972479,1.4130630066488048,-0.4184639051512461
0.12320853748804761,0.4311061993972506,-0.7273463105326443
0.9571878560181769,0.5859030710322504,0.7785402778611272
-1.1658507602287453,-1.398069583959695,1.2198732745161038
0.5893158032858936,0.06816616703724478,-0.9457927988832818
-1.1822158104095484,0.6443036687086703,1.382120223295101
0.9400134835316556,-0.4461680014120825,-0.4795480591285709
0.10434646988879037,0.3199549158823934,0.28307129761089717
-1.4306716509884054,0.6949923043413606,1.414521156828992
0.6873758462410856,-0.5158704391844223,0.5014939144878938
-1.0785122605551747,1.1206800035606943,1.0702144918314391
-1.0826445118784187,1.244086467835689,1.0627891843873738
-1.5404297464832086,0.47101681730257194,1.1927464246873967
1.008048451832344,1.3566802324278302,-1.2689574337306009
0.079231534105766,0.3939235751205791,1.5467497069778098
1.7051918610149597,0.7969132923401144,-1.6860719882813684
-1.4756929860308516,1.4215943084731504,1.2288025113201893
-0.44350595816199806,0.14694413965899467,0.6411376988711879
-0.9327938637869886,1.3780846138445935,1.2003326364016846
0.10505679514867619,-0.5800065424670131,-0.3863883698446146
0.6064464721420173,-0.6030211778533684,0.004008460696227629
1.409954573106372,-0.3979086871726782,-1.247595521139073
1.8573779274174593,-0.10263793431580942,-0.9412030862845777
1.3220959431617627,-0.014578928103215084,-1.2347883944081852
-1.325205748904052,1.3293119662710822,1.0903046092447017
1.0896369927241667,1.005036960312718,1.0390704394195327
-0.5971466654107361,1.1344579852104915,0.9090094960186369
-1.4938047993689585,-1.4127865135388717,0.8238963182454399
-0.40132073239019866,-0.1436526512435499,-0.5201800915687655
-0.47592323676764114,0.913615791859907,1.37499099700277
-0.4132869772404095,-0.797776858713997,1.174494281920422
-0.7987638525505013,0.8725006739015467,0.588075260583262
-1.2141340348064893,1.1433814472838482,0.7076174897138107
-0.45632420233439,-0.6957975521663429,0.30282098780533395
-2.1350025765589518,0.9933558630696364,0.9576724970009208
1.6032331400576083,0.2045661020087519,-0.7573079989919574
-0.9824684802158287,-0.6176789019550076,0.8062966592276679
0.18053901914585307,-0.47247741577179925,-0.029128973036136832
0.7416143283501859,0.6803231973398985,0.806902591127187
0.2119584729152657,1.3570389353197236,0.5155312282876875
0.4195094804395366,0.6302926389619714,-0.514728324643364
0.38645880496371837,0.19650960829051314,-0.4510363804835053
1.1834401815510522,0.36328900963669164,-0.8664219808003842
0.45893188566258625,0.39105632551284353,1.44507534999597
1.3850010367813195,1.4662379580576512,-1.0235331416526088
-0.744535932542759,1.42324733003486,1.1470479360838843
0.8612544048301558,0.3433492927888509,-0.8539275838789415
-0.6943880873708561,0.38287939391614156,0.7468979880459843
-0.8664560133725862,1.5725467127324735,1.4327066910691315
-0.769286514483901,-0.09806896874055429,-0.607366279531473
-1.1791845353799901,-1.4859224543554572,0.11668768950869912
1.36357499875544,-0.398824130945305,-1.4229005848080414
-1.3408898571989296,-0.7927593191880097,0.7883195960753948
0.7791107822876115,1.2531727271022044,1.08116920834052
0.5513415053867221,-0.5804876865039742,-1.0350214185813758
0.617637065409618,0.15402206717513375,-1.0830262774688433
-1.2444708608077308,-1.2111976087062455,1.541227664066563
-1.4711045831965432,-0.4120862964850017,0.7510919108424016
0.24271801002385388,0.09832768872655566,-0.5670559028909624
-0.94947432020672,0.8123476583158364,0.6028535995657818
0.5280893002501965,0.9882593191537222,-0.8418770989402676
0.9255407124137404,-0.49946536990505097,-0.6858069640681694
-1.4119889099107743,-0.9815683113467395,0.570524536432899
1.1085981243302592,1.2205905100958092,1.1362356865601988
-1.5322820525323704,-1.871187092877875,0.720234183950685
1.179773406378905,1.3684103358923974,-1.1918875587064544
-1.016588711199659,-1.4396156898127437,1.718666080670007
-0.6892273230580686,-0.356833975552337,1.5413814590484813
1.2707976389500217,1.0771447372600762,-0.392631187739128
1.0622317876922556,-0.42830175053540104,-0.6135628578574717
0.7419520981579503,1.1445582422033656,1.6152146265863876
-0.7776234193416631,-1.7619777816042554,0.8264506148083244
0.7413708463029893,0.5673807985542421,1.674856654029026
1.1188640095232887,0.9992684964623598,-0.9440071614714585
0.32919543680132857,0.016616736225557843,-0.4294771384789857
-1.828550871735263,-0.5329032297888884,0.6899820147935041
0.4893527199021356,-0.016512309356948314,-0.3139527127284879
-0.49195324611461627,-0.3214894643578741,-0.1878919185958391
-0.99072160857705,-0.45959369900519986,0.3949884138804497
-1.4412737524932373,-0.6717785988448413,1.0737236256312415
0.6963469353785208,1.0601575145904831,1.1367023903108637
-1.0716373140064626,1.1583279124383692,1.2771423023271247
1.601685160274092,0.47729691005657265,-1.1124849849153153
-0.3393511215528553,0.006971581183240716,0.13234541242676476
-0.7157803590808858,1.1717363291206937,1.1518558593543862
-0.01859863245062317,0.18002186847405852,-0.2358315983744511
1.125988748622133,1.0859931269818193,-0.5506290851616953
0.5689691821143287,0.021353708991608704,0.251241187933482
1.5860842013925525,0.643382604058198,-0.9721182922282879
0.782630091546494,0.7148616869291342,1.0425720910767586
-1.4471710432146958,-0.3843211199300369,0.6287120130607928
1.2477397181738794,0.005752798497706295,-0.9239156162628631
1.2079484072407647,1.0840033232090356,-0.7539344062885679
0.4211128882968166,-0.12369756305309186,-1.0965259614978915
1.31997676077682,0.3534757566253648,0.5785270323414584
0.6007757490742348,0.8464114912190593,1.1000800825006778
1.2226871906533676,0.2451536287052735,-1.246125552829483
0.9299026548142754,-0.3235176473665725,-1.745707934902589
0.7598645363974051,1.2374157729172763,-0.9987759533045708
1.3755828712939406,0.3880903679562655,-1.5977054116264955
-1.184506820199323,-1.9011173578925358,1.1343872693762307
-1.318222827176353,1.1697575751444051,1.5118074679040636
0.9141916198656365,0.34634903543373735,-1.1415162924569255
-1.1302444208594014,0.9342659176458435,1.0848373412296701
-1.0552329338645927,-0.763545552830427,0.957211412056608
-0.9369913350661389,0.11986879093517054,-0.16241166176508615
-0.4743259644059781,-0.12989677403278954,0.2644611714645386
1.0215589388132826,0.46949513522033715,-0.7770365772595258
0.8845868397272815,1.6061655261392835,-0.5414051365067847
0.010474059674319375,0.028514904219784677,0.25558272568509816
0.9782981588543409,-0.5187650453087931,-0.6516729792546143
-0.3873343453014236,0.09932219029439368,0.3009933508296874
-1.1644099746012693,-0.5913508063707844,0.8484960653587627
1.1433336284787685,-0.851459649807408,-1.7406347337162347
0.01612307973209913,0.35797202462622424,0.23643621253008862
1.095761800214151,1.1998740441211735,1.1888009083677098
0.17362739487327072,-0.01714249906413521,0.02970947607605792
1.3091391354174893,1.3132639551108043,-0.8659782592351314
1.1672365710026407,-0.2699751427653993,-0.8017933903420418
0.8089370212939533,1.1915919302985567,1.1334648421147793
-1.2322593210215804,0.7554459010445487,0.9628223173545647
0.5531432955181548,0.10465010543230835,-0.9015529174493665
-0.5973573835869488,-1.2278795851702926,0.8568688266234932
-1.5754880404227478,-1.0901050569965414,0.0486273360506686
0.6747503624614454,0.3288443389131252,-0.9438132097060573
0.8144862514487567,0.5340418469074496,-0.6245555685498027
-1.4656202529623301,-1.1431961737653342,0.6561545944486183
-1.1091378185360523,-0.6119299669728564,0.5606363128149789
0.3627137066701718,0.1623401066771596,-0.027940747273457203
0.3863501226204593,0.32478626992092874,-1.240299172255427
1.3509449162302687,0.9116143304681344,1.0107543355978124
-0.15728040147287603,0.01368187381523018,-0.3418498567020263
0.7875029237735836,0.3758941926988417,-0.30424026577005564
1.2031965307650174,0.5586533575304505,0.1388437628190068
0.6665606868134375,0.7280445841055254,-1.3183881495401994
-0.8080691858532668,0.892541698676103,0.26545608649184105
1.6129521530350488,1.1682146823616277,-0.260756358357779
-1.0827938356393476,-1.4124101100589228,1.3289401883583014
0.7081708267118438,-0.16336794005252683,-1.2842767969868043
0.09343803250463052,0.8467212219855415,-0.3344779402816684
0.2021045372696807,-0.1468090458886567,-0.15616367456865332
-0.8907957130022457,-1.8298560150185472,0.9632172869582937
0.6764144428296799,1.6231621729273429,-0.6029487588082282
0.5191666022643049,0.5050309627856601,-0.02300118751796655
-1.074671584925378,-0.7083745419990541,1.1404661870508337
1.4231204030167675,0.7871424439307592,-1.155427288196481
1.0907727775200993,0.31242783481846115,-0.5812181862287162
-1.2926526955634112,1.7561762740623132,1.019723332608089
-1.1186429836279193,1.0965287739667124,0.5395943665521972
-0.38387040807204553,-1.221270898138908,0.8984193174411059
0.7822815414742832,0.7982309266811323,-1.607957119847594
-0.8332793702067545,-0.533151684798681,0.9907797775658135
1.5643729518985081,0.9605647470862952,1.007539849177939
1.3222298811224693,1.3903293349154253,-0.9964569185324419
0.6006583837044837,1.3937289593906335,0.9144044623097964
0.40192096507873776,0.0032267037644544364,-1.0030834605928975
1.0444353405219333,-0.41797001384890065,-0.5348389709823442
2.0240338153075177,0.9615760401101401,1.4597093305142703
-1.0773710514324821,-0.9126444049823303,1.515545370082521
0.39451424295486914,0.27874412949762195,0.366345622797804
-0.9453013410403077,-1.921684774377587,0.8555963106989721
-1.004606035230658,-0.5877360767033761,1.4379194008909302
-0.4815747752874415,0.5571372732790193,0.8537976252058936
-0.9190466517605219,-1.6227804346825914,1.0158855286878539
0.2795769063389044,0.7829304801063913,0.6848864992367044
1.4361888676227976,0.41799219805327764,-1.375181363537957
0.8442385753898494,1.5423221357726007,-1.0139766001834531
-0.5104254623048439,-1.6285679993353201,0.6270515027272051
-1.2404506210675388,-0.5336333918979108,0.33329463728432085
0.9813002184389191,-0.3198971552442127,-1.5949159172829717
-0.20654653902559217,-0.9952478261928832,1.154634491962077
-0.8197586348549845,0.2520734641871343,0.5352864624350544
1.1908163308892485,1.030728756424102,0.48680311032457213
0.31730499838201226,-0.3021843205571528,0.8932463668528707
0.9061683881523249,1.2753038843089655,-0.7809044085049758
1.3536181585444198,1.2947375588369734,0.8874689771527147
-0.7922565017448447,-0.3306544215389905,0.7642190400245126
0.8498370214064153,0.9804680656265188,-0.9058176819555542
0.8818078727883358,1.2787817618042943,0.8664722040975961
-0.4358053633093822,-0.5738323443617396,0.04260216056767459
0.38443738289283336,-0.669233605002296,-0.23263230529088724
0.9861260450452876,1.0936858930146083,1.6202001971256308
-1.1132555586975068,0.8796561011436694,0.5162092258324779
1.1827012876615135,1.2279069120928816,1.179083424006926
0.7770874761541786,0.10803376453910563,-0.5647630147165643
1.3526559027797802,0.9968109434733531,1.5919776555560103
0.8747767877907382,0.9997165621693417,0.499836906412113
1.4483746049624984,1.6278514347757973,-1.0269786234220728
0.4320491342916284,1.0457904235275117,-1.0434111370259391
-0.7115458549817673,0.6334903597745101,1.5421771204421983
-0.7393912034641976,0.5449257318300733,0.9194033864209928
1.0674605470440781,1.2705428190699632,-1.0150748482968952
-0.7707488747035199,0.28565340322635546,0.856148131019015
-0.6022210497964371,1.2584024748458207,0.051336255656443064
0.8684771444249981,0.5777373647919781,-0.6689618103249411
0.1731401610079896,0.4443012689658568,0.3020739895215774
-0.345304015267744,-1.073320283810479,0.9920822621917168
1.3665310698809927,1.138595390359197,1.3992040439438609
0.6481425297795037,0.671868615547013,-1.0892102725065609
0.5689117016833594,1.1372634216789665,-0.7508223878346767
-0.6338438897759353,0.780183890161786,0.9532936336819013
1.771707998648513,-0.04110698459503987,-1.058337773188876
-0.7583516441645928,1.9214555008419156,0.4082223107441104
0.23507796074712486,0.5193337959101667,-0.4349912672449472
0.9488329634076934,0.6177838237598297,0.35742147189697093
-0.044651202851824556,1.4737026580784691,1.2891307579942048
-1.060519688093009,0.4416843191230059,1.2365396967033602
-0.7284274839762886,0.9452018042230167,0.7922414512695494
0.24255413321848573,1.0853174829491754,1.0004821901448897
1.428060095326571,0.9893914963003759,0.6472501395089129
-0.6907040053336964,-1.063135003936104,1.1233168254555284
-1.78581441524117,-1.5924582898486863,0.9990524335468768
-1.045788948719545,-0.9408976370399486,0.6952701313364604
0.9096894798053857,1.0270112818751695,0.4301007255146173
1.290038314739199,1.2064713148459834,0.743407361910819
1.480485568865578,0.8367698507913794,0.1847501859288584
-0.286089984325962,-0.9946198541522828,0.9100587776820592
1.03185983304557,-0.5346622193837478,-0.5052670135490933
0.09656364654801879,0.13010067034173764,0.4717052634316917
1.0328811705051186,-0.13263751157261813,-0.6983656779846006
0.0554540114121804,0.1992447982578166,0.20646520917058775
1.690785540493362,0.840145525754159,1.0898738903007543
0.9065572156068539,1.0807996043029284,-1.1979858203562803
0.937640728825333,0.7806850814037596,1.064007290341115
0.8907973007909662,1.2340085329151194,-0.8875231928358898
-0.8470266737229858,-1.524865280478207,0.8411538673728589
0.7516609606995536,0.9327424725660841,0.811163768921149
0.5111488764432218,1.2851993720689552,0.903869840736746
1.1927606528161354,0.5426913962848484,-0.8190840029716328
0.840091795422777,1.062858313481014,-1.0008952465896723
0.02928778012498602,-0.26213100928031774,0.07798708239630345
0.24359377859697406,0.1675646445491146,-1.2135957448581076
1.2241123574715815,-0.7945162447481684,-0.8890315555050627
-0.24312329566677282,-1.353487656276425,0.6907881161589188
1.8662085808826228,1.4218482513949273,-0.5900903550873088
1.4202617584030448,1.4422103731831935,1.4748121222241521
0.7383697267490305,0.2677468412574172,1.2044810398099923
0.13743901407128647,-0.5745409828156642,0.22005139248715178
-1.366190811636117,-0.949416312375724,0.7988524985316177
1.3663295126390418,0.8547297765068735,-1.0865674846553486
-0.9220630638919448,0.5921218721164573,1.0825447085301803
1.202909612442919,1.4266698758356615,1.467718236178269
-0.8811091113659655,-0.3330972633001864,0.15040287274974573
0.9304740598122516,0.3983819712905624,-0.7055090219339493
-0.17606199930503919,-0.7765104652222059,0.9374090495507366
1.1669317206641758,0.20969207198081202,-0.13181912842217747
-0.3378811994811931,0.5263287360064892,0.2586975741674578
0.6307067015556382,0.4593261577534665,0.6096506988090669
1.3271926177815445,1.1585467825869404,-0.9321008928117354
0.3664388706057107,1.304165862457719,1.314320063460333
0.40701256957225057,-0.18516655179453087,0.4301562217665656
-0.6763548837074485,-1.3398883685910785,0.8068064295708637
0.748311730861055,0.7173172926507977,-1.5172489001619882
-1.4487004411423552,-1.3067456152018209,1.0272289076994485
-0.8452765917243189,1.4363921700743867,1.8049081782803063
1.151290514172604,0.19180422517652132,-0.7841380902619718
0.4699047200932153,0.846404822732398,-0.5724753332943008
1.727630876078322,0.18702996499286284,-0.544435755407981
-1.8894296671748787,-1.2072276077900228,0.8796078750427112
1.6611652204921687,1.831111034079378,-1.0132101054878242
0.8933810782877011,-0.2603174620273841,-1.3032655277999714
0.7593173551082413,1.740911273803575,0.9946011101048264
1.291051817454792,1.0207783543229199,1.2930560308862318
1.083353123179021,0.18330605263028366,0.9011290469917612
-0.9500991601344262,-0.39382207665910096,1.1526936675850037
-1.6626492830711097,0.7902207454949393,0.705878615727219
0.6186685566965151,1.0490681263979182,1.6498713833878242
-0.8991038414293291,0.9535083827512167,1.0858852732682105
-1.6258488509343216,-0.9426293732570027,1.3486097544351736
-2.012898434087874,1.2728277960250525,1.0504711614647868
0.3574164395838344,-0.19532311468459673,-0.923202484551093
0.47821219979805873,1.2678690195320155,1.1466392984387392
-0.10094139279635622,0.23348456792957997,0.2961684856191006
1.0844837596897827,0.8641879373336053,-0.6156271285566954
0.3937023540011072,1.6190020805320247,1.7183510692382087
1.896370622482317,1.1905720666868498,-1.0613042213597221
-1.6179743688613604,-1.7927857942954852,0.40032751921692067
-1.3183955640035017,-1.0995894621122702,1.1256517985802663
1.2632572144010252,0.8418865807935277,-0.36281436158904745
0.65032029199434,0.9552611583654749,-1.1810760594038134
-0.9039176624215108,1.5012531299072975,1.315967888872341
1.038759150413726,-0.3632615794430682,-1.1688802739218978
-0.30972248287409165,-0.9512622143470184,1.3013669893684372
1.1251462605963645,1.026295064018915,-1.1073475196549523
1.8448357309011634,0.0858131675545664,-1.3698576073792126
1.73921607670834,1.3962843386496342,-1.0484084124038258
1.0441341732637504,0.44312931296672037,-1.374802792498443
0.2367204764580063,0.5037134845744674,0.7451476485600708
0.6396492963346937,0.2692534768931874,0.1220341618827012
1.3262948850157188,1.3441893953438981,0.7667690245724246
-0.30074517235166587,1.4160247279610303,0.7040915344108131
1.1554314418123857,1.9971998069731163,0.9975716353840427
1.2907482094979743,0.2216571706050995,-1.2457694097791367
0.4749708606728,0.20849199625781656,0.5264704326120089
1.0335490007043735,0.5678370682885994,-1.4709666020997154
0.5414618427925249,1.1210541860956134,0.6982896599922568
-1.6177735392992978,-0.802846411259252,1.3334412819349395
-1.7145501861418748,0.7511860777782474,1.2330950332695458
0.8570218308758291,0.9278433272950368,1.549139389870612
1.4864663107129017,0.17518090519190221,-1.0006058011792185
0.5593935972277285,0.3124701345150397,-0.08615531554403065
-0.9834850177650243,-0.5851364405367028,1.1337754059394085
0.930582232975445,1.1663210902881782,-1.2503092174927106
0.08768167505343538,0.2693715251014774,0.06471661624108807
0.9513009966466865,1.6053798972968525,1.252324673821911
-1.244703855801834,-0.5456208616224711,0.9384009339208673
-0.6561660510625775,1.0319205936234932,1.4558222144101878
0.8709173790196263,-0.15970265837838482,0.36274821384411404
1.1412156993660003,0.038966937225725036,-1.1038747453764275
-1.3803642918748928,1.1274084019195498,0.6033213346238757
-0.6524909997636916,0.5254654291560582,1.235142355255094
1.9376215115330506,0.05350422962169169,-0.5752860932166715
1.1385250840899546,0.7479806274606635,-1.2936647464484057
0.739737351465522,0.8693409747245554,-0.19902901294208108
0.6239936271504983,0.8455548895655434,-0.5939116432742779
1.544414944373123,0.015557806494497537,-0.9154477381416142
1.3364326154425663,0.4914912220915681,-0.5931737824119385
0.1648284548264096,0.2100677253048674,-0.9554125849910744
-1.9264575451875507,1.3432056781208581,0.6687214908139061
0.4293466329779889,0.34782900746136847,-0.32389418695592465
0.8319252731616571,0.8872861564557971,0.4622197955862891
0.8276913565278463,-0.5322596332082505,-1.3083996051274915
0.4358518091636645,-0.14371412172256662,0.2869054175132861
1.076755818008659,0.935776156199281,-1.2221144410404146
0.01132810547110568,0.16854410172268341,-0.4061169496999264
-1.2113188186651918,1.4144350604185023,0.4308100298953308
0.9267213525118448,1.2138022593922202,1.3550621703495345
-1.6762686510425808,0.6086001816533575,2.102087097487961
1.020365478214189,0.06816039762480429,-1.7543458471456836
1.646943478978022,-0.1371976902408928,-1.3090034425568642
-0.5738494910961589,-1.1032182062444646,1.5074332942589876
-0.8645788494856343,0.6248297693854404,1.0866499901618476
1.2373346398525453,0.10474288289829013,-1.077632052933238
0.006680346907020168,-0.1460531751183138,-0.44165818266556767
0.5719366145972558,0.1068545185846923,-0.8724650386478299
0.9601797267260126,-0.25123913403191334,-0.725289804380934
-0.6567443716263937,-1.049254574140907,1.2410321071913364
1.5159011016330983,1.2692725405079834,0.9446176064064905
-1.195309536980618,1.2533307304284955,1.0090523410707477
-0.40964833979841375,-0.8034217956422391,0.9083675876313161
-1.243340305871735,1.2370121229271045,1.1638544474735975
1.571807863410397,-0.12123708787669044,-0.9318228005114548
0.9817655934578009,1.0973357797290768,0.903505576857468
1.2424948773985154,-0.08116958261369112,-1.0218985582704863
-0.3059396913232413,-0.7183930938336094,0.09515006253954696
1.1769126553321239,-0.34611971005394054,-1.9567927558224563
-0.5692607421369278,0.1321290329097191,0.5223242395630843
-0.6820830431104068,-0.3339319642186693,0.13464057102486676
1.5689479446794032,1.6955598655190316,1.3915432203127183
-1.1805211457374658,-1.4071645961908636,0.6711337573242373
1.0733439679116623,0.9938760603308018,1.2317165998404354
0.9899245265882082,1.2510721671497897,-0.33414327121348997
-0.12178320845929179,0.5228541692602855,-0.22869432909973347
-0.2024357164767554,-0.4532169389509848,-0.08987196065194805
0.10962583281676885,-0.3150205762514826,-1.1879831492692605
-1.1929254283745212,-0.560406657023214,1.78393490189787
-1.2523385611788755,-0.827058914319864,0.7131272397110113
0.04909156308219348,0.5147789144465678,-0.04981939187456952
0.18462139004713085,-0.4225232521903013,-0.9344514393054177
-1.1029200002471158,-0.5671550748027436,0.9483863539480865
0.04897206802915899,0.2800887645129157,-0.1118712567980471
-1.4840643773656632,-0.36343985289487835,1.3506856745544464
-0.6943147186644578,-0.3088144658472939,0.8122614134293156
0.24697145237092977,-0.269365695823949,0.35512157423153945
-0.10926089860796072,0.5377138300938386,0.5538019850604137
-1.5735223295713658,-0.8679544838116225,0.6743957322833777
0.8651656115527843,0.7546389345836241,0.8790121254047487
-1.330164211991582,2.17963777012349,1.4978718322947147
1.113515211135232,0.4300937385114042,-1.0849806810852225
0.17860538053764452,1.144302301865534,-0.9710846611500522
-1.0785866333712388,0.9176562276478638,0.7013686613839044
1.0997534734843022,1.6309813119053898,0.9618817870452192
1.4560596154085066,1.6322162746273494,0.5939623232688525
0.8386481016125269,0.40592553492002714,-1.8197897942678725
1.4652003878821216,0.839516317382129,-0.7161602082465734
0.1690514468770264,-0.8055299025124312,0.04733208755928087
-0.5606060495792725,-0.8569354533475643,1.0258023891450287
1.0524477298700587,1.3539370331204634,-0.17950122269221458
0.9237270396946613,1.086973149271889,1.3480270922755018
1.1252572092534128,-0.35627843410491095,-0.9777479504936846
-1.4652170601138408,-1.1653695082545765,1.0129584854734315
-1.351389520536824,1.296983565437048,0.7449649831696143
-1.5427742278798302,1.0892612218990787,1.2207543887288617
1.4240839629995519,2.1038640155644313,1.1569663868715068
1.2547632316011943,0.8099498886221587,-1.2131974877703815
0.830160733591143,1.1590550007105116,-1.1850946591985352
0.9687563959548842,-0.21094533508804345,-0.38284475778435256
-0.9585847384203299,-0.42753915289530353,0.8959854999278221
-0.693648688207754,0.35364528503581083,1.1198590751349393
-1.4013755613998014,-1.1325409196351397,1.566564716680117
1.6092119425632103,0.9063386501106656,0.9063452172203278
1.0693366657481633,1.0975812791634,0.910719098146078
-0.6194775022802066,1.2107591694663176,0.9236511121787281
-1.4869615173987807,-0.8128198311472593,0.53188771744129
1.4497656599883557,0.4851935714197483,-1.165684312371013
-0.7216271596236601,-1.2066456795040432,0.5906987106497662
-1.1377908835009811,-1.2997663947827893,1.1351064396218407
-1.170721677974103,-1.1035755186313563,0.9248562395965122
0.9390120654477825,1.283243470675436,1.3826809267178337
1.567841201805455,0.7598305737045179,0.2533840194557535
-1.237524563227482,0.9337474358729471,1.0314308118876598
1.1775277712584913,1.3098536213717347,0.6292278113687668
1.1727690178695762,1.3201638100910729,1.3017165319254298
0.39655621824811593,0.09847357771838691,-1.3673264549313604
1.865301889322184,0.8768887060187996,1.0876601310655756
-0.4001082091107153,-0.1649680279399628,-0.5819568661157243
-1.2837764009710186,0.884580521649718,0.6864985915502286
-0.25209282945857564,-0.6281900181471882,0.38853771381659263
0.8400693062853894,2.350953167633058,-0.72939700942401
-0.9281510909472306,-0.46194095181903416,1.1438955900507153
1.051688472790091,1.0437579178419572,1.2903066495594768
-1.1115533576603025,1.3380631884737286,0.9804411266103578
-1.1879057857348547,-0.9364975796249828,1.462402667780451
-0.029313405461790953,1.1731839301442784,0.44895299969830504
-0.07013067765887282,-1.0068024297935323,1.2020084353095069
-0.6240683300519776,0.8469296577483814,-0.16450417219339333
-0.15666824380161298,-0.7530083005869855,0.19680162164118395
0.44258470832482866,-0.5000864103579205,-0.1689983581729736
0.7272063008008806,0.5993519960420337,0.887559882845618
-1.3580279369106418,1.238891287301354,0.6206607983103196
1.5494634180651832,0.9450205941489233,1.3811498188811755
-1.868628561904179,0.9967547193552999,1.0632356901292739
1.2959776205517266,1.6718989528886117,-0.8631575841398327
0.9489803518489863,1.604461972098939,0.4195297239793764
1.9606334644121408,0.6547241151332688,-0.1839464456012324
0.8000510278356593,1.217212911715861,-1.0935591201814376
-1.4536080743739832,-1.138708630706685,0.765682910620524
0.33910292905860406,1.3867826581379266,-0.7821501702002646
0.1346849181682445,-0.20725362266674294,-0.21529485202991566
1.6316851262029566,1.3069738916611635,0.8122102456260192
1.0370510351795694,1.4971450251433258,-0.9506283273185405
1.0892955656516639,0.9780423997534854,1.1142216299430627
1.278895218556125,0.8609900229924567,-1.4626220868269346
0.9951644208615782,0.4990426222347524,1.1454527530499872
-1.196624775607572,-1.5650903035602224,0.7932612467304686
1.390134293955504,0.17957708727719904,-0.3007457709902862
1.3273254945279849,-0.11763772335545351,-1.3283355835401165
-1.8879111789807403,-1.5598726018930744,0.9002521499310074
0.8961634594545581,0.3987428187527575,0.9017027743656223
0.5102450906568182,0.6428906770895397,-0.30638321823095227
-1.0129122444197882,1.2562171740299095,1.0492312806624724
-1.0459208995036255,1.226708690473672,0.7370509784021102
1.5314585646178576,1.326986850679349,-1.365383431852889
-0.7450701267907709,1.6465200170887666,0.4429058111332014
0.9605116422177308,1.3305689296767065,-1.0901405940176798
-0.07942767475238419,-0.8245621696091621,0.1721450566025992
0.5893938802355758,1.0531878696587504,0.7199516740243307
0.24417592792379728,-0.014162975618140346,-0.14722331285747228
-1.8609534178436722,1.3505822582011742,0.3754027110232562
-1.4786231714466747,-1.5974039113012575,0.15042096691973406
-1.2224474987043124,0.947975882578552,1.6676278103305324
-0.6039972682316828,1.3151044749554957,-0.05645986893712227
1.2476617044020792,1.8229981878846795,1.0083174830701631
0.36710886022060013,0.48406643814612754,-0.2579713841289192
-0.33373527463306507,-0.2764217509575584,0.047340080449374516
0.5233123465530627,-0.08340257238150013,-1.212710280384655
1.250044218499579,0.7125598866403431,-0.7733568668659644
-0.10503026372624887,0.512553359249454,-0.7558813934486182
-0.109252857487701,0.5397295711242956,0.6152065127446534
0.0711319198821737,-0.2119070823692163,0.3219423752720319
0.3654428870272137,0.05342616621439128,0.2702657813027906
1.0073009843424452,1.4921840191039901,-0.7890076667889079
1.4030054759347688,0.7261480696959983,1.3162502396651075
-0.8034348974577892,-1.489288092024772,1.5698510928308975
-1.410301073456111,1.440328559369042,1.4245483859492534
1.4764692179760384,0.7834107973971324,-1.0408025120509046
0.9793148837758916,0.27510553942470745,-0.6018788397883108
-0.7726906491388863,-0.5654477155176648,1.1333479405043512
-1.178528206093738,-1.0802557195301727,1.147004164216241
-1.5184466656999578,0.8175516690103247,1.0725706480455885
1.2780664070473025,1.0943840637533955,-0.7724921218642206
1.3906026356252659,0.17114595356140516,-1.0819729896966432
0.9938113437093041,0.6528098309886672,-1.085437296882017
-1.2608355554372244,0.5641467850630446,0.6860952367489186
1.1073653094778249,1.1003804082848172,-1.3312722255494034
0.4950952422996901,-0.44729277574241255,0.32876859296636013
0.892383563244767,0.46403300495944527,-0.45529563466391065
1.5744357384728063,0.35929782914249175,-1.0654534683429966
1.4419988807217659,0.84898754057607,-0.4969547549693396
0.4116220750281938,-1.4977945799555463,1.179930885490604
-0.6013717957682211,0.8134018483087209,1.2561919180803296
0.5614899652419192,0.4239796469622822,1.637802025289989
0.10020568150223885,-0.2652368695301552,0.18114973071795648
1.2131132837290497,0.6777893269957918,-1.086045520068196
1.0405308707441874,0.2787722539851031,-1.9675101868277682
-0.10033346872449234,0.658141980908298,-0.09406595130043881
0.8909105721009318,-0.07875465717662866,0.9782820533928751
0.7824359785946969,0.33034106793108386,-1.7451454345804944
1.4704902827034116,-0.5137487902036795,-0.991989064078388
1.0768196465960127,0.8763534143189995,1.0534163619129129
1.478018651569937,0.39072523808649007,0.7764312610913646
-2.0089111669951802,-1.0607869529264156,1.4240575274685079
-1.422035747270678,1.0505070944936272,0.606138086061095
1.1577808569513188,0.8316062076718949,1.1159099427585653
0.7497749193961882,1.1583214133749635,1.1976120745130956
-0.8028054165942163,0.9769928987978147,1.430137360782759
-0.252558712334799,-0.9860769838000671,0.6791202367859284
-1.0272493700671812,1.1455882523410952,1.837279172883978
-1.1139501973478683,0.8975280990018479,0.9034010216516885
-0.061876132453821876,0.285550977636055,0.03960577979490293
0.2833064878629599,0.3102701198462757,0.7557129817001008
-0.9935898870819359,-0.6821598468219154,1.3894488997711387
1.2891107095731091,0.07544493679000472,-1.072664370874322
1.0189194972514912,1.277867649647434,-1.1746059453062174
-0.8048900715662647,-1.2936933287884151,0.943388145064861
-0.022734740882779894,-0.6718011171653614,-0.4833214062637331
-0.3230613710147181,-0.9422694113095853,-0.08133921884294293
1.2173192116145553,1.0195440281302817,1.016236676481553
0.7985398958497615,0.9310500170185352,-0.7141073089929201
0.747821923682728,0.14911766341168237,-0.9329274666203041
0.8693544877355149,1.7941521581041173,-1.6212141111359282
1.7267172946649492,0.5390712342050497,-0.6364946087502565
-0.706144981816268,0.6056784765328693,0.8863379608284812
0.5319547895762562,0.2792078249679921,1.2165850912819152
1.0942458232434265,1.3083460775547868,0.4085655016880634
1.283285769302623,1.0932864525054007,1.381254653565298
-0.8435488492269095,-0.5329960708054216,0.7104141078128849
0.9582203125850114,0.9324713107239957,1.0280208652452725
1.2258423703574401,0.5921342645231538,0.9905791396503048
-1.4512250219230776,-0.8760420882477462,0.49056578056136024
0.9010596291404347,-0.28903871256059105,-0.8236720804377137
-0.17537094688610938,0.24464062461987332,0.015025340552444684
0.7143739528071285,1.4713677270254881,-1.119806015018991
0.6871282184189464,-0.18422641190382305,-1.467592364085
0.4441999462589536,0.43301480347316396,-0.2640591469345904
0.7795535039837485,0.432226721381996,-1.3429769718188866
1.2601800370144556,0.3987678792960727,1.4207790470891675
1.273427729280191,0.45361771551978625,1.4847775941545602
-1.5402223857371933,0.9696514197259907,0.3261329691094452
-1.0030755982885478,-1.1551503127449878,1.5224288815486515
1.24496466116615,0.22032513407340196,-1.0807784275012076
1.0178208662284605,0.453554367626526,-0.576815714464483
1.3815041023245416,1.8687210669586407,-1.3689405316247671
1.5969058037900234,-0.10145618155700076,-1.4594333260954955
0.3005872107047276,1.521736097151261,0.3350032047857302
0.27349339994640165,-0.6800483475313048,-0.7057276944961066
-0.0835671829483487,-0.16280635672270846,0.7403124569742934
-1.3830275820060849,0.7642671074290552,0.8165445455595661
0.3708042971708556,0.5789811232519558,-0.6022804693249506
-0.7023257158739862,1.1686184334146246,1.1067273585181607
1.1723384020678986,0.09461687744594523,-0.6931749242041192
-0.10071146957055171,-0.0838559973676649,0.24339665947123154
-1.4005258616791867,-1.368875562172651,0.6181527592199759
-0.8774442071706343,-1.399322710116422,1.2075172069806885
-1.6990546039313048,1.1739080258227566,1.1901722730106494
0.3352056218145242,-0.04027834912687081,-0.3785255290991186
-1.1413056541752633,-1.0901973693338545,1.1182046766361355
1.48056681271481,-0.21794802832940485,-0.9447229008834719
-1.1231233884555536,0.6645656806211075,0.6453276310866171
-1.1325233532733292,0.7551053061968999,0.5659397893768807
0.45514311038774874,-0.14146102195262047,0.09093036272927613
-1.4409168599345694,1.2725438041771793,1.163442923080707
1.6372746506557587,0.795513729427526,0.6041580718965676
0.5394772794582049,0.797649496293776,0.08662189535128234
1.4214567186431357,0.6202404444672227,2.0529528259349563
1.7419949429922625,0.40797144217110193,-0.7861184201455208
1.512495461409192,1.486578954910832,-0.9377953584945756
0.01877451936609109,-0.22246582776879986,0.05950429333427845
0.5265379350078078,-1.1634642977922016,-0.48910011149527
0.02866742155209765,-0.09695018324204455,0.3848842314324392
-1.4215341981457383,-0.8288742419388387,0.31923910799266575
1.1924036926946853,1.0895536097116525,0.6838102178218752
1.3763084751952863,0.6070050425846761,0.9101467400011901
0.5098612496153365,0.3698887222053684,-0.26507659339521417
0.8629141933892922,0.6790890923113524,0.9354857153335964
1.0033225092226254,0.7227435536586047,0.5975712574568791
-1.1089640066414748,-0.5065102886655228,0.6779619275877964
1.2366672198772524,0.6569067293579922,-1.1539168094416283
-0.23576936459475642,-0.34457737178571457,0.03899557560947874
-1.3987726505608506,-0.724717877418847,0.8225572679170456
-0.6871890449703489,-1.364646920861561,0.9920326414801075
0.4110874995118134,0.1262091763681013,-0.019143571061102926
-1.2510935624338022,0.8847844504311695,1.5674125380592145
1.0459380361111013,1.3475193353222197,-0.9907582615997076
1.1379099890369178,-0.2480091796306846,-1.2354766797877097
-0.9201558326388869,-0.5623281809914098,1.1916012573571035
0.8587334828757247,1.1353935373846764,0.8818394359443882
1.2086380641410028,0.46088546522746743,-1.5892826519501067
-1.036737905733982,0.9650258684891275,1.2193278510217995
0.9277386471817116,-0.6983876129899929,-1.0728967296714156
-0.8319622038192634,1.2427402372862684,1.8226174259318166
-1.0958007688087,1.4467335102119816,1.0745664678976186
0.7911862840632975,0.7677125200577838,-1.4973449042719562
0.7407470264448889,-0.7646568843676173,-1.0882250137635958
-0.7239705294653549,-0.5649158295368535,1.2766474300485553
1.0095920076062372,0.6997492712092976,-1.1198197644796768
-1.0087426989768495,-0.7171074504782893,1.5900449457239423
1.052051775239217,-0.6016594123791916,-1.2225863111399904
1.0243141490005212,1.7705143419421572,-0.9674891329635725
-0.14468679512690583,0.07146791008762882,-1.3502316400710401
1.225363980328853,-0.06516487735049412,-1.25351545831112
1.2255636480209438,1.2379017366661145,1.341366223512123
-0.32552545677157174,0.0721872567324826,0.09061710037239842
1.4929135318043325,0.01556633120693212,-1.1957867981367962
0.6138415159468311,0.0095785529797045,-0.4452160438906878
0.5501913281544419,0.03244983336740117,-1.3397669878865222
-0.507650194738106,1.674005711483404,1.225152344069742
1.073205171324593,0.6033891835581471,-0.9578885504361289
-1.032426842174167,-0.30216645196990055,1.3439334245869832
0.7087988235083462,0.926841423558064,1.549950567659274
1.3425839252595146,-0.005544853801708542,-1.346083621540899
-0.799633068365657,-1.3929297089107104,1.6421423849447225
-0.7214708551678706,-0.8884800750458157,0.9165326515118136
-1.8129415057193539,-1.5286223146044204,1.008437099140235
1.2337651921889936,1.7905762338061941,0.37430335531557946
0.7964145497170005,0.9897702751232023,0.2923696380443527
-0.4486130578184767,-1.2686048827922183,0.9780886558644699
1.3547549560389203,0.8316952825275787,-0.04168554265085378
-0.7489574809752675,0.8881970146813866,0.9366778087961345
0.9506753603735357,-0.19606692615062413,-0.5775878513737145
-1.5619267775710028,-0.9571168151839465,0.8724614578021075
0.046755127565630605,-0.09580972676442744,-1.0151571327178757
0.8627233725253152,1.303592678184045,-0.8207686635948432
0.9669209019926406,1.454476549857017,-0.8563779626078534
0.712637093772321,1.3579697507777766,0.8820201286831889
0.36280250658733226,1.1761898951841596,0.9921448804293275
-1.0312922636234072,0.263240890816857,1.3568270398926883
1.2947348496420716,0.05922296555632586,-1.2572601640490622
-0.8676594781537689,1.5804005752525345,1.3517668164549612
1.244148106173386,0.9916393624143407,1.0469309533235127
0.9441831828288386,1.1027133029298892,-1.0913890175238161
1.1715266001322293,1.2772422429052577,1.07057662211089
0.20880825404430664,-0.21728060015053485,-0.077122434922965
0.003690797198187561,-0.2346778355047491,-0.30046688784955156
0.26827486829049313,-0.9423675699729289,-0.5257140391232481
-1.0138202495815853,0.3533146500207942,0.9082470672578131
-0.4416102533889542,-0.5960990093196187,0.058565716737041376
1.0551033620696149,-0.17655100131785167,-0.9596948708393604
-1.208852628007997,2.2307441480722012,1.5440463600721253
0.8163873307284398,1.2326893459882025,-0.9125126935434049
-1.3223966924237662,-1.2106220532546808,0.47106102612668177
0.9401658738730495,0.41549115996596486,-1.4952644577341836
1.7386829302944133,1.2335712741303855,0.8562831636851762
0.03214493038521206,0.01620917692680397,0.30446961562065544
0.8733281816263002,1.5497939925710238,-0.6773294391342548
1.5972012417772814,0.9359479441608252,-0.752655773496134
1.230224770332146,0.8819775240777431,-1.185142514285752
0.6736758860138247,0.9691593162343584,1.1364607899266574
0.15485932642436262,0.00022399693587815987,0.330581244343505
-2.1657023959267763,1.2092892742948134,0.5118717240224097
0.8458745612552959,1.0454069381004991,1.2648522698084186
0.3462698604669479,0.4325267831074146,-0.33512922446711274
-0.7467098759539625,-1.1550519330652986,0.22601435310381157
-0.5233170011571739,0.9665128160603151,0.5521815486467325
1.2251417921828522,0.9449035758448292,-0.68791931152557
1.081310488422985,0.2788730483171412,-1.4428733079527043
-1.3917200921130541,-0.9346558580336798,1.5256299926098418
0.3052569202838628,0.3689924680932437,0.04975044892037181
0.6029363938193675,-0.21952200911086736,-0.8872262787179351
-1.3484772120030524,-0.9711387052712954,1.2952948923264649
-0.6287017234622702,0.8013873058072124,0.5386030296060864
1.2222968712171571,1.82163697657439,-0.7578381980949014
1.4118267695291005,-0.148425611560341,-1.2033060584333282
0.8995528661430237,0.61113511282267,-0.9681681813773757
-0.36021162395448414,-0.7187429831119985,1.213282927159725
1.5248831974406127,-0.35364365641196854,-1.0615140660584768
1.1100009193167244,0.40315919314185444,-0.48191717093214237
0.6160431294976126,0.3873995210499504,0.2083177222771011
-1.3219865923410243,0.8449200334365755,0.8345537337481429
0.03999526550622072,-0.134057255511277,-0.054133693569243885
-0.9506080763341623,-1.0497143108649745,0.9154463080728124
1.2289885647118943,1.2603862715117766,-1.0471924378429511
0.037627936476609544,-0.2673432655963555,-0.5578113751461906
1.0462386954719631,0.9880934046654393,-0.8713661838508975
0.3875569989777111,1.205701902407134,1.2288229766856578
-0.5220948552492248,1.357858875029549,0.45085621940757437
0.4635479869377157,0.6111926294558045,-0.5212947100078246
-0.4196289806883152,1.722878657455154,0.32693652235092563
0.9291327539540952,1.0995575876533026,-1.156462548901137
0.7555995503641484,1.318536007899533,-1.0006486867853521
-0.7116012188377456,-1.218074497890529,2.1709080369893323
1.312598895784253,0.6542858952237857,-0.5457517658034096
0.8645323784464969,1.5865769564754322,-1.5636863192098054
0.6966018661199722,0.9078397143176931,0.6303067422926782
0.3405639747050617,-0.5263189632872565,-0.18638039122882033
0.24149320647608874,0.2512314787600995,-0.664481762073569
0.9366721549618486,0.747213169983644,-1.0015650037180315
-1.0199520616512472,0.5815515659749984,1.1893629662849865
0.9516207405568874,1.1678129775628112,0.64500312887916
1.1184801773419353,0.2863641664515238,-0.635299950411094
1.4484752570279618,1.6400391387281914,-0.3886673746055017
-1.303312827555036,0.5477538660249894,1.2490844895601074
1.199565760385766,0.10978407104553665,-0.9906459499375275
-1.2346125078255743,1.0896865617163172,1.2858439162546471
-0.5514003152600286,-1.2644100218509977,0.794024517426691
-1.5121822284009867,1.0757919284884323,1.4029775892780794
0.9363193153653442,0.40517715386791253,-1.0718119335903682
0.9811765836902454,0.0732967641834874,-1.7162603971826853
-1.258228828814158,0.3355666337731309,1.201300825899802
-1.163920497517413,-0.6866565157903874,0.4118041795074997
-1.2848695456704173,0.9557338525770682,0.6413431090739168
-0.38710093581884,0.22579928161899884,-0.4647005200705645
-1.3616273158944001,0.3804157899786099,1.1031903924884723
1.0659827501636099,0.4528387523338757,-1.067255858419667
-0.6968312600305522,1.2742030955160817,1.7394435333185645
0.8744191252336557,-0.01846477758798876,-1.3131466041189965
-0.21759336534907348,0.17095041818831888,-0.5541442073777978
-1.8952924933299888,0.15171993894597346,0.7572539288571298
-0.7254585779941867,0.6644429303897055,1.0271354055667752
1.31193145630202,0.8499564020225742,-0.3725924058109783
-1.1019787881614358,-0.8975317577222888,1.4773244023708503
1.1956748520590654,1.2538885874247079,1.4438799367824893
-0.01601488300843971,0.6132050168996732,-0.12393796054562925
-1.5794365658534177,0.8801293407972852,0.9799181531833021
-1.432765747485253,-1.1613151167643756,1.0338107935137297
-0.17063985451441485,-0.049887263294594364,-0.05928915553724832
1.0630538233763775,1.077982036964875,-1.0096516441819894
-1.4573355964335444,-0.9650104985277043,1.0932171806117936
1.3064321113538762,1.4907732895537231,0.9599383694080189
-1.3442916653581354,-0.7310442649554469,1.0666623269439377
0.6317305627682535,1.067744329614431,0.4345142012380079
-0.4917980630832352,-0.16476929375438126,0.7246223092775653
-0.14890488531265977,0.9889940379797455,1.7089006386678975
1.4653128531176836,-0.009894168320960428,-1.8913369759799121
0.45385587992842275,-0.26876692418599624,-0.08132731416700271
1.459236346558973,1.1367015682854158,-1.5193303758675611
0.8717329497771233,1.718084542364929,1.0920283036765608
0.02591654004935244,0.30617499775000634,0.59108811812083
1.245050550934845,-0.033154793549946146,-1.1282985485915384
1.4203097161888454,0.5348244052588348,-1.14296601926828
0.1956847298657205,0.17619779846533512,-0.030010800158720347
1.0660101049754847,-0.5342426666585443,-1.2641525482142157
1.6337977500628234,0.6839931612739167,-0.7228739158796309
-1.3574984076334857,-1.1551859875629809,0.9295465985796086
-0.8533014368430972,-1.1535498965323132,1.0809121630484877
-0.7876097352143638,0.12871547210742784,0.7882132145971967
0.622098859196444,-0.020685244523218335,-1.3491044283154152
0.16830662500743454,0.04824341904543145,0.2649227586591872
0.3930984557711579,0.26694211378187127,-0.9275550844442281
-0.643976907009816,-1.2429045656344337,0.9199194982798521
-0.5935916237869671,0.5807706529258888,-0.3790122963888448
-0.9675669828396705,-1.1922591765952966,2.0157526491131446
-0.7252568355950975,-1.8261211100162442,1.8486525229320814
0.6140306157679583,1.2744205839993756,1.4233697947398352
1.1236630878069858,-0.2736184121516167,-0.9979658415487064
-1.1549447858211246,0.5605518299288751,1.5682017149084253
-0.26697718260831926,1.3256607048473066,1.1928266909341545
0.7789228184866012,0.8473475618347155,-0.7039497343579022
0.8773247137918,0.09185722222711871,-1.5273105168119767
-0.3902131742458528,0.3071750654066149,-0.21055634604427112
0.4646012193927904,-0.07395070249810626,-0.6022991202256667
-1.0244015887421534,1.200096187774628,0.7865598774243332
0.0075162045231763055,0.5291704641342129,-0.22067005521867125
-0.6899539513643655,-1.4182117942696213,0.9894956826920591
-1.0702255781996861,1.2674619219031626,1.0392270158155779
0.8402300876055931,-0.6053117876631089,-1.5218195598336437
1.4472674193495898,-0.4520466529475794,-1.090139253485203
-0.6453472944819759,0.003069277328602523,-0.5300628620791048
1.0940541197464755,0.20612482342163596,-1.1068549943767019
-1.0908424031123705,-1.0567030216110154,1.0542253665658836
-0.5261753063549048,0.3979474775151754,-0.2135378575259674
-1.0691382699256444,-1.1743057987882477,1.176926747265794
-1.1449390230184409,-0.7032710822439494,0.9632126135187814
1.871021675472309,-0.1751288491446609,-1.3599431886541073
1.0232834873784,0.5428118808677507,1.1431149441393134
1.0172816194742016,-0.4151181892072736,-0.40930253168468367
0.6517274069766449,-0.7392440449554147,-0.2087066629196287
0.8605391462368563,0.8602969182726284,0.8713459795130469
0.7986573047802108,0.21345056992659034,-1.5818245620978897
-1.328830404731171,0.5122862133911225,0.7722200902031559
0.6808711514228881,1.0501222321075647,-1.0675087757751638
0.23525518053706385,-0.524258313721749,-0.0029022793862644664
0.11883465871771248,0.9117736238930744,-0.9012375746333553
1.0084890603337033,0.6261624420406116,-0.9689658442054436
-1.1110177025262207,1.5165095356063516,1.1687120297003484
-0.8541754090578172,-1.2720693905391804,0.4862451855709943
-1.317009378846085,0.8305605673087292,0.4537530383239402
-0.4650841757311046,-0.06465751779144438,-0.18576071256396431
0.8999813941604189,1.1154774517119428,1.1041287355084883
1.410877915297144,-0.48310992896975863,-0.3460548595358611
1.2338491809946963,1.0951318163033343,-0.8081498721793708
1.318673664036648,0.287224817534881,-0.7843834012988964
-1.8308479415095498,-1.0941095639889755,1.8583299700305953
0.68537116337686,1.132948933289594,-1.7022022354818511
-0.9449352236527816,-1.2202348268002827,1.2038756924898624
-1.079278270551888,1.2040629875660733,1.5090280651714278
-0.04315614589040295,0.16025749423238977,1.2732892059155232
0.7935821087130505,1.0384483107763933,0.815089884517983
0.7653020957079953,0.030693143757182736,-0.9266183094111069
0.7752279544568295,0.4284381573953092,-0.524309415497686
-1.1474477463142798,-0.6771814333573251,1.4478751114213524
0.6311122891461141,-0.009879057233996893,-0.8601008739008074
0.012056264526070951,0.04479277304850309,-0.1826796578774052
-1.3424679362647,1.0142264296131973,1.260922460644092
0.5899123657050267,1.0459767087036527,-0.4290685393620922
1.7599527739580862,0.9469465014469706,0.6101882781317434
0.6705693671376295,0.2904143996917335,0.5035544822971286
1.3753645695493169,0.4881905564324298,-1.298888732888194
1.2090056421063031,1.1673592883554735,1.5606394371785717
0.8447292725835085,1.0681664889501952,1.0642295924199459
1.074581725907771,0.7352854140926448,1.3409733339184897
-1.0159577535006847,-1.5616958265046357,0.9463279157292301
0.5795832198853226,-0.27717729205882724,-0.7693755517964022
0.5649005298585328,0.9504430547059196,-1.4474093936846528
-0.18051669692045968,-1.6501969080799332,0.7772884908626535
0.5303190817119414,0.8576260331652117,-0.3408489576865307
-0.7133642640961393,-1.6921050921937382,1.533554298200229
-1.3347921417758348,-0.779214296267269,0.8623607886950668
0.05644579868223718,-0.6099939760576238,-0.05351174900849587
1.9163770290362967,0.44417101329456155,0.3418405012172432
1.0349565715680487,0.9935783843005656,0.033429464066626835
0.6448148253593513,0.4111535565733639,-1.731265971170856
1.5736708146081306,0.3042299023070887,-1.3200890941599615
1.1061449397598513,0.7668965369553672,0.0244731366894283
0.9278080345637497,2.2772430271379447,1.1195011633462746
0.8375558571906387,1.0387019673755202,-1.6458999449165326
0.9076604128385157,0.3239384244477708,-1.0593717604256743
1.4496383578806502,-0.4334386178690151,-0.584645585136147
-1.4968986134196918,-1.4502348456127876,0.5615118700525739
1.667119173201806,-0.09508934933884508,-1.189242965344209
0.7013746590920356,0.16728603130647884,-0.7730678092053482
0.7366469128238218,0.7621985216203971,-0.8087437697776766
0.5464859140823152,0.11237139877913055,0.3235954436916036
0.6048271796565813,-0.06155910959425412,-0.21577191751136746
0.3887721373762536,0.05737157481492977,-0.3305461141063475
-1.0866092790144695,-1.3756966162728028,1.5330205870660512
0.384916876587999,1.2259105057256603,-0.7262055465788015
-1.1911359402815165,-1.0178426128732005,1.5368720524979418
-0.6124920417274586,-0.6131287510244201,1.197590952882258
0.437082622603039,0.4807584385251369,-0.4743093697185683
0.5231856770197375,0.22185548325272286,-0.649567137027987
1.0186549466263863,0.7916428384384947,-1.3337494449180487
0.23722162011320846,-0.15540282684754111,0.33022282994782615
-0.8951732763653097,0.2201753128982531,0.8596602279694101
0.23162462907786827,0.18683637759742985,0.5211713687783245
0.09218395225105327,0.269188082412767,0.11783072021612795
-1.0917617539694937,0.0020821047579785523,-0.18384211950299217
-0.16863292457611712,0.4180224580924824,0.048316093000444114
0.9409589654805325,0.8135853992527031,0.3621187730932818
-1.0600467805015226,0.4943975328210545,1.1944739166247755
-1.4588638044046847,-0.5640380163636678,0.7715264103663254
-0.13599348894060767,0.7811778215998028,-0.4902138888859609
-1.1531268758451874,0.9505084214900655,0.8409281225541584
-1.3243575744801,-0.8532743826858231,0.7038039574671366
-0.825597689910968,-0.6624641961433051,1.1570536462603873
1.4812851129169142,-0.2198217583438345,-0.888718161591608
1.1286791224784054,0.7327638185427805,1.396816939814609
0.9985589843637727,0.5366541243229829,1.6013593207068602
0.421047466614764,0.775237959757256,-1.3766135681070975
-1.0886146390334952,0.5292151548920128,1.7282175631767263
-0.9532679303311264,-1.5142364003024111,1.352026385182937
-1.1454293179660116,-1.0736129596796011,0.004871176975067448
-0.22310176209748012,-1.6988886667861023,1.0378484178677432
-1.3891058067040003,-0.8373511863109304,0.9309483462836661
1.1039531176993693,1.312729148710924,0.5052197156487672
0.6847694984385315,1.1825423892530784,-1.1468298584072731
-0.7651405413391318,0.7109179072121815,0.19353645001058462
-1.2611800623328324,-1.2199157438552133,0.8738934664334976
-1.5976151173159003,-0.4979416846500385,0.8009309906283842
0.3529514165495399,0.17988504299860342,-0.4678625970041125
-1.0710383979034956,-0.737643144884967,1.385562773630345
0.33791011512422675,1.233809620734974,-1.1072556556967053
0.6787661677123762,-0.36882121887097075,-0.36572833075969635
0.9894376972164292,1.1120644635278427,0.6761585920313415
1.6085264207689804,1.3993243592591842,0.8273518749127806
-0.9483250106673158,-1.0253095839587663,0.7361005434984136
1.6744027799081778,0.9646560767154275,-0.9426853312471899
-1.1128503107735646,-0.5077188380062119,0.6204188688925287
-0.3707921099140574,0.8136777723527349,0.9396649153733219
-0.9921601533689487,-1.3209720159459348,1.2315714594284939
0.00021574505155145678,0.12118492299949245,-0.04182055542741056
0.30941904604280723,-0.42037646647558424,-0.1361361931531613
-0.08902997088994119,-0.6727875135941643,0.19121512607691338
-0.0010339494320583675,-0.9815974453054637,0.743554295910142
0.7347350496762839,-0.23290682500351087,-1.1847902391885137
0.07258442539225547,-0.5254111193415978,0.015827889653459253
0.41298989369902395,1.0659043364946066,1.0203550807424073
0.669403449715906,-0.3467893825730209,-0.9827902059939493
-0.1397047541391846,0.6466086618054996,-0.26372965391086706
-0.7067782874136006,-1.7571048710360206,1.124596343519116
-1.125876331515237,-0.9482527973184726,0.047704357790601115
0.5728788313683227,1.3801230367894304,1.68424534903277
-0.09492489367808732,0.41118360090311923,-0.15681911306684584
-0.9353205893180988,-0.9588565688270664,1.0597367644239521
1.1922444860994377,0.6083404928255118,-0.9593569125239957
0.9218260613908944,1.3345936551859765,-1.427089030815418
0.7076279840232323,0.9867492108504812,1.7178231454071151
1.060120704584751,0.8545551151144577,0.977221750511573
0.21938530941622827,0.330165839129234,-0.6904855847831559
-0.3819476326336306,-0.616303123326145,-0.48851895384209015
0.8644365817296665,0.5801361035036249,-1.4488602245945659
1.4156447149681075,0.969694285385816,1.268192246896485
-0.6282360060836738,0.9471453644393811,0.7905074788914312
-1.1934634549750274,-1.0986897696457762,0.9326321151884476
0.7742840589123923,0.7629188708171574,-0.7379065485944958
0.8566639391915111,0.7409832777459363,1.2976767885999747
1.6579870854005136,0.9003855841774486,1.2306227852223066
0.4753053231019502,-0.23451401982086081,-0.7498095998783796
1.3440730553580627,1.3241040177501335,-1.4621807175270638
0.9496852319601408,1.0222899649154777,1.4376766073883793
1.5083382484302192,0.13105048693136598,-0.6511639217864864
0.19437469030489463,0.6532461660466133,-1.0118755161143913
-1.2430275167118223,-0.37272702818906955,1.5791185673831465
-0.4154163428143024,0.4451192782451626,-0.16113337138992162
-0.5791155376171766,-0.9610263558810788,0.9092230135448303
-1.5263263265710028,1.1124037001127225,0.1469617495380655
0.455182651658097,0.7264604398001695,-1.003663615413862
0.7947145734113659,0.9085600338639925,0.602260250156595
-0.7978651409410606,-0.7888642600337652,0.24013188765644744
1.3014404436639255,-0.8095726443931778,-1.6213824534653063
0.3864558643444194,-0.45133662810631314,0.5089933323395037
-0.6440086691635987,0.13103709245718306,-0.3107448394485569
-0.7977643032656502,1.5956452433313157,1.9085798981691184
-1.5984635252658599,-1.3672848666039166,1.5290977867540543
1.3328368073495784,0.3282429903634685,-1.389666971268889
1.2067301063297804,1.8625398526917194,-1.152277849518037
0.17327362690861706,-0.6414917900119582,-0.5775715689968909
1.032749655754529,1.9258634266694035,0.2530939229633007
-0.4613930123554575,-0.1480146450272788,-1.3284458222356557
-0.412034421961772,0.9783078276454736,0.3745520538466489
1.6965534621146823,1.1370374912041838,-1.1114338895026858
1.7456194121647033,0.14342764787211804,-1.2798403234809457
0.4389939885412655,-0.4687735716892779,-0.7276204061210191
0.7231739205341232,0.9727189878669323,-1.5626877730238231
-1.2895961326970435,0.9218438595291905,0.8192202512352489
1.3754284268239756,0.30278109445112805,-1.0534102941809953
1.3676305931951074,0.8838901823245394,1.1069569256287612
-0.3986320686284004,0.8679519624134199,0.9153332072275292
1.257142197585179,0.45948383892062616,-1.12005151473128
-0.2814556708292145,1.2824315655260525,0.9029274892751866
0.45738197908538436,0.08172795359532792,-1.4748521329133297
-0.3569686774401958,-1.008224222940203,1.1156734692474901
0.4679094977434648,0.20402149207155007,-0.8670492665921561
0.9446658871934488,0.8490306395478682,0.26310851321771933
-1.5346274001259679,-0.4653370568964067,1.6194557180096147
1.4366027407689848,1.4984340769990516,0.17064390703674015
-1.1787616877136058,0.6418940049179414,0.19640157838310138
-0.9027461379446043,-1.1880813355141244,1.244932885601005
0.16726942202403694,-1.0736583262732808,0.5479285082061266
-1.111997320749792,0.48838770551208543,1.206117728649787
-0.10633134625879692,0.43091746920627716,-0.0071448619550934
-0.9776544240622012,0.8761401144047755,1.458411030005366
0.45421165855308765,0.6286936645376016,-0.6761369879407035
0.5572518833863773,1.5338024533351353,-1.2188767155529965
1.1656436863073447,-0.5108338249324476,-0.43327537866642
-0.5784433790816468,0.522190824093586,1.1143213147178932
-0.5833101343764595,1.233417721204755,0.9481931012546236
-0.6288922176312519,-0.12298436000605686,0.1559782397533747
1.3125432479226058,1.0209491074910273,-0.5818159038070989
-1.1011053020384742,1.4117652403821304,1.3186807708282968
0.8459670878334734,0.7292311998776164,1.244670515536347
-1.7104985333865808,0.9677601002812957,0.6667775771996964
1.133223374026819,-0.12611127498085753,-0.9073924911814154
-1.2866293953696422,-0.6761622256112456,1.2123577256863798
-0.7338332705232885,1.7764869745854996,0.6486707691281044
1.1477055110599619,0.3976670378677518,-1.0199640932164649
0.9300160973218365,0.697701936202862,1.2146039374281614
-0.2762774601067559,0.9127816418430504,0.6609464285523661
0.034704430185058685,-0.2131345075119696,-0.32770658567574884
1.2990184503145839,0.841981259132173,-0.876381265990386
1.4212611413331615,0.984177938457338,1.2726002789490498
-1.8073951457554553,1.0580254983837527,1.317270275287471
-0.597307971509174,-1.6284609404471533,1.4326056345198965
-1.1482331049603132,0.46078115522393315,0.7141277292038273
0.9953640862724715,0.22642298353282686,-1.1933935633615265
-0.8106112403859086,0.8929435636404826,1.3387083100865975
0.9056079604532214,-0.195977608389585,-2.020010516606539
0.7677906200781109,1.235431361768244,1.6679618017405624
1.1518440225657922,-0.33447484581533,-1.072562413886876
0.7795852445790477,0.2942620574565475,0.3703616706910872
0.9462765034117808,1.3243233092639128,1.3173954882208851
1.0309473230590473,0.6554863194686945,1.609249630907863
1.892520058477053,1.255220440576303,1.2003377899777827
0.9249091905680464,1.3362426851133533,-1.3301167843323458
-1.219280119266709,1.7693783179299813,0.6901540119925672
1.1659137848316965,0.6146414635205724,-1.772826063407984
-0.23779908897068897,-0.5118591393396973,-0.44968003877879126
0.06819387227876564,-0.1660365346901315,0.2820594635752707
-1.022908164328841,-0.7807732301171318,0.46420425338853644
0.8377650573009284,-0.31954061760691854,-0.5317284845174
1.1865433497785338,1.3949338066356407,0.9696195905429909
0.8828968324910181,1.2007600934802687,-1.0115266406354493
-0.366904656870915,-0.1468456680289244,0.012635602461031318
0.40615808323213887,1.2433068665376759,-0.46162599686467387
1.5422551435219805,1.1653739612894802,1.7507183250232266
1.0478321473656613,0.6107724236473777,1.4786286006657965
0.46730100624072946,0.3764266205807723,-1.0094471917673826
1.2554920888116738,0.5427980349078065,1.6533726129204385
-1.632971189609456,-0.6732651954276074,0.44776051764013947
1.4990968290694935,0.7306037503024525,1.1115976648895207
1.1865778387361046,1.0316191208601118,-1.115262412204447
-1.6525340441668295,1.1921042005623699,0.5779569298078202
0.8138758172879786,0.9576206582783457,2.057737338806814
-0.03944335960187092,0.8007689836993445,0.017625853965175076
-0.968742774812141,1.3446544497991777,1.0556241594613671
1.1836645263914232,-0.44005696650841436,-0.6243188593351812
0.17936529979164384,0.14172375260754425,0.36140827352140065
-0.2864309619192924,-0.32740301703279373,0.6464524419437083
1.056638314695953,1.1901034418869245,-0.5317353482729359
0.9260391454228044,0.7909107917923842,1.4196036903347558
1.2807529008237175,0.5354078034325089,-1.3585333331887983
-0.8446497083079326,0.9620703074876511,0.7940869300341032
-1.1090178885447237,0.8637605172360554,1.2000572132455536
-0.36922895852623105,-0.10779750228159457,-0.03051126069583307
-1.0324183858886975,0.5966205069810602,0.16564084890666508
-0.21106151047133492,0.0014330407331133131,-0.07786547800987198
1.2959037162789078,0.594086633658847,-0.5529470233584171
-0.6212769733952518,-0.9779988255866502,1.168973989160576
-0.33683947588855545,-0.5069106753490921,0.33045824641620625
0.44888133331734753,0.553254258711261,-0.272060946300728
0.8119831408961994,1.1063512918608194,0.8253121055837618
1.328057437649224,0.8129045264565672,-1.3192824305432618
-0.5949450361423713,0.9367384622510719,2.2972371878378937
1.3384473877183736,0.9586148840612306,-1.1958282588122686
0.5594854040640688,1.2928604904218943,-0.597078257010695
1.3005548493487156,0.3322378875514512,1.217344076951974
-0.9407642320806895,0.6475726653354831,0.7151116945403796
0.8351355419807145,-0.21630534199088883,-1.254692223643223
1.2892151758319454,1.0342053318558395,-1.6862833274552518
0.21519038793059556,-0.3811444162345202,-0.33787090531729996
0.9454311398889536,0.6886765787973986,-1.1773717672940143
-1.2956114632092932,1.260932135270672,1.5709221457156866
-0.5239906217499998,-0.9132954538460158,-0.08537307883516981
-1.186475444778489,-1.1468815736846993,1.1150255620669312
0.6105815201182125,1.1905431077424877,1.2021880636666507
0.1457303144085218,2.2550994134639977,1.4224227236264206
0.9156661125381679,0.8941709739027843,-0.6762756384274797
0.8158772949702547,1.4120998775878268,-1.1520147385157415
1.1323135226152945,1.0339461833444417,-0.7257522503126068
-0.5095349300536818,0.0058776382177467175,0.1544665991993555
0.8461777823080698,1.4025171236857763,0.7692432521907405
-1.3274420106640314,-0.5631572864070296,0.780837878317226
0.6795118560748467,0.18248132766069733,-1.160819720109916
1.1990972356365577,1.2663697008217847,1.1686346442457822
0.10679031325102409,0.671429585739503,-0.8496108303515405
1.1469149253605362,1.735273470718049,0.9106136070512592
-1.3049671802411658,-1.3041454564864523,0.842555367186796
0.7126223114990256,0.9146211393152611,1.124363026239202
-0.7092823814392785,-1.251259759902257,1.5145528547982134
-0.1963491579574263,-0.21277260331683695,1.0529544818709995
0.7582029383965421,-0.06013134950548397,0.0800135149249312
0.947333816960175,0.3424192379102051,-0.6736016071184658
-0.5667419149357062,-1.7354074493088283,1.359246929648939
-0.29799150699402216,-0.33584334881626887,-0.2704282861174438
-0.5477855098624232,0.7059303535166945,-0.3097079689616219
1.2605565005223192,0.8738923021438617,1.303587688197307
-1.1154300468616405,-1.045823770989008,1.0336377553000786
0.2027662880545243,-0.016081893814551586,-0.20079678407248186
-1.7520040135631056,1.2850848115445326,0.24673991677656648
0.8541284495903831,-0.1346179684836444,-0.12328637126433198
-0.3687527769751262,1.3941798742460874,1.3476618369987587
-0.5644921383133312,0.8494797100300016,1.0075276198962393
0.8028326900202991,0.1959133381735748,-1.5295804336878251
-1.0278129144969077,0.5252026446777021,1.4231256723283185
0.35589475248327984,1.3012759798930196,-1.4328071140167744
0.7100343384938013,0.282782003968217,-1.552141174165274
0.35423083267801797,0.7126739145867407,-0.5458705303602167
-0.15788102821667505,-0.9860448211642365,0.44979564417250295
1.0369525835995879,-0.15987859633439633,-2.1647215778869064
1.3320645489385217,1.1491368994623299,-0.9119242743179469
0.25823923158381823,0.2815858707176934,0.3559427807141979
0.7983280675969314,0.9673909307593417,1.1390705934153345
-0.6791486165527523,1.3448894047547908,0.4335091776829417
0.4261698894390322,-0.30992087125421164,-0.2130427026693986
0.8362637699125502,0.5775553723251654,-1.7521153642275138
-0.2754777733780939,-0.12438858659442893,0.16100648389412858
-1.2952228334645566,1.07250046504082,1.1841086499929214
0.44893225281716354,0.6248699840339509,1.206014106883464
0.28602241232325687,-0.3691907593496376,-0.9624374073358201
-1.0925203771718799,0.7694321694660624,1.5884138763268416
-0.8709981358840381,-1.5456423975273434,0.7872488998842686
1.2090083065769561,0.7387450440280237,-1.4075220790362855
1.4007481654164353,6.420296283397465e-05,-1.6953590314087146
-0.918656216000493,-0.7273026364739432,1.3850011543200407
1.330166539595212,1.3254038544002555,1.5221915228617315
0.9433165113192703,1.3511304124956505,-0.6836962751069883
-1.3295741947887998,0.7123562194203257,1.8199248383143705
0.8847748806594885,1.1724091832043573,-1.0454250259161806
0.6987244348846134,-0.11819232556031292,-0.9168646466543717
1.1030201562891058,0.9702216336935331,0.23249151388038336
1.2903284592155189,0.13971710894168302,-1.1084460593447638
-0.3386761451285878,-0.7507650608443619,1.0959430983397187
0.4044310975717693,-0.3714945262131139,-1.3003601463823273
1.1251288947067386,1.2295068439607604,-0.4408622771874007
1.1505638104390066,0.6391793782569959,0.6521347674901222
1.2042402761641253,0.6817379464696769,-0.44023282933844676
0.5580407626009191,0.6228643558794638,0.07480308858988811
0.004547963519397667,0.17046262385847397,-0.39215530059339
-1.3914353559954618,-1.5526366873854325,0.280714104236357
-1.8103231492445508,0.5716590325262245,1.7645676348558894
-0.08008666659666244,0.27336586942401225,-0.9092688810187328
1.2318532692854303,1.1303185266328666,1.0777537206309344
1.3774862023024177,0.760688266320861,-1.347507017829164
0.6160109923423835,0.1461584832944772,-1.4418673424408426
-0.43432508466756403,1.1789575748275902,0.7995063568839149
0.97618985757528,-0.2965069360276291,0.590244943466284
-0.5577191000817672,0.20540854770189415,0.7688898241077812
-1.4486120589700109,-0.7162589942178731,1.0077833022075533
1.3560793644499147,1.414099733889501,0.2615248551047624
-0.5107667731618699,0.8964582398520673,1.1410019873427517
-1.0124235731483608,0.6361266332072666,0.6253974500841616
-0.1909639077722074,-0.4989837075883077,0.6883922313920057
0.9347732144224945,0.7020389420774203,0.7299286900102473
-0.7777949414631007,0.6325253954055623,0.8330532745579662
1.196725760435185,0.3093599264270446,-1.4225081630992424
-0.8441543290516385,0.6526829072494533,1.2138516344489743
1.174084611315841,0.7034007000349101,-1.137502607804044
-0.20850192274245183,0.24736288629765393,-0.2909815698892473
1.2528865256127402,1.2729355128238637,-0.6213691985706453
1.8206037856342325,0.5226468277180191,-0.5387321206180621
-0.05228507967540119,-0.44182636712032586,1.0967208286222994
-0.9122790651198256,1.3167437241552271,0.7717438279199549
-0.8606633043015492,0.6408679734297482,0.8049178508205022
0.8711952117530382,0.06882356894650354,-1.2353446257227114
0.7192033248772978,0.7348396329796207,0.4389578912801225
0.7912537933793014,-0.3738435650360925,-0.5215399113895494
1.3362480106018213,1.2186934272805519,0.9044271603321222
1.4232544450269686,-0.12503097015787631,-0.9559860704268603
-0.40131583702160745,0.8020138078527708,0.8009710006763144
1.5884681309974433,0.9162705291392536,0.7323709045360334
0.14834075708439873,-0.8143610280419105,-0.21711958868678605
0.9067691231796713,-0.16690614612895746,-1.0333642938986245
0.42768995915278074,1.0512417659643156,0.7275793370100476
1.223931379531224,1.0950570625199836,-1.4842970506516657
-0.6840700405567177,0.4148685890128018,0.25303311985687893
-0.9871427412141757,-1.6903084499250294,1.0089356957274431
-0.2308017758908812,-0.5307510237468092,-0.2416119541899084
0.16222498931403884,-0.052472061705936185,-1.1724004423331755
-0.06418001730625358,-0.11204440310000248,-0.11222868263942101
-1.6221494935364968,-0.9196619627537161,1.0403164290579225
-1.3124625512524457,0.8960799436929949,1.6394152448385366
-1.7361065539182274,-0.46873357841706687,0.7982807936749508
1.1627390540559133,1.4061569314700892,-1.46873252018901
-0.4087712406574223,-1.3974358062376144,1.0543698268873392
0.835249213551013,0.8049575103710026,0.8269767248721516
0.8129195194752434,1.1386015526922864,0.9812317684483264
0.18128876091315893,0.5897928029513023,0.1634442990255669
0.9914530822606256,0.7011153283408706,0.030303895890823274
2.1460848092343854,0.6392029402227211,0.12968817055808124
0.21916488019099922,0.9392859619857666,1.2353268825938306
-0.15037129818854256,0.10447381651185146,0.31669810960348893
-1.764656220260703,1.5244669991210498,0.910272411648758
1.8569081434447456,1.6910172680402846,1.1745294678696128
1.3463020776680485,0.5198814371776894,0.8661995056636207
-0.22712313687364216,0.20501745135976074,0.11603515985417295
-0.8753388575980887,0.39243566996397283,-0.05229205473162546
-0.8867787350965385,-1.1357244748552637,0.9834651180763319
-1.3119411784886554,1.432793923699977,0.4601695153793871
-0.43465447555411274,0.04112569726202756,0.2596373537550003
1.382374328932305,1.473419641032642,-1.465865339404958
-0.07683349975355569,0.9274203723009933,0.9574651989874741
-1.1339211949778008,-1.7175684452767852,0.7733179567779789
-0.6545887029913915,-0.9314122729638437,1.461059241304677
0.7034978529962067,0.6153062563648141,-1.2800470367261654
1.1360205178275562,1.2282451988878125,1.3872738642131446
1.3307354522836459,0.958396308910122,-1.703283550662174
1.4838125604545074,-0.11596846121000613,-1.3519357224403947
0.3891516818656977,0.847092001203426,-1.489822776090036
1.4067323556051405,0.2509312481095238,-0.7772208470637987
-1.0037154246271263,1.122792429074495,1.7253630794061694
-1.1514318972852617,-0.6405323358643302,1.0150786292495693
1.2170240174343858,0.8146329228750151,0.8137080985718972
0.9445995912240186,0.46807693362822467,-1.0020163480894115
0.805108574354579,0.7297167683353553,1.01366096699521
-0.12184905934189423,0.2288692524149854,0.19569360542001424
-0.527948730503389,1.4577172274239756,0.44485257981767923
-0.2446420584818339,-0.7344021133427325,-0.17647067631750413
0.36075025924650095,1.1848690664327772,1.8097238493147412
-0.6305235987084983,0.15790295564319734,0.14501723643718453
0.7943644782528408,1.3590623086598974,-0.49752102423452704
-0.5251689285032979,-1.3859158950518742,0.8341477964743877
-1.294811744461079,-0.5773100354878327,1.3867228417002178
1.1248248526906954,1.3433081720727487,-1.5051851747469291
0.6375138671811156,1.056791965549602,-0.8745107268412371
-1.2525748109932733,-0.5026376811251352,1.491212083843254
0.5425095170717353,1.0434238823106092,0.9867080037422157
-1.2564325066153421,-0.7363782624346321,1.4107578473031657
1.2729956837042546,0.11591379146328873,-0.06678577515541306
0.7511490078574444,0.614212309348753,-0.4805834680923665
0.15731805526659232,0.4425828609178577,-0.09833932697759334
1.810726846416957,1.3451018367810748,-1.3320281980516948
0.7724492099210524,1.5634477973783678,-1.050298518998309
-0.10489342775314237,-0.17428433295389487,-0.013149794060973663
-1.064781926776531,-0.8246349202013419,0.6464004573014237
-1.2184167195266884,0.5631515198605731,1.0541353391569164
0.9292211090023802,0.6806811021846184,0.4482723087941891
0.5769941318826274,1.2493369202699314,-1.0466285385813314
0.1355776010602916,-0.16844110886473274,-0.5980713232968349
0.9561560784296677,0.9646548163178659,0.8519955880471489
0.7474108752292364,-0.5575270591496823,0.07364775933126785
0.7800300670142617,0.795974419961567,-0.8850909943890293
-0.06773154284601893,0.2622217433153811,0.7222675512465061
1.5869503953310713,-0.3186450278511915,-0.9919944779993558
-1.8079709328624545,1.576778002320756,0.7950503037293226
1.0673843905078457,1.5270390142431838,0.5973829738881435
-1.3257592749785294,-0.3996627878878486,1.5411202139586901
1.1023908585675084,0.5522999031117424,-0.4992210181947371
-0.7423504928599565,-0.9672044744701123,0.2990491619436013
-1.639039667838173,0.8691930729560915,0.9146172882598247
0.729443079176292,1.7203761731643263,0.9839368197422627
1.0163676701582884,0.5991250176874109,1.2963297381680503
0.8356742848181661,0.5577181326056257,0.9140315878845059
1.976369586182614,-0.3354494694398123,-0.5282302127438289
0.886344178124413,0.21102724644481322,-0.7583900612201789
1.188962511152151,1.593646411414386,1.142245339514264
-0.5679775763442758,1.3771154056560302,1.194922094817998
-0.0828646756376161,0.5080352101019588,0.5180028599753673
1.1973271603523556,1.0739344494779495,0.6566568879275145
0.9214600603660087,0.9713594962343745,0.9851111053960634
1.0909620315966482,0.6440620916235433,-1.384311823297956
-0.1273217144808716,-0.0850758937220475,-1.1150811552516466
0.42678383815285825,0.8766553020219949,-1.4726266316409649
0.41608533123280045,-0.18505171063715628,-0.8179297320524702
-1.0440021994804205,-0.4831758662693909,0.7003313093587032
-1.341529235001751,-1.2572733368108122,1.2795812286869686
-1.254489485060772,-1.226024189420477,1.7484297929232455
0.15412256037050576,0.8304395710669615,-0.9747071413947596
0.26323236842738273,1.5219339053277319,-0.9459295034629324
0.3938371579583188,0.3162689274762913,0.31491051724916563
0.8566385697948445,0.5100000445359798,-0.5293866984848938
0.9875358540794089,0.49853192442997785,-1.462003398959961
0.23805247436550744,0.5194773163973696,0.11276720830042003
0.9309490800236722,1.353463974994669,1.2609291513653678
1.6169106510645208,1.3977406079261694,-0.6390914400226189
0.6367903697915156,0.4350785194658834,1.5862595075686217
0.6951466205943608,2.0343900702735587,-0.832379706098616
0.9188126627408458,0.053975812065299916,-2.0468452469724845
1.4002329272171914,0.731751916369342,1.5569861200257316
-0.031169094271406347,0.21982972642577758,0.6035675577067614
-1.2845212907797918,-0.9531503135400594,1.0944894585056932
0.46992562303427676,-0.751592377901531,-0.13111802235098524
1.000082825967279,0.9962798715445542,0.8688421133948329
0.6075337875441273,0.8142382950762449,1.1848243573007586
-0.25691906258490693,0.9586275102838864,0.5043789189893431
-0.57705267784871,1.3488788000291911,0.8739653075223566
0.7490155334097193,0.08697563229033695,-0.9735435539403993
-1.422412319986667,-1.1027780500487125,1.123132949005554
-0.4930356256675661,0.17152447217320224,-0.5824185973385734
1.6007811860754382,1.56454274469825,-0.6858617587958868
-1.9741249327131554,-0.7263347165564182,0.6740975988705807
0.5516412104927362,0.3180897023087823,-0.5789810757061005
-0.20345183263323818,-0.8428345957807135,1.6361614274294554
1.443377840689157,1.1180781472635344,-0.8420474039989689
-0.7766654307153178,1.7426589746247818,0.8072936115626099
0.9077156110060708,0.1891814258853084,-1.1266413771612296
0.8865173086541073,1.4761899940773928,-0.5912148893287433
1.268407121967108,1.427199111223589,-0.6244122125180831
1.5693059684262645,-0.05335612884464902,-1.5545957682764975
-1.0985341124719392,-1.920588687067995,0.6716484310361253
0.041531694013079073,0.3442741685474521,-0.3331453100618141
1.2328390813874464,0.9094063604600673,0.616224305310608
-0.6892253188273934,-0.9878094344317484,0.6410987975354973
0.42432002872237906,0.3598245506953231,-0.40730156056709144
0.9226636201281508,1.358718932813294,-0.8310700810200501
1.273447324774533,-0.29398075073415114,-1.361164002819171
-1.2597459278455525,-0.8819069699837587,0.904706529977753
0.667271116707822,0.9731286839802579,0.7136960043556992
0.04056918569586315,-0.30148305794469843,0.3371096120396108
0.939643423210013,0.3799556272997169,-0.36872946252808547
0.936588170789212,0.9890781841960272,0.6266928163707215
0.09811669705477412,-0.49700033476775496,-0.3779634890740268
1.4634382316029617,0.6717270726593159,1.3853504516977289
-0.8403087228242692,-0.0031264005597252398,0.8899514286979813
-1.0887125614864541,-0.6122522790367783,0.7474389777733768
-1.515323046985415,1.1170861928567413,1.0582084791072963
1.5043398079997239,1.2466655905884474,-0.9648105811483324
-0.24641101748718236,-0.1384417087120061,0.3398579130826607
0.6540415550286309,0.510098805168789,-1.474340931695548
1.325406886947868,0.5076542734264179,1.0909839738416518
0.9480836683181226,0.40948093463603946,-0.38485801946940734
0.8053294708473613,1.3774391105091783,-0.7173978145810989
0.7253070417730594,1.1539865664190536,-0.680573330755764
-1.2456490260033264,1.056393079844824,1.6354507712174384
-0.9825941325426135,1.2232558058074026,-0.011824031077721342
-1.91431089779798,-1.3130365450192534,1.3065553906289598
-1.2200461131746156,0.94118983062766,1.3362937928518197
1.0226599699588428,1.2118771017426924,0.9718004887763635
1.0801579139505406,0.5779401149039232,-0.7681688611544611
0.571966093469539,0.38978993163010445,0.7232367720475021
1.0956987456444598,1.8296330678999895,0.6322461633654306
-0.8298040267039078,1.478898769458091,0.4513305211078136
1.5974839036022137,1.2444283620442282,-1.306586572407915
0.8697946348020253,0.5284844504310305,-1.6455605821915968
1.7101243570438047,0.522545267297408,1.3676616694440007
2.2386355584570197,0.01142630511103445,-0.9432042197697629
0.575042588741248,1.1713228388830594,0.9251422939981805
0.9096073818623751,-0.5153405676816166,-1.428203253854168
1.0364499469013508,1.0430797796426474,-0.6007129376113081
-0.855740843425682,0.6546025580140264,0.9875186044243665
-1.0601281841087489,0.8693215147254544,0.5829689221317695
-0.2444754009001144,-0.33295577798777715,-0.19670664506248114
0.9710829361142057,-0.3964776870498218,-1.2927436839432256
-0.8701367057989926,-0.9428037460763135,0.3095957525332933
-1.0509627489559838,-0.9589417885841343,0.880881537510416
-1.5780821057648904,1.2665078688174094,1.231191409455823
-1.2356448531124509,0.6257614804950296,0.9288328496782408
0.9421256957030627,0.6688167092169284,-0.8011128078187225
0.8700568294005815,1.3438523147419383,-1.392807798884362
-1.265860439000825,-1.36112357078512,1.3237058792967944
0.6847809507067968,1.2627716265368352,-0.4264668645360621
2.1073494422503773,0.8993792399263454,-1.7702269441331508
0.6952958517269416,0.8801215773342743,-0.3696496761992122
1.1387841187537924,-0.06099987132396777,-1.226668237184576
0.2812033410882395,0.06483427705871023,-0.655043769632925
1.775571599623314,0.5998674701577701,0.7289020117900593
0.4228236045426309,-0.4248961269373137,-0.054349219345518486
1.602024815443332,0.5679989566471471,-0.934881352760035
1.0605629584288074,0.7684192970604308,-1.3585470191300724
1.3258141838781297,-0.7610504945725768,-1.331321015830756
-0.15802676245088376,-0.03047504451640702,-0.13148992518651645
-0.06256371151712108,0.3054672598875981,0.16029490147664524
-0.5301125487809765,0.5384413695449922,0.4740652125757362
-1.5174030500816382,0.7217220491211744,0.63274920663337
-1.0922345594094451,-0.9456562303673373,0.9789979725845391
1.2100578635153085,0.5438872852003585,-0.6503039323067032
-1.3864985279013016,0.9298486176405237,1.1966022588987135
0.6456117064408893,-0.14001204372687304,-0.7821670396825487
1.296850996428757,1.0301734555606372,0.35921367524113257
0.9296456750270654,1.0492819227137942,1.220594150416187
1.4269871404282743,-0.13919581983823326,-1.9010134059134596
0.028568333032437273,-0.04353945002766468,0.4131896939656124
0.00036019917371254984,-1.4222557959194386,0.8585256961731975
0.5499208689049107,0.564522635809463,-0.7754109480695468
-0.2775643528652154,0.06676208892800362,1.038862314834499
-0.3200170501694477,1.4286172608939542,1.0762542365060097
0.8399770264469897,-0.02204057989292838,-1.3609268618378172
0.5432055717229274,0.13923811671493794,-1.156519955959351
0.9749283610907312,1.3820569282004953,0.6057095814657825
-0.5718896972121484,-0.5683575940893774,-0.08126741159387156
0.36626152170333764,0.4745662362070435,-0.39554893905423355
-1.825361260991782,0.873059803102986,1.376472746567988
1.825009967697258,0.5729868342982909,1.0096877826691033
-0.1063696776289732,-0.04105942938025264,0.54544291807988
1.3094230824827253,0.8017176213700401,-1.0506656109390653
1.7743444102722419,1.054342360626516,-1.0384002646935433
-1.1617589692735846,1.19657178108808,1.2279041428794588
0.8061485741599674,1.0573670522725904,-1.430260193429955
0.37985659944661354,-0.6860373388730157,0.2710548407699553
0.8053657321197387,0.55204931583416,-0.7762578361138256
-1.4031646781712825,-1.1359036030590095,1.0926429896672367
0.8216970160812604,0.6472156942931304,-1.577085914401085
-0.7690545899573353,0.9485362214591776,1.5627738983567003
-1.0991009672958838,1.5281656039135338,0.6502257406640327
-0.23524343956972382,0.43570889877243957,0.1528134822864043
0.765230957821962,-0.12638558054107932,-1.8879956350225506
0.0692270594282214,0.5136321106169148,-0.0680690125603135
-1.2897210136830668,-0.874222163650059,0.8564166459282345
-0.8559343264216932,0.7849416968880734,1.262161531940095
0.09031521363420848,-0.5125963891475298,-0.2995246684094308
0.5203182699617427,1.1790785065580047,-0.7822160521890151
-1.9992244069971759,1.0801838525654917,1.2435621425018528
0.8591801375870833,-0.3984756982383988,-0.8601400971410106
1.8182618190708617,1.212137160668232,-0.878203119327942
0.5768653525559062,1.1043067269932252,-1.2312848392879017
-0.8511578109572548,1.1556636782671714,0.9787517387929818
1.0790398418769598,1.830104349050106,0.7243248727641729
0.860273281552721,0.9922321576449069,0.8787280868662898
1.0599980359630956,-0.037538246489346616,-0.6789089710249209
0.2956948963376729,1.301336648441813,1.152463353953111
1.1818817585667099,0.9735336261814261,-0.8964449937149177
0.7815022206990069,1.1567216021610185,0.40843537249034845
1.2567576491434553,0.5881215041467758,-1.1936068494488339
0.7392655568791363,1.0189594685265657,0.655834653886419
-0.6808597194471444,-1.7493765215818469,1.258356168110357
1.3027954466581408,0.6311338703289497,1.3478423680422642
1.1931719780710348,0.2528092894468086,-0.8107818908647996
1.0880516749951104,-0.6962802425521342,-1.1596282156972373
-1.8199765114309914,1.4636296259823591,0.8654981045275711
1.0131343236405226,0.6142523915244127,-0.28675419200299757
-0.15017750806839447,-2.1095259759735665,0.9281521114377467
-0.3862671655388924,-0.06474590614309227,0.10328109388045477
-0.9720489502909425,-0.14631229812080257,-0.02863427715755162
0.88726206024116,0.7452494103174266,-0.3829811154503532
-0.21846644168720789,-0.5657852045465284,0.2891987738497293
1.5335742559551795,-0.28548498554624085,-0.8685747539249937
0.4587851473020679,-0.02594857642134445,0.08316802695358305
-0.12212366140742595,0.11967990643555836,-0.24943875213305572
0.969504393071761,1.5987521095403425,-1.2444340249906871
-0.03258239511115177,0.2701963389061879,0.2310067818428847
0.793826054127446,0.702551195051197,-0.38144052512406823
1.0665355463802624,0.49448199130383846,-0.17202090437212847
0.31706281854016005,-0.23369163727683417,0.21627478166377645
0.289505906840672,1.1634611245922684,0.5882513967271714
0.9970076813037013,1.0866756389990693,-0.8817337794072002
-0.2364862476969495,0.6192032883274771,-0.2513770756621385
-0.8572108962932296,1.0325113688224794,0.9848427673132677
0.38810041799836337,1.614958692273716,-0.4343558437572873
0.12866106383663442,0.15948512071613768,-0.14800898633489773
-0.6667368933482261,-1.2520997180017746,1.3456993538794546
-1.491377532506305,0.16976479636858666,0.9655721228836428
-1.0918194621441388,0.34420633498982633,0.8430115575756508
1.410824170749207,0.7408510841413914,-0.8550200473621894
1.2070636081876494,0.7097024747386138,1.0747067057908313
1.8601243173324846,-0.4018819442827184,-0.5665805906688521
-0.8614352451778209,0.08976801535290013,0.1398461324113541
1.511394082980669,-0.5535436075983383,-1.238708990547046
0.8168732121639257,0.3168549596581878,-0.8991147986548547
-1.3056747146551386,-0.6495304273227698,0.7162275370686096
0.704989265947845,0.5935560615071046,-0.18765228645098497
1.8345056403232327,-0.5179727541361041,-0.4164458445470123
-0.4562809602540777,-1.0588558019256429,0.7373503716801181
1.3001879447740379,-0.021220796770042447,-1.1563553068689556
0.8715682282163013,-0.1553644963955101,-0.9109135749596141
-1.3385438879547893,0.766036938632892,0.8084965713913246
-1.4910719857824228,-1.2365112037478823,1.1433378044304012
-1.2476491792999727,-1.6026101032156461,0.5982837746022986
-0.5525800222978696,-1.2106126748384172,0.7905696046373668
0.6671718129068813,-0.4339871949921909,-1.4542389062102097
-0.1622013466216351,0.21359231896746556,-0.711281091026339
-1.1804635433635995,1.2206963199643681,1.4801046998955316
0.4663898020327182,0.7594529424195146,1.1279127736570147
-1.0597822772659955,-1.5723324806498686,0.8093784794265901
0.47088351496676595,0.7336538257449563,-0.7085690205775377
-1.2265578364858893,1.3326467144721614,1.083788033459109
-0.7838848223857219,-0.9106876346978517,0.5206431500191819
-2.268170294351222,1.0842403357190566,0.8046095679558561
1.5113807450429195,1.0764396272079613,1.0185746192624596
-1.4828086591428862,0.5698750427803048,1.6705572108832811
1.758059444843588,0.8947354911760693,-1.5489638950245228
-0.5576667734821149,1.344574610253122,1.100526659295241
0.5380468694447154,-0.24075886437304544,0.2836457558533136
0.9352930875337324,1.1323468113625406,-0.7000933486043259
0.14256503341375043,-0.264454844876389,-0.08022847226230743
0.974344661362803,1.1315049641213921,1.1285428861801092
1.664503685819148,0.8171614973654913,0.7591151758552878
1.455951424451618,1.5268460269359463,0.9527725892035686
-1.2509253783805212,1.018089083599993,1.0204791607524342
1.459454939771486,0.5936712724086413,1.0246719399391886
1.6468850299874496,1.0417423750092851,0.6404863806707487
-1.3369730520505305,-0.6996508882394672,1.2617724108422486
0.5102807054842537,0.9163906970855898,0.6597918183162799
-1.887720149099014,0.9080801477699225,0.6594374262958745
1.00419519306955,-0.560022614865352,-0.34401732726853573
0.3869607061608952,1.1077224758249353,-0.5402050543958525
0.9751235932002756,1.449741343948201,0.8663691076080238
1.3355762001878448,0.7530987253812307,0.7766792984215878
1.079623878229388,0.7599132491364822,1.0279208339960075
-0.3437596843268803,-0.18810228650654295,0.5994185442679415
-0.6270260516181331,0.8339598844146522,1.2802802448482336
0.04356857388641622,0.5920794665221625,-0.6082961022852149
0.8918929582544444,1.0870872804348666,-1.329860136116275
-1.3023166000633453,1.4194828505666255,1.662162845235318
1.4159618749584306,0.7577537841052544,1.7304038854187747
1.2954264156808246,-0.2365397519193111,-0.44481376641065296
-1.259906090739307,0.5187196578443423,0.5831822351027588
1.3274194865759994,-0.2187353820779131,-1.3951432294528963
0.7665111465749594,0.5657009156873802,-0.9880815339514302
0.26795379608629644,0.11793227568387782,-0.07828999163355317
-0.8769549327243215,0.7901731944931796,1.540881071546858
1.2016375327775768,0.06145965171864757,-0.8723516632525834
0.19930393300949534,0.9398127434020072,-1.2652658360504732
1.25515932650397,0.34802408676299357,-0.3161167885297925
-0.9902272639287863,-0.8716009745255907,1.4008944666811702
-0.7123325334578251,-0.27209128507496094,0.9667642689027267
0.718729429949645,0.9860046038012154,1.708320254254204
-0.9063902182587408,0.9005885527702202,1.480212663389549
0.5458270763877725,0.5023748160062788,-0.7701753129853138
-0.9631779450752032,-0.8095038586449337,2.011971099700781
-0.6573050314118166,-0.840780713396295,1.1578319941936877
-0.4615600821942969,-1.077321690579188,1.5886340330279576
-1.1189928803495401,1.5247934954295785,1.1283142903730736
1.1075403145603968,1.0837395429338754,-1.0180176472043696
0.5339192000138846,0.4158790259163109,-0.9248232894268974
1.2974042681338387,-0.27022741143648654,-0.7170051171178553
0.8705403821163356,-0.09067730795948771,-0.6311306173971655
0.896438010518369,1.23467752059011,0.8100385373509902
0.9718158638136016,0.17079347354483987,-1.2618259766382922
0.5521320421495424,0.4821274097116377,1.4643307149514078
1.7551435951834555,0.13248910394395053,-0.7972789621790103
0.9908527750804471,0.6002791070820357,0.798090031508713
-0.4178262064338699,-1.2364073822933728,1.176023971609258
-1.0323513991461846,1.0209033961989933,0.5757579734413596
0.3912011903993635,0.5082116896588572,-0.13785393480326247
1.6700519758760906,-0.01508717990623647,-0.6973091988586286
-0.7251046198418847,-1.1743158918494543,0.6634201943483966
-1.391301975224191,-0.9511027981811735,0.8324146217915062
0.9344296092977936,0.16090493786575097,-0.6202970792588363
1.1042695063295629,0.779877938461832,0.7313506528247793
-1.0554048978428898,-1.169556016928941,0.8779244618076993
-0.7669714724764779,0.6800237973192262,0.2367991451506769
-1.0782794124587607,1.4240358959634662,0.9793908285901416
-1.3295347478564616,-0.5235637267415234,0.9412585914978796
1.0012184080613657,1.17477526789854,1.4762585099145364
0.7832907055953593,1.6697083064284521,-1.360368447421661
-0.7971918911458573,0.9770418539703856,0.44182059809797114
-0.38317113579810724,-0.3962616309996954,-0.11468867792802516
0.589710642010157,0.17405388892654328,-0.5112781260093193
-1.3002918428022396,-1.4607990190316573,1.0436331881399328
1.6234512068280345,-0.8774591705035495,-0.8155086954004807
0.9411991993486045,1.3855516467179638,1.8842092006365405
1.172005409524542,-0.13878938124204693,-1.3509422940619575
0.8455908808517207,0.6336979835465757,-0.9001562167161152
1.171185050621054,1.6892298870585,-0.3442973933032991
1.6462331294192927,0.5062604512480311,0.7630142963388423
1.3561532654079145,1.2300820064426266,1.200266288552484
-0.05086343874995372,0.2567516245911077,-0.15323796846391752
1.7198953166908393,-0.2197400364805322,-1.3407884980199898
-0.9802687336820626,-0.7110212059116082,0.853887656718446
0.04831723641199015,0.5552131896903345,1.585670895500975
0.6926978718432919,-0.2071869196866039,-1.7142965127785053
-1.3445238318788433,-0.12857513040333524,1.0777333853352933
-1.177217608451393,0.8082028130403026,1.1186302180563048
-0.5124116840825347,0.21955925438455004,1.057435174602064
1.0085086306944246,1.1235332050395854,1.6808859778540952
0.8533589720645024,0.07415866258710452,-0.7472398643368747
-1.2193075179700308,1.333333564712123,0.5580548827749919
-0.7524454807907386,1.6553438929083764,1.1525238449059139
0.6908699141849712,0.9052725573039965,0.8058545808683586
0.5372014177342543,0.7271700807904868,-0.5390605444152297
0.5110548771982983,-0.737501183517052,-1.3276210572475224
-1.8614922295165846,-0.8212073131960592,0.7445656699419879
1.120716772261149,-0.2049973563523608,-1.4618547795538912
-0.9233690415223641,1.2024963957223704,1.5789222797567226
-1.452426894201035,-1.0269109859654137,0.5701355842268547
-0.46700032955228576,-0.05612649121886391,0.8071225795172121
0.8496065682592535,0.7755643476076011,-1.195765693797768
-0.9815989010986903,0.6381542500024935,1.469102738106978
1.1740193486561776,-0.3313612886993005,-1.3020497593794074
-1.1053792864328997,1.2716571101752783,0.8791818002040543
-1.061562090789875,-1.1281540237747176,0.2882404277971117
1.3166650775851743,1.249647926820862,1.251338203705712
-0.7637022657958696,-1.0880454925019314,1.0254596245986072
-1.025055830930894,1.0972493834051573,0.8823029977454169
1.256616657974405,0.6851854884266804,-1.391306259706496
1.5312776567396233,1.222492003760264,1.1823551088326432
-1.3959831170208057,0.9859969559975056,0.675599654548462
0.7392191383906457,-0.040011143576534375,-0.40792676924725413
1.093688165439824,0.09811077288704301,-1.448787247979766
1.2785549789826862,1.3821220834282042,1.035362754516739
-0.0448129177901071,-0.9279715849216074,0.8908266719097948
0.9613384361527437,0.6451120930788158,-1.2796976256916301
1.134633218183614,0.8169261753283689,-0.5813149144896945
-1.717230559164956,-1.1151624307471681,1.0980154657261623
-0.874726210454008,0.7573986447137041,1.182361678068281
0.923789924151985,0.11654978249543356,-0.869169912778677
-0.42093178784127816,-0.19021377869414194,-0.47735030741732615
0.07805713096148459,0.49474875740728996,-1.2177153172621944
-0.7080908251863218,-1.3724006846529766,1.0172123893285125
1.379004763430227,1.269877991123448,-1.247346008017652
-0.8303732553926195,1.0157788192962958,0.42563619045258894
0.02879812699798756,-1.8997729816803055,1.243494235649767
-0.8836210542642058,1.383135852443307,0.6836472833221738
1.0307407531835073,0.9100576072767685,0.739998967670616
-0.8609753544785792,1.0346790797657586,1.1422675794252917
-1.2673380779387207,0.9755697314590496,0.5766237465433388
0.9070905988802109,1.0042182846964103,-0.5438997789315181
-0.8107418186928852,-1.281164575215827,0.9048771850296241
-0.8234771393203016,0.7067375211560014,1.091598556983736
0.3772773213911176,0.17837911085012134,-0.24278537834905423
-0.08622717736757994,0.10726677992878951,0.10932449983406567
1.5695815382164668,1.5655078593165035,-1.0116690796906243
0.9531311980102498,1.6296587144129635,-1.1383629122667311
1.1086315348781495,0.4893005696718762,0.5675773838366951
1.1229198083506438,1.325144847535584,1.251851536769445
1.1245000618174144,2.231552323382095,1.4478299645738306
-0.8023744324097921,-0.14185066516175637,0.6572592539488802
-0.484769710059049,-0.9941964002949384,0.505545681587815
1.6712222401810382,0.9593797142352278,-0.7875659476096201
0.9283189382723437,0.3837984306397764,-1.1460220131219883
1.2380628101747655,0.672711726706611,1.836954910274184
1.1531686840229052,1.6505722938435436,-0.905582774470252
0.8769714331536803,1.1440904148309714,-0.7834714823966886
1.066726423807311,0.4627215795653891,-0.5495047246254465
-0.2154905121385765,-0.039037556061765705,-0.6733528532171302
-0.8993986137998622,-0.45003853080921163,-0.23229643622258012
0.7492131768848931,1.7249794231987714,1.2831007741821903
-1.1264331844491893,-0.8742645267474278,1.175660053480167
1.026356643440896,1.6660569530175127,-1.107106207489938
0.5184345404134478,1.0901026727934398,-0.7482557466284432
0.49998973776495836,0.12228047629991085,-0.7794253847297818
0.3798801537111479,0.10978733425462597,-0.4786060192603732
0.712211046264825,-0.2500429682774611,-0.6227363195999334
0.32662472311161983,0.6776519734015245,1.385940653238983
0.6375127495229221,0.5226216270938003,-1.6793802273601004
1.6877511624829187,1.7970061412672473,0.6933373648866608
0.014118156298086361,-0.2891339180712999,-0.870219510795028
0.674790859132471,-0.30945593797525206,-0.9105602182216379
1.02963791216791,1.6514462182285168,0.4479594167140434
1.47700300499119,0.28856496639739326,1.127860730367591
-0.5358071694260149,-0.3406468960746833,0.38645013021212454
1.194143963021276,0.6603580596039106,-0.8777337725429616
0.13406422661404713,-0.14514225094944286,-0.6109845424474817
-0.9158531545836452,-0.38786617425823555,0.6887620856669143
-1.2498041820354309,-0.7012076639581161,1.0125966249047984
0.7074981724748173,0.6409362458899783,-1.2549949739300046
1.413018481736663,1.4506820547310333,0.5636134279139207
0.8144582281976217,0.5607254464887401,-1.1795633549252025
-0.8150065503732584,0.528252351346953,1.068901754564415
-0.6632876900863949,-1.420488011913001,-0.012707726500325478
1.170183024713986,0.6132095427483149,0.9809154575432081
0.4399715062393045,0.9584750062388132,-1.4721841940928329
-0.4331362115473374,-0.7701048850349942,0.2908489925941972
0.01173468684823964,0.4212485810095212,-1.197799189525991
1.3565375606420986,0.9182577093417407,-1.1161765928044598
0.6152950316907193,0.17381603890171615,-1.2742218285934022
1.263452781116204,1.092877801856931,-0.6018339238202102
1.8423425377453309,0.30566331997275775,-0.6838603965230845
-0.6642603543073591,1.3491297404022538,0.6135373106518331
0.7883789290614821,1.317705871848731,0.4982842307323002
-1.7375174333922985,0.6438728607920512,0.9743688943405133
0.9394803840921171,0.10267409235659147,-1.3956618071971947
0.5903252702683179,1.7416370265336754,1.4884134782101412
0.5674346477042851,1.1343389058880275,-0.7934413328853684
-0.630291944184868,0.5944416190829849,1.0342748645613435
-0.19882099473427292,0.021877946149850464,0.17656790395718022
1.568108434106985,0.07482757519063994,-1.1290088476428226
-0.06365978861509118,-0.28655771748029846,-0.25559402162667105
-1.0390101534982494,-0.8688755705703507,1.380991262781122
-1.2369423822608214,1.049419078382233,1.7816629735001146
1.8488624788050534,1.4129861042204588,0.39225201361839457
1.3790105848491432,0.6908489328705563,1.162820914849814
1.1633011022857889,0.31896655830486376,1.4116622549302575
1.500863614786444,-0.049187578653747815,-1.1466870674304133
0.8085005513346091,1.5023024502294082,0.6421570791121984
0.6113373061834856,0.4481527340844278,0.7493131101640139
1.4125522101109325,1.1552743182618934,-1.3881085303632956
1.1669836125452664,0.032457532739848076,-0.9285139502656188
1.2900324177790032,1.610725065430906,-0.2389767179081761
1.5054156043186033,0.5726355620856445,-1.2891121021777976
0.5224299974403779,1.0571772379054827,1.6930059997940368
0.7719225609207387,0.17470710044419893,-0.9543069421990575
-1.1368594604508955,-0.9219692298309592,1.2149914818425716
1.1038890006885929,0.6382733499582365,1.2554369835109496
1.168768301694114,1.645484507623459,1.181413720605592
-0.0988686448977598,-0.13249572355135802,0.1116960404883999
1.6448882513021696,1.3587357263462128,0.892587740837667
-0.5315329469175414,-1.5859898984419556,0.7326180356587289
-1.1852645448341597,0.835429357153599,1.461560293702299
1.671186334787479,0.042914346438631484,-1.117372560925325
-0.34417538722673324,0.27773055245971956,1.0291009556977897
1.129298875013425,0.3809720823454755,-0.9184224569936019
1.3984190743223266,0.6972819645722157,0.4312757333032625
1.3812037992856199,0.8800490102013551,-0.8158337400628703
0.9252513423354564,0.8241075766903301,1.5787911537414931
0.9592053381625288,1.5787776585547921,-1.2643336943240584
0.45475876776736246,0.11488813807011178,-1.791727917941078
0.9818355128271047,1.0101553682169642,0.23213073752093738
-0.261496811922787,0.3661611881939748,0.48908471713277235
-0.5524421608277323,-0.49022862932496747,0.9313305384300866
-0.33203088743814435,-0.5104204987415981,0.9209518128816138
0.18572822433066605,0.22215954426069598,0.4333047105177216
-0.09706658457084902,1.03211675947631,0.21730278598970934
-1.3840185181117854,0.9509164265617104,1.0373489497106605
-0.5761737709506412,-1.2221121987621317,1.415205010926385
-0.2987220791737658,-1.1460610452792854,0.6638028057973234
-0.6935028099837961,0.5839225120736409,1.7780780297107732
0.1483471169884099,-0.39653375689370013,-0.3863307083583857
1.0060135702167161,-0.2398598045803728,-0.8277040264072597
-0.4145316787352652,-0.34219307837023255,-0.10945104415730728
-0.4281872972080285,0.13076434569566997,-0.04056313188874558
1.1064861040611629,-0.20065867151858308,-1.0976860160702677
0.926912615274269,0.6710736363599238,-0.62894178727868
1.634406726458141,0.5048738004692603,1.8532133498625067
-0.38792192045465945,1.2659708649206964,0.63017435424876
1.0831442004268323,1.0530390688104405,-1.6412867386456385
-0.24020265416558534,0.4277134825580733,-0.08328210319598639
0.42794344881574686,0.8239822053212065,1.0522962309144366
0.9713174614860126,-0.36171807466063594,-0.6837529124640092
0.0226826595357062,0.19153902928709404,-0.010885652951142803
-0.816877756029686,0.8012271899528087,0.9269724102481836
-0.6863414334586007,-1.3592108905297833,0.69358191903984
0.5931331465543628,0.2819157769755948,0.32381675530117615
1.477444702069035,0.8630780626203404,-0.6391634753646928
1.3861589938364682,1.4944522887224871,1.035463036384575
1.7933494397690297,0.0926113920870077,-0.7384429558915904
0.055152700904079976,-0.8792506477115953,0.8454710098211298
-0.3629320006868464,1.0077376283247017,0.5244146321860153
-1.6262592126422386,-0.20305293587750306,1.2284717624876835
-0.7404472296384643,-1.2337603906384125,1.9809479651474895
-0.23324913252971924,0.19469660086322402,0.07892536491610663
0.5483792915131083,0.7901918934880905,1.1957498244911673
-0.6390891304853411,0.6368975279412319,1.6077135694567075
0.491428832824799,0.8808973093491654,0.5341895591402619
0.8553104655626453,0.9748424532400567,-1.1791510579727833
-0.34861257809107127,0.8862461401573962,1.6362328290471402
0.6992835799619262,0.8294569615177827,1.459378283678702
1.1948872778521709,1.3069229450409947,-0.942298591087184
0.19992865438952376,-0.7964560595818666,-0.1444920771657492
0.6256675080837737,0.5696424685102961,-1.449278020350151
-0.9552803367186447,1.4028628802386676,1.2071979105565807
-2.1816995764968126,-1.2566908574608517,0.7496335929261592
0.7328233318161981,-0.22466422277017042,-1.0062751867027753
0.5949422234227641,0.22582801611447745,-1.2196635767055106
1.3335688618195616,1.1836720316913747,0.9719337154165412
0.13192922434740403,-0.024710424908224282,0.0653711281544524
-0.8084009283504975,0.06797788442059315,-0.0643619753106395
-1.851493637765925,1.1832672459154794,0.6081115101132772
0.41411732735297324,0.45318246592245504,-0.7959733627315737
0.7880886991877126,-0.2761352493375619,-1.7184791021338206
1.027328851975927,1.0505250058347997,-0.07762136561290411
0.5215173503677317,1.3250103289576791,1.5424960114283293
1.1245559750785707,0.18783859331776034,-0.8235040711318915
1.2886250020504575,0.9076534504620924,1.5813042653284137
-0.9863881654613276,-0.7544916576840366,1.150182343050901
1.1596892490421118,1.2588783758810964,0.8067254150802504
0.6814839244031639,0.05840424391029078,-1.1712581323971218
0.4560575436080323,1.2985014264108883,1.2581936724564302
-0.8468044061036286,1.0565028560349854,0.1477734080771197
0.46865928339485297,0.06624605003868889,-0.4503456703399562
0.26492245694732086,-0.2761407464505156,-0.03434556031910474
-0.6694386730677901,-1.4264128686510722,0.9793831165569393
1.4177544207506316,1.3715641912032854,-0.9539390742238097
0.6612154606726688,0.6034430602174772,0.13864395455851408
-1.6026136120761598,-1.7862223565906021,0.7651538917519409
0.5936018275327883,0.30209584495787933,-1.4221296634369838
-1.1079807587300656,-1.6173803772742987,1.637671182481605
-0.8404944942300743,-0.6859259670758495,0.28892761505191944
1.5091640868989695,-0.025239021181738576,-0.9750273186690228
-1.094804788005051,1.2999600957694843,1.1117071352866104
0.6658611786960971,1.8580596511093552,0.5249606323881948
1.5125981597013651,0.01906915784891838,-1.6586045546407764
0.5832452270090527,0.033604076369740506,-1.3156986379544788
1.311344430466655,0.7795257134685867,0.6727204466310771
-1.2155367424770953,0.5965781263695167,0.2149497233309683
1.288089606762163,0.20839074939670865,-1.242929218188366
-1.3015448454763847,-0.8469385794090034,1.4499730181212964
-0.9832677722196075,-0.3923059374650151,-0.04546273699961608
-0.44053065150788395,-0.2508203381789402,0.48300127798076825
-0.8227991478210499,1.380619908229617,0.59153501697588
1.8053548990106494,1.0546141324330949,0.8538713794751565
-0.008641920584817164,1.1713411655085795,-0.8432685169135593
-1.030266241730332,1.7890168707159233,0.4456048230404007
1.5648882221661717,0.968143443501714,1.1809487184998937
-0.9025879183254621,0.9758385083212366,1.4511121002535594
1.329880696314439,0.23432519342186225,-0.7713877212397032
1.464751321043276,0.6290587463237703,1.095347593093914
-1.0240150166754258,-1.2407777767740709,0.7467074413140091
1.3598394951917627,0.3660688602874491,-1.0923456444791741
0.9539246684894084,0.5267657939000938,-0.6264758295700013
1.277479182005258,0.2897712704941649,-0.45628343026539586
-1.0950733267843937,-0.9693563718193362,0.7952945768230786
1.239971491998482,1.612300332937479,1.4875047406789266
-1.166650122246185,0.9747507947555007,1.1583195394838988
0.7743685477053086,0.4878782405316422,1.3489829313120578
-1.1994535583153807,-1.3804737481551825,0.8632712719015457
1.2142560900066437,-0.4776634624365267,-1.1276032121891413
-1.533844242764093,0.8457309476088607,1.1738010584365224
-1.4456185800647974,1.1034644591421552,1.0850959103430642
-1.653569183623715,-1.1699325390102553,1.2009998784517162
-1.2915837000132648,-1.0756057190729897,1.0721179522013777
0.6672115567685875,0.23780360105258783,-1.0591954990091415
0.9790209201403524,0.23198886841344413,-0.7320527848380711
0.9000909551838466,0.2114156807325606,-0.6495149682713347
-1.308696325838713,-1.1991847387271368,0.79498635574138
-0.7976137786176539,0.7086911190373548,1.8660224271226409
1.4839575840076418,0.17586788890920949,-0.6384434397455994
-0.6121723896988372,1.130742160244175,0.4442805079156039
-0.07704257550432242,-0.3091334923555855,-0.045598621135850545
-0.6708868876663989,0.6149395952324095,1.2771076127395442
1.8978729021721024,-0.1758728035673799,-0.5459852571593042
-1.0183715314960642,-1.006627363929008,1.2733298046064367
-1.6322415763236675,-0.5021739358578977,1.8925995644110993
0.9861743040624786,1.3622870401989462,-0.061750335241423704
0.6663363813133676,0.2170016918658062,-0.49649550409597254
1.4755653485898572,1.2833215388804255,1.1405792830166332
-0.8635136630031867,-0.3998901563996048,1.029803837530709
-1.3337085372271862,-1.6870688593453584,1.0944569639516404
0.9849745962535235,1.2279035678816717,-1.1296707444162566
1.1753902955238908,1.007846663077596,1.269144494386728
1.5680739755127795,1.2368455601139674,-1.2826676416292562
1.1018924549520839,0.9484490485244985,-1.2036375221246278
1.157983188129323,1.4291718458029385,-1.3413597896156446
0.7242089913683973,0.4859776427419877,0.042308153409649295
0.5997482510067037,0.6579618102363181,-1.4824089485632475
1.2862436271892363,-0.15729456366513817,-0.9864172459339327
-0.37950189342890817,-0.6470854029603137,0.695364853985512
0.42214349877263424,0.3099744428433897,-0.19232029891549418
0.43925957488308764,1.2347428375201082,1.8761822503239913
0.3889676234576963,0.4837476713339053,-1.2665053545443166
-1.3259472595637376,-1.5905050176007118,1.722229773074726
-0.7567015233260126,0.473147232021366,1.3104111655373902
-0.9918331331148328,-1.586269542936838,0.2923798785042404
-1.221235926765653,1.2783455356375142,1.469376910652978
0.6997118662028748,1.317084407093466,-1.5906628894072212
1.2160071206892562,1.424866979035464,-1.129405978713783
0.501979510598402,0.8468730076052999,-1.2424335328878635
-0.6027689196552055,0.058485918551023724,-0.24188754665419127
1.0500898010591628,0.8282377835498989,1.0489190012129135
-1.5163768877972896,-1.1627897465493484,1.0056019869485522
-0.7243342171702658,-1.2734537129145551,0.8905082991332958
-1.3938136201927873,0.9976181163149083,1.3136011117242992
-0.6924641296124412,0.7567093970220963,1.1452462510978094
-1.2615593553302307,1.0109253519405754,0.9810517189822257
0.6627590781348522,-0.46688379424574367,-0.8873666379656663
0.39090534812124894,0.07187815244248279,-0.019786628529300607
-1.4686617389270247,1.6782891511243463,1.7589154779092446
1.719074610739809,1.256337144506804,0.7715284040868813
-1.3627611498888244,-1.9401823410497445,1.6691472807594119
0.7468769603111272,0.5624929437050212,-0.8230791375458637
1.0020974798872733,1.0187922375058969,0.8199738114083025
-1.4200746149446677,-1.388919297893934,0.8198986448886914
1.0325165700169925,1.1938365515357099,-0.8930098444407755
0.8771806636299594,1.4574264179714451,-0.9574024078839632
0.8481502013292664,1.3428633553693154,-0.39014456140689746
-0.16082426434702746,0.7897476264058463,1.0129628053360544
-1.8144882011423746,1.0189973873006573,0.9003712621387837
-0.37463465646715666,0.6726285336231994,1.6129470898712466
1.370502996433757,0.8455989697402243,-0.9271607016736552
1.1327855714266215,0.2040394924829092,-1.2290344192506109
-1.0195860123433802,1.284564231786198,2.2451640804175366
0.1354784454790552,1.193013483928474,-0.7358627781749274
0.7375611055977433,1.5077022687594481,-1.198926858543068
1.1533820059416864,0.6035635458673545,-0.46808225391796965
-0.19808603920189405,-0.12173794842158057,-0.12517158687600566
-1.452027735616143,0.8199948568016745,1.5028596867450292
-0.19715396495348733,0.29997535717793544,-0.6747507805492212
-1.105063808126467,0.8654452218355455,1.3841219185125881
-0.5663207023825829,-0.9158787839112018,1.0793574068709946
0.48196849117455354,0.8656861202839488,1.6676086101157572
-0.37589778818762765,-1.7806411651531548,0.4738234771800617
-0.8407410939509852,-1.0231630999507635,0.7059532797101649
1.0695788833651245,0.7527299831599324,-1.6476692226063459
1.0445074076669958,0.26969932336990626,-0.39346101368032105
-0.3415681190082873,0.7848273447594113,-0.3168014296380978
-0.21496512378768207,1.001478268739139,1.4045852141633426
-0.27277523097687006,1.3100621976139133,1.2212160343409435
-1.0330370301405163,-0.6920125074659109,0.690014870374406
-1.1222442456615214,1.2923835905504863,0.7397360690526464
-0.5192273321841827,-0.9964846229471712,1.0231456189707027
-1.038649468005956,0.8336132288210565,0.6217015757212876
0.1672282368465111,1.6785825473160152,1.0844069868810473
-0.7018557103688496,-0.9625906014245561,0.9349185193723633
0.44030869631014746,0.1388345936969937,-1.012314600965366
-0.7744848499972341,-1.236557891935219,1.6220794136589367
-1.7081924551104313,-1.2312453834862573,0.8967965855209564
-0.8185657905963126,-1.6328892666985912,1.020091079666272
-0.07316062696957076,-0.4661766104884228,0.5882647962609158
0.31645600174235344,-0.11391822265897328,-0.4712718749337108
1.0546986010593853,-0.1295923402802309,-0.7991061118592104
1.0234435669487172,0.5088685735772032,-1.1279629112011655
-2.0542990956067513,1.0013502026388643,1.131128469137234
1.3449573889531035,1.3812500181504346,1.2052341680389171
1.3673266424009252,0.3717997585507291,0.604148745371865
0.7086438747033159,0.6349647207289493,-0.7194440424762003
0.8825732653636456,0.36044471242486864,-1.2447071448770877
-0.4150981583861084,-1.1161815664911157,1.4290167198291035
1.1413575189835827,0.23985745629001412,-0.4913212833909768
-0.9280342521814333,-0.6648677859082077,0.9592021133456272
0.8720609906980624,1.0607031968994962,0.6659428393479907
1.0431935682900915,2.0427436652599082,-0.9226374531241133
1.023101658666891,0.2558950026795579,-0.8190014175589271
1.07862191060463,1.412737815787454,0.40577585078521117
0.6158212184064473,0.11450933471097696,-1.3378949635164705
-0.883019026268542,-0.10513619978495731,0.4712349474248699
-1.3651243677186051,0.8330278472042271,1.1376215686253865
-0.8707258070167176,1.5135267439414246,1.5179942339267822
-0.20950371641067336,0.7838735927823532,0.12529667747744652
-1.3403536356155594,-0.02351131101123438,1.1748507118924207
1.1016510748285742,1.2788203915358907,-0.8432474951017661
0.5485461942483172,0.9716378549890525,-1.134066789290554
1.0804134014866282,0.844137060838551,-1.2499244818143558
-0.06977757371411286,-0.2989717012996819,-0.5327652441564344
1.2507508254116089,0.9804937392627538,-1.3954116031463601
-1.2022986817047747,0.5764369651773598,1.5926653609850394
-0.5004911661510704,-0.11367515286191143,0.6271166039182656
-0.8327176976448112,0.28959529838063913,1.4255763950243425
-1.5493611555878997,1.2079608558115011,1.7475271362175413
0.36095210833261737,1.5960550088399366,-0.17819404423809604
-0.10123473640564434,-0.1679387983324916,0.008685207393937081
-0.9410807998443664,-1.272197619105619,1.2459778556125514
0.42245807354658327,0.08152761874510472,0.7797852602033666
1.398506727778856,0.802497366735475,0.3773672405360995
-1.146270833012208,-0.7982917007846464,1.2085797596238117
0.9056514141865291,0.4195177758684964,-0.8762438230160718
-1.137019680343106,1.0681855083986282,0.614906973886155
1.4085832416061506,0.3289369194750207,-0.7206403514682396
-0.9117834291944532,1.4871836609222233,0.7947214541946416
-0.9208333330631698,0.7570110849518771,0.8382552029239909
0.5915068731477147,1.2833425789197412,1.0975202855084796
0.38692641163050634,0.5485637307611861,-0.6110224008327959
1.2650144133594452,0.6708576393926271,-1.4156880655963064
1.0483081862205448,-0.25562613313280647,-0.6071956055513639
-0.9020171627311984,-0.8101466057732831,1.2830367287898479
0.2352629057743461,-0.28259020030631865,0.01290592430850112
1.1001721132004179,0.27211486628710274,-1.4631734798925224
-0.6406561726612057,-0.5500893120056749,0.7949644812085965
-1.7649019901679108,0.9725463815658125,0.4526739844668758
0.5711443952057572,-0.16854019339784299,1.1746239216630672
1.1684989514763922,1.3387359781876662,-0.7862611146184862
0.2173358387996192,-0.34420954719249564,-0.02899108783761403
-0.7072407723062475,-0.49819251904752404,1.3202807790182307
0.8540189081828459,0.6643161330643974,0.5820763223915866
-0.41717130472349506,0.14762081943598723,-0.15319968579338308
-0.7470183133430797,0.8103287299584141,0.69129121704285
0.838674093071317,0.48465585025966673,-1.413057079248823
0.3580782756407749,0.06776122996482781,-0.8478653398736469
-1.0532012655720255,-1.5283569130024643,1.857202821833964
1.8667837068987865,-0.35917679425609217,-1.0078723017313078
1.6394590374364442,-0.5827430512992152,-1.249909033111046
-0.5217874447653162,-1.607587912325326,1.2018327257909562
1.5978924029077217,-0.5436805074653293,-1.2353360229230743
0.8064456663782713,0.8718610767222719,1.1696663785607666
-1.42649397275969,1.8499085612067847,1.5325356247953614
-1.1489276211751691,1.1749252748155843,1.0740702147319656
1.2674966622370052,0.5633196495442743,0.8451601190102396
-1.850890968140598,0.9603622799034924,0.7588717376864154
1.564276928168358,0.876115675277371,-1.2297946821665102
-0.3873934587847583,-0.5527076754270815,0.3080200435670344
1.0763694927020424,0.042858131895027324,-1.0896963822192745
-1.399237851107614,-1.7017139411289997,1.0378110270353873
0.8511172895715788,1.4354994478816745,1.7538345223738436
1.0928199749430545,0.4207662634010704,0.4370144902493779
-0.059951213408867325,0.4449169799566911,0.18548922302284582
0.3103752756527858,1.2775293815436408,-0.5333886655115987
-0.7250292979493983,-1.0354176858332051,0.8184434335387487
1.0502305813886168,0.9307712702864521,1.006231619032587
0.9749627488401911,0.6984141644533295,0.8877299692532904
-0.446425670428758,0.06847485749826518,-0.4571770185532862
-0.6201621714542047,0.9762339274910024,1.7422013259177054
-0.3332566093315865,0.4263854878927304,0.0071329018119030115
1.6171227095078728,0.8656856244081002,-1.4618537354915377
0.3258737749176277,-0.12448331566947257,-0.43641868687762986
-1.5016643947982415,-1.2220066806176437,0.43905228663047
-0.5702667980919025,1.1985600470935764,1.8300260157394166
1.194298858982184,0.8427760729052743,-0.6446212278565782
-0.1827967335300926,-0.56329070732298,0.03083144455259745
-0.8642576748975118,-1.1392629587269252,0.9700293775526209
1.3534498195883888,-0.06419448813142506,-1.449160462430733
1.6422711832329817,0.9433349472511027,-0.87907083986069
0.3271730865208857,0.5264397807401926,-1.3820329152543311
1.130453208896847,0.49955456944587884,1.3696108076827604
1.1041122026331545,0.6144964295157556,0.6171396340419828
0.0037705442255092955,0.12118874943491327,-0.23566415519557682
-1.13303175193995,-0.7187439211055803,1.999372193488598
0.026313875789899778,-0.2403318556383659,0.31187847287179776
1.5442634383354603,0.4764718403523551,-0.20780486232833018
-1.6509246911789264,-0.9252039161101343,0.9822906720621405
-1.273796692245119,-0.8170702875652938,1.8392885898186988
0.7185374490739669,0.2568180367574245,-0.7978426495118147
1.0721220205350013,0.6175457188165843,-1.2363273392365717
-1.009693133547877,1.480980499193229,0.5618917924628781
-0.5116714804747808,0.6492904875152621,1.684816113607157
-1.1468948003197144,-1.1685427231081769,1.248538695987641
-1.5014024049487047,-1.0859819352315805,1.154299987272678
-1.40088680757069,0.6990259050587859,0.4132859237537292
1.2613915927806962,1.027562453248389,-1.0530416312961988
1.0768016947874708,1.1110063435527562,-0.8719248580312507
0.5786123863706892,-0.13649248840936845,-1.0254999686716713
-0.6204747614113519,1.0522760097857529,0.9433896986532206
1.0093540858634031,0.6542293178657121,-0.36419078555845497
1.1645430524605755,1.1641533107147568,-0.514133287946839
1.1332922139960087,1.519659928219067,-0.7329807678520017
-1.573260725809885,0.7901350371732788,1.1974619390572603
1.1502792073382688,0.759744524032478,0.8833225000826893
-1.3130394389674356,-0.717187056155686,1.8338851684924065
0.7944800989167861,0.5490998664995493,-1.5075004030405132
-1.274686137201318,-0.35044600287553906,1.15326727590356
1.5871401779989238,0.9878947769612056,0.039529160029832866
0.9857434070810066,0.3539472736377962,1.4658957417828686
0.22837639757687933,0.0473400262620709,0.15662047010403754
-0.9232409056507855,1.7793370579159253,1.4100436610327094
-0.7871975204712227,1.1446644244988067,1.7044752499469495
-1.4982869505785539,1.0219736443999394,0.7161680581003309
-0.4698271563619686,0.4372739962009847,1.2343616804658597
0.17416248255538735,-1.4111695060042955,0.3157586582253943
-0.2094817131558101,-0.5463183712203779,-0.31412716810529534
-1.2497381558852896,0.9261898569376602,0.758102134184715
0.9897783716034219,1.469091607703746,1.217440061837773
0.7072570766336457,2.0887648591625974,-0.6622176511713337
-0.5212356204954591,-1.2387579138927887,0.33021221581870186
-0.9951105806339322,-1.4786662369137584,0.8937757949925835
-1.0316269367458226,0.7683503561457015,0.8076664841952083
0.7023026532177714,-0.3303076381872633,-0.4515604744352312
-1.0513053921935323,-1.5533363107886442,1.3606914788561095
-1.773635098183831,-0.9907677364198317,1.2499614378616173
-1.136363150938432,1.171326676950095,1.0308625984870867
-1.0589360906486025,-0.6144298307777716,1.0997803783720288
-0.45736664566880714,0.9198589688823344,1.0927368368539392
2.0318837350617276,0.6785301728121076,1.655646722177627
1.1127795495236206,0.63192278296062,-0.9045735495431696
0.2006620131421495,0.7178733104336608,-0.8016937707937959
0.017560213249355378,0.3722133277298366,-0.26433647870103233
0.005368194155384045,-0.00531323558360781,-0.38177545051638534
0.7509077675985009,-0.42053160720931154,-0.6801341938609701
1.177658068434903,1.3263017946608278,-0.7590106254870547
0.048996370149781865,0.034942970104105485,-0.29232525024350126
1.073943461624146,1.1008779416937147,-1.7881234325405604
-0.8558426419927679,-0.7982848586462911,1.1163858920549772
1.3391715013421128,0.7462909423873828,-1.1290194840906487
1.6449246111614193,0.47899541601526985,-1.1825982438016382
0.14043651667069393,0.5504927882542291,-0.08831565991682162
-0.686850506020571,0.8275497721699604,1.1632211387347022
1.2747096282013421,0.7432714384222634,-1.227740569432455
-0.8352188003752762,-0.659363581642721,0.6361278242750098
1.5656116542247949,1.0873355001768643,-0.6128272204940041
0.9768653550489625,1.4511152108446583,-0.954411732748891
-1.0036729413540555,-1.2071029788888878,1.0871209358994904
-0.24904555998372757,-0.7156049562005765,0.4028471293649492
1.1165134662761025,0.3180936997028728,-1.820420963141542
0.9332741037206427,0.9952010621489105,-1.3912092094090274
0.5920125124929245,0.0642248473189677,-0.7744733762453984
0.0037581418303397826,0.42251539349844924,0.15901110262926157
-0.19315108771645395,0.01748415879679354,0.4891231688533633
-0.11248790662074637,0.9363819158399795,1.118249795498838
-0.0303595140318643,0.03212782905008476,1.009803710642998
1.283764392234642,0.9437786057990273,-1.2524964544962802
1.0563544987644815,0.29262425377485934,1.1292670856739127
1.4004184370268564,-0.081292917199695,1.2711501278123631
-0.2587345216670494,-0.25167984278812955,-0.5758821186472142
0.8606135234552079,0.3976011153475387,-1.0169071993739172
1.4595062801488414,0.3041144884887601,0.8550236234387472
0.2641448509750788,-0.5059555376410834,-0.9779167964030667
-0.9767149091659774,-1.1573751585098202,0.23632101640910275
-0.5272435628160154,1.192363237099558,0.918990309174068
1.2879031768592728,0.4826908168515345,0.6174254492727964
0.9189576908327705,1.3920016944535576,-0.8779396656500109
0.8344759525512412,0.04505467273025615,-0.9813273063352155
0.6376811146515409,0.28822442983062757,-1.2132016327305337
1.1817325732608914,-0.40753698774986075,-0.8559934139047098
1.1996442027195764,1.0511708809498317,-0.7457093894237801
-0.9402175641346762,-0.691699916152485,1.9526854126930184
-1.727191690154862,1.3038849181936674,0.9622165142231989
-1.1677739010634203,1.3025953417264393,0.234375971765013
-1.3513053011293867,1.0399547817636852,1.1922978319071935
0.18383019532442618,0.807110325270026,0.01756332075086272
-1.2936695195113983,1.0327982225654242,1.1829121618460965
-0.9895180988903858,0.878574269893634,0.9676330649349247
1.175209442131239,-0.10512672931882379,-0.4824043146833328
0.08387442542979526,0.18301677360191249,0.17349904373941413
-0.9655556526964089,0.7012306859719329,1.3960664955837156
0.8173484857112379,-0.5420344263100024,-0.9723985997051754
0.8355306417786734,-0.010698520469170053,-1.2631593954298963
1.213156688090816,0.7530857172484451,-0.5191003986555316
-0.7279118558093236,1.1229614278878755,0.6701550998260957
0.35932101987561416,-0.2775066429987002,0.1369803516707606
1.1075249425648617,0.7925448010061696,-0.3126544016944497
-0.5627242178419487,-0.21861931849459015,-0.03904827830963044
-0.9091862084540444,0.8703727299164119,1.236576860700742
-0.7236356170431228,-1.1779227352681962,1.0556114747812502
0.9162744721682554,1.4291912191064047,1.9455489978477445
-0.47160168418371595,-0.9567943516081996,0.6373405819382829
0.9037102784043797,0.3195438102931032,-0.8503751647475826
0.6240480854690579,0.7944532330653226,0.5763145912444194
-0.510572447032549,1.4385876935243536,0.749729085001515
0.7602788845505098,0.15785763334266645,-0.8566800740268927
0.07271249303486405,0.11776759107361925,0.14946136224845932
-0.752386821364587,-0.44318449936516346,1.0444517501186048
0.24782578237476738,0.37224416185012643,-1.254752955575583
0.3885648070945331,0.6228746529507032,-0.9698363484301337
-0.3345068671426106,1.122097250612541,1.234956679922405
0.2474225427911698,0.7942705644059359,0.04941168073643721
1.5836643976754767,-0.08294270747760187,-0.9482213429810223
-1.0514185173007828,-1.2606700488625662,0.12224701207199029
-0.5001158319262726,-1.422598828250104,1.4300886164727664
-0.8321177566570936,1.1106326022364195,1.00342243232974
1.1492489588364037,-0.5914694385241189,-1.8918706562919925
0.5924946366494379,0.3035391063355186,0.33317817713001663
-1.8867275357416258,1.201097922996326,0.0026916718679689255
1.3443640418165852,-0.2030771080720366,-1.536388814392512
0.5968151060345448,0.8216382331694574,-0.8162099764123963
0.02763407708970846,-1.1242513266472336,-0.10692680926712357
0.8701521302408235,1.0950926911623944,-0.9587687113876607
-0.31899419893751546,0.15220812212652116,0.2762803557394548
-0.734118901866756,0.7788316650530792,1.400729941472775
-0.42849593518529183,-0.4262761322591696,1.1139018373542273
1.2916947797243012,0.9667312912261522,-0.4490659881886633
-1.3759871316600267,-0.809339583679777,1.686363052453078
0.7673276344205425,0.5940973077228533,0.7402889819735972
1.2836015030354049,0.9641057222851093,1.5760468861797892
-0.8242189238168037,-0.49281580515876444,0.9902405731055374
0.7577140307986646,1.2968381488037228,1.1197170321625967
0.5897989470282059,-0.3704956450354204,-0.10471228893708272
-0.6344913514457657,0.3817080853237067,1.6359355912722737
-0.31508897330620766,0.09051690689737456,0.7854211334175264
1.5774528013875257,0.4973972422882974,1.325282074699191
0.49485409850872886,0.5081894995130456,-0.9571082846323389
-0.5199684174292555,0.803239020997518,0.24937891758325037
1.4486756569551675,1.0916379326585517,-1.1292670662809938
0.9061651466499412,0.43385170317983424,0.8317418708938564
0.8435901332537694,1.5917927047443492,-1.2636095306638682
0.2907870127172474,1.5047686002855967,0.6377070796549524
-1.0026085260917832,1.239517755824764,1.2673361954872324
-1.3863130531455838,-1.2154294693186496,0.8132964752194238
-1.5072547219901251,-1.0673036537950167,1.0273486263870635
-0.5253061519290676,1.5745341622823914,0.9047558254751784
0.8779101182581329,0.7561951191362868,0.9252114788058216
-0.4663896742721845,0.0410762066994349,0.09913851276072991
-0.09474081964887132,-0.05367907571418119,-0.36814344652277015
0.2947053380671588,0.24754413205785417,-0.25169350535496776
-0.46340963378764755,0.7030063069846464,0.8058776658528527
0.2583190566414846,-0.4062652923519304,0.2152846421969029
1.9195592494477003,0.8548645758241363,0.8217989914396913
0.35559889284593293,-0.3679592681784615,-1.0592714133992915
-0.9157326139187557,1.0838136921051178,0.563349931136359
-0.9441393303136414,-0.973990147524488,1.3253121624258373
-1.0500697713532656,1.3387528415539656,0.9539103069791209
0.7960424188537469,1.0728682510848406,-0.6432489461718902
0.8080141429151164,0.7113723670639882,-0.9444575870276479
0.7973460664848323,1.09594910091389,-0.4058090522909802
0.7182625237828963,0.43661548145457607,0.3773483305904385
0.8947884308246519,-0.5317436235736256,-0.11380412173568887
-1.2433975614924808,-1.403147165288852,1.1014949187099332
0.20410088896200743,0.1048066297433903,0.3733691817903457
-0.18415693306266206,-0.011187765794792918,0.10944583246628206
0.05086956767771416,0.22329284275132127,-0.06905054120339126
-1.3770232023167506,1.6459115162839406,0.8711887382031767
0.005017296517548231,0.8167107882973996,-0.3343231780864402
0.7403694665733443,-0.372466104310784,-0.8090815964762307
-0.07384439777481992,-0.46308516957650775,0.20429421984290938
0.8262015090270738,0.8763311506125442,1.0888535086534852
0.8127501864815239,0.29854929673014896,-1.0141267438379582
0.5076086012778962,0.004694547888774339,-0.7890245392560014
0.6404504756490681,-1.1815293941602498,-1.2092417227537986
1.1159320167482847,-0.48637512719036063,-1.098327650684423
-1.3348360534460157,-1.0234881708418515,1.1786146027762845
0.78743543954463,0.9227671703973549,-0.5798721790894579
-1.1642073930918921,-0.27244058711987007,1.4708739852737356
1.5087598181695774,1.111192976087569,-1.338989556226026
0.967713367956567,1.0314540761264361,0.20071972618715694
0.6214036816046287,0.9271357664568304,-0.8875153269663738
0.13452918772851233,-0.14984912773042197,-0.19206783368289368
-1.3116370957506802,1.0812943818344125,0.8169467002649539
1.1752021034074907,0.20800175232032397,-1.1803137972373863
-0.3300389199782098,0.01858450926167583,0.031154290792269917
1.293271726969023,1.551257072199045,-1.396249289350903
1.1001971401383506,1.1385792837987903,0.7279901113686036
-0.9295398192449231,-1.4999281358357457,0.8939049838119191
1.8242991699527948,1.702136336977282,0.9004143406083706
1.636318296868501,1.0482539043573817,-0.5823899482230481
0.3702633129072148,1.1630758947348707,-0.7676001840153232
-1.3088769551217516,-0.3337587145253891,0.8497999839697716
1.6441171921931486,0.6241739330984166,-1.7233181313998058
0.9834035581690483,1.388195383845352,-1.5033058517469153
0.39395402550020764,0.18130961685327032,-1.1992767682805756
-2.217862615697265,-0.5913459144689568,1.5745472136975016
1.0238767522318946,1.0424731677760866,-1.2551234771439743
1.2695075337345039,-0.37108571691374737,-0.9228804829974925
-0.8410411906163062,-1.298982261583285,0.8877991786353531
1.6710803256305762,0.7785647033168022,1.2275932316741103
0.5671367456688019,-0.4714764527185019,-0.8591845548167518
-0.6204104727933281,0.6020783995516159,0.630288180149506
0.6477574160873403,0.3056750464542257,-0.21099009078123787
-0.6373823371560144,-0.9710991807048337,1.823124470839105
0.8195124692224494,0.9476797625092177,-0.8828684625653266
0.949786513313597,-0.27317404252607447,-0.1444348653547478
-0.8719133688204684,-0.5114820217259408,1.053583352232094
1.3877828802106946,1.170877744748674,0.7415090760624787
0.42227769955325994,-0.4388575479081855,-0.24906870662095315
-1.2286984167824246,1.133043004129679,1.3732512289364278
0.9715518836678656,1.0342378815778102,-1.1113491870431575
-0.7982066974467932,0.3747862773714985,0.5282161341968878
1.0620762735435916,1.3300393058670539,0.6531479137156398
0.850975087771634,-0.272540642574084,-1.2636238762058163
0.1778367980292516,0.17353409603555062,-0.301246932248232
-0.19019389647577714,-0.26553324113027615,-0.09642528898631236
1.2899317493943327,1.3691910260561724,-1.2082522426249196
0.6024588963099786,-0.1755399961912686,-0.45562460304654046
0.687838157628549,0.04700704766323865,-1.1416874463666562
0.06645624523133226,-0.4598965821471572,0.12973828447796953
1.321594598356201,0.7873805157441162,-1.2754599634547068
1.34197786042246,0.21378741402740445,-0.8692671162065919
-0.864525072831324,1.4117829926393428,1.3489261520113802
-1.3807673840088943,1.030992207407545,1.1031010160571002
0.8531910325473493,-1.233024870057295,-0.8394281362530152
1.2973056376090861,1.0683461752511767,0.9264066654589284
-0.45043424591542014,0.6590452935703586,1.190146244276804
-0.23891157433849908,0.24663174092290846,-0.522839337759653
-0.43438526829668256,-0.2804998177616305,0.39045547602676844
-0.589747154450967,0.05680476419704816,1.2392396620189865
-0.8525067410729921,1.1575189192865007,0.22893096826175596
-1.1818190874973777,0.9125386890259856,0.9634401769963542
-0.50262868875883,-0.8578647217639452,0.2762929141646967
-0.05985437770071701,-0.5347911832562218,-0.0049463752969458145
-0.29923639313946504,0.11666357327561845,0.1157355622571938
1.0502194346604594,0.6175765793266421,-0.07294528453044857
1.4910675969893168,0.5161435925235178,1.6690289547350814
-0.5512568575078116,1.9280162888069037,1.0784525836095629
1.238403469194448,-0.18644327981767186,-1.242262253404253
0.9869221007623628,0.17302315998404927,0.9643519841948847
1.0485844256798185,0.8002195228459146,-0.7323659158929904
0.6325392214063207,0.5983436932991728,0.6928809739583486
1.1938938591875696,0.8792806026414989,0.012147867456675732
-1.3509936088622527,-1.5628348779136068,0.9119927889361303
0.6008968869362581,-0.500768904189381,-0.22946183771154638
0.9275103307127588,0.7402507846714296,1.5285216129092047
-0.861553068480911,-0.8031942877732405,1.8256880539409643
1.3861057537521793,0.28839566137236783,-1.8072936445724785
1.1358115149616865,1.2746299647244221,-0.4622264367667982
0.7500901553933554,0.04180561443032846,0.23926886013391782
-1.0761784743716867,-1.229633030834908,0.8875498060447655
1.5078453050399372,0.5019397696159658,-0.4569521467799442
-1.1014704310169523,0.8619341178200814,1.195701814030531
1.2813015312383789,0.29048994711899256,-2.5689601006473373
1.5752782340834992,0.13371018643060845,-0.7605619634222431
-1.088989958711306,1.818744878287823,0.7300263924837791
-1.3980593927413518,0.9273987351457331,0.12917398142285808
-0.891031441338556,-0.833013964071482,1.4764343419093908
1.2141834989638534,1.4836040795603989,-1.711950043283267
-0.14830823866420387,-0.028938990060268538,0.0208082601758479
1.278215103026311,1.3396408442972576,0.8824132209343271
1.2651525074669652,1.46938954299413,1.0724086234814827
-0.8055854842329452,0.3810784044246538,1.4330764215548293
0.8100218755356176,0.7386683069705152,1.7061816961124388
1.3035714359147061,1.1124765695877503,1.0416804415807503
-1.3519257414008217,1.7948244446797765,0.7876116408752142
-1.0180491561296208,-1.37035596155646,0.9545333243674259
1.598012123894335,0.47481258802109083,-0.842409909654239
-0.8775461787588978,-1.0924238147363594,0.5232501183235001
0.920374978496052,1.0739308134486616,-0.8668958085451959
-1.1813656433535416,0.28174273094799396,0.8679639233194251
-1.1731095534353555,1.3175273868575264,0.8810495683027574
-1.6066570197683165,1.59077377044731,0.532888179492826
0.45631432018098983,0.11720352290346202,0.2342086131427471
0.28438193830147107,-0.299203794640214,-1.7139754131488418
1.3353963097806567,1.032731743419026,0.960444138723543
-1.0460438775692957,-1.1383677316188683,1.3556615299151225
1.7770308715322527,-0.18055009243253745,-0.9385886170998596
-1.1380587524552108,-0.7248268111794287,0.7548066914917242
0.3631409539639481,-0.12577751611905175,0.5302000878885027
-0.11019292607160891,0.07291208941514789,-0.5256798118492437
-0.9608746827626771,1.441573418680763,0.897487670299371
1.056686765455962,1.9277318159926777,1.1573271357577488
0.8524467588251905,-0.011803039447628507,-0.4146257382956021
0.3573691597045282,1.6998335616821683,1.5525816314761947
-0.15689184453760954,0.6712719688499481,-0.029187772752511318
-0.7465355900903765,0.7207201301555801,1.6714698693490266
1.5551383881383893,-0.44775635189836394,-1.1892732425228454
1.8177926228799777,0.6011086850244896,-1.423614848804839
0.9302582968388656,1.0901231688163766,0.8521892284666566
0.9185304999292137,0.6488069652973756,0.669247858384056
-0.9556454468686328,-0.31816316268104916,0.5567550166964523
0.034137582208203975,-0.02801857749118594,0.2901675308631064
-1.254163952091495,-1.016517074802913,1.2224088387369163
1.1090534057277657,1.1368902317697382,-1.4394717493737539
1.8094424876918558,1.002719937823999,0.9239843859994022
-0.22876113992396963,-0.25644466166110785,0.663547877782132
2.0293439212999442,1.0236873736057952,1.0055717167651785
-0.13976998025428297,0.3612232666947732,0.08698939320568982
1.122678776811935,-0.005977631768429699,-0.210968038221227
-0.5884924034306078,-0.7993259819324847,1.099330057006353
-0.6069267428920235,0.4399717107267963,1.2349049653856707
-1.00012546904471,0.5272503498316795,1.1797895651329227
-1.0753045340345226,1.4772451783404112,1.4086061571127455
1.2878397990499566,0.9719105517701497,-1.1148438019449372
-1.3929176137018717,1.023593688635839,1.1787490003210792
1.0604864885350187,-0.3436309265461026,-0.9890049466556748
0.27174926822964846,-0.12186713350226241,0.24820035963966514
-1.0523703220504506,-0.548704086692465,0.6496630374019559
0.5737269208721734,0.32650697295438047,-1.0429514473640182
1.06185941729465,0.19780899681950903,-1.4522081824131845
1.0852786512950756,0.6992122673044723,0.8723784257333527
1.0167583684617105,2.0546676567782356,-0.5385988600873824
-0.16356229090700913,-1.0089744207922293,0.9768197832949129
1.760476274301203,0.9757356744741517,0.7166372932358149
-0.9190684814308792,1.6527427596356437,0.7067868017904042
0.9836329859219723,0.9414077317087355,-0.5974355839893781
-1.453113980507098,1.1401480865545353,0.6622703851267715
-0.2897454527213843,1.351107296515745,0.2062878476680544
0.8296728006533794,0.33714256594707814,-0.8114434948940037
-0.8735376171268887,1.1877070359234105,0.3857711507171576
0.5519659469897862,0.4756519125813865,-0.29755936412258643
-1.2399285575668246,-1.2628539849112232,0.720912438440702
1.078949042175864,0.04550307339211095,-0.9073309263219757
-0.09066488148959984,0.25965908842816815,-0.18130381037881693
1.1231207075568237,0.3159326429373497,0.4607258311577148
-0.8480929455836416,0.6127816965959019,0.8758769178460385
0.7678579988589076,0.7789313947617131,-0.8929214982565352
-0.5312759426904621,-0.40076094660488626,0.6735380043887824
1.0407425181047947,1.619608060598075,0.5043571697384397
-0.23645873197024422,0.13147293979859317,-0.21494503572535992
0.33915906732282597,-0.3050491665742081,-0.4212708639553864
-1.3896487384865472,1.2813711667149235,0.4770520871076144
-1.125067378292943,-0.6568404698834628,1.2214278124271174
1.0898397906833037,0.55336963142239,-0.8107213667099096
1.6304690110965514,0.256683404709957,-1.2030776513558843
-1.0833872842161631,1.482643261945566,0.38913285736414094
1.4129557592505586,1.7694053950413817,-1.38121618534594
0.28825569254290684,0.03094549211363868,0.35570536990359036
0.5769156284176398,1.3290179648412757,0.5116625400115911
1.7071714667358133,0.38429600472961417,-1.7446053442636802
1.0664075391498289,0.3985850461651934,-0.644423997762785
-0.9939268229838267,0.6100773696308632,1.2582350848696775
-0.725217347160529,-0.3855755273161886,1.2390150823578914
0.8057285021699812,0.4048553186037508,-1.4500744406924646
1.1890559051960046,1.212320633469092,-1.4292761096268198
0.8415664135682925,-0.1511958983940871,-1.8060887621729507
1.1616203427258154,1.7544743604842121,1.0698311251327355
0.38676696043018716,-0.28922924196485783,0.12382225870686059
-0.707447898970003,1.2361688245005853,0.9431413852237815
1.4553125779558318,0.12376647405682013,-1.2257211783242505
-0.9338385358801183,-1.552807027476975,0.8065531441778253
0.9675717035967901,0.18570549729431723,-0.7728021841903032
1.2570891039470176,1.5316610120529726,1.078608467880588
1.1696244177856359,0.8104642611716335,0.9942190916486884
-0.7563457923785946,-0.7710218775379593,1.15881866795296
-0.47379668362395844,-0.9158014804313985,0.9358322472098609
-0.2172087785543159,-0.2787765840552387,-0.029837070803230538
-0.2836115609259889,0.3264324176455755,0.4705376224685819
-1.8982343590260653,-0.9218387114866718,1.7674425335504833
0.6722452678004838,0.5244235527786605,-0.8232957401402082
-0.4302016715012209,0.9633175903419496,0.6448921953845836
-0.8758108983276994,-1.450905517021659,0.5372234411082115
-0.9025371105189142,0.563916637280228,0.605784159711628
-0.829822054326331,1.0889159423203416,1.5115463253253574
0.09082522125765985,-0.030888684639370285,0.5180594176781372
1.177943288239329,-0.015304512985662348,-0.4613307994395416
0.314746188363649,1.5415489496661652,0.9541840618989529
1.4256682809364176,2.0021795621427576,-1.1806564356707787
1.167607603746418,0.7179952576966364,0.9776923689369176
-1.201427847563087,-1.0602456058519731,0.6935516677557316
0.6061465251928178,1.2284564968152294,-1.28939464896792
0.994464901562305,0.7241088903743305,0.8027508710400912
0.09730995788423247,0.6428076032997124,-0.36209520438245457
1.2605323807980815,0.1892868263247932,-0.7534422837878564
0.8600119678594844,-0.6687889887170209,-1.1890769110894286
0.49945752710428526,0.8276015199120748,-1.095442212685851
1.412113381612737,1.0955156636106054,0.8963831416717187
0.0941268673938549,0.02260306977170696,0.6233399840567911
0.8494309781647219,1.1264271478919805,-0.7664467910863996
1.118453435954242,-0.23526125012822752,-0.4196802134765042
-1.193424593538615,0.7551332331380717,1.1964830661647985
-0.9866226128107396,-1.0327577518289972,1.3964764451706666
-0.3422970319806029,-0.4743686396747424,0.07316582544810238
-0.8363740246663771,-0.7333488466172438,0.46002974485549075
-0.37862580741112595,0.45221064781492437,0.012322853999180056
-1.497817000033889,1.0931472349707594,0.7567975428250706
-1.1715391702424294,-0.8336652654855758,1.2400851862977111
0.9794347952696228,-0.5614464844287241,0.3797052697129236
-0.591985397239164,-1.1452526587268312,1.341760800448288
-0.12076462779515662,1.1737054599688286,-1.570659684324139
-1.0884169854148202,1.0277479210632279,1.0770387674925221
-1.7631230231509565,0.6558459956881992,0.8345577866313423
0.659527807021006,1.26613381380355,-0.11615776958304891
-1.1561634953121884,-0.7935423841654481,0.7389886827133418
-1.1844678928138475,1.302625869965256,0.44220197245629533
1.2456145055828833,0.7315899025017413,-0.10706158672570465
1.1389589945739047,0.6047988727988236,-1.0588771003072046
0.3821554284719404,-0.47901292450606486,-0.35752657223264506
-0.770383227646388,-1.0439456492407744,0.9263652531936323
0.18205855237980742,0.3090913511677573,-0.030914094986518127
0.20279053833125668,0.44554495919288817,-1.1199857210374344
-0.033253410288597594,0.32936927382492454,0.3782533710270519
-0.7137063035316638,-0.042255239767019614,1.874037958014445
1.149059274592022,1.0665972508460497,-0.38290545308808954
1.0267962868899487,1.2063756870816398,0.3749816572453829
0.7750849883036109,0.5948675518662305,1.1256989330381095
0.9466736773927575,-0.12762516791388004,-1.365861494130292
-0.7025392897839307,-1.0819506655458868,1.0125583462131105
-0.6549826061539319,-1.677989375406645,1.3280929593223938
-0.6320513936182279,-0.5924307039640406,0.7623156510473333
1.267585792687273,-0.28741708271161615,-0.26715215696907946
-1.561146462883142,-1.0432555961565666,1.4448402476885354
1.3413395909360586,0.8023239907732349,-0.8864621730789053
1.1296665409953768,0.9479427782529262,1.0387983859970873
-0.5748585227867133,-0.06486890184467997,0.6556972793192721
-1.5560887700613852,1.0631045757175077,0.5610526724115734
1.0089863571248185,1.218847646070084,0.5276748738764621
0.6474265179092018,1.036123919682574,-0.5342353037858918
-0.1386999564032971,-0.2579583434577351,-0.2917748195390597
-1.8422587767361298,1.4614361373267701,1.5545397589051375
-1.0991520476314651,-1.1713273031191023,0.9958139483789082
0.9225561955857968,1.297834559389252,-0.7432211482225195
-0.9907168267508348,0.20043600372350878,0.6077345404362577
1.0132093228772132,1.5387764977555984,-0.690390890371579
1.0444269892782532,-0.694293574779051,-0.02328456586809169
-1.1167034529034148,0.9760695425880386,1.1974240817337167
0.5588894504718723,-0.17392824514644567,-0.786669987754261
0.7159938228433791,1.051999290320638,-1.4252145091414872
0.5501431632648524,0.38635433170575106,1.5110707287594036
-0.04344666197533697,-0.04642832404819339,0.3492264265328399
-1.1820795619264637,-1.5389015670325397,0.6404800759024649
-1.0203203154478133,-0.9357400238587534,1.264905192863848
0.6544036921280736,1.0194086511779308,0.6676199534355849
0.2727973197016582,0.41669314106183886,0.22067209290238782
0.36974294721040224,0.226887162173549,-0.198482350296603
0.21598036030204115,-0.1719965634459356,0.5293363689959752
0.8583174445964847,0.7630138178477943,-0.8691710500488619
0.6225664142287068,0.37315814207752346,-1.2074227082271172
1.8017693214700685,0.9610755397193635,-1.11926101047996
0.7397429723512692,0.8051498464941216,0.7630424303044523
-1.067353968989141,-1.1304049983267397,1.1561464777581503
-1.0588821114742388,1.225936943440049,1.6543191224543259
1.6943855212660996,1.079164313385059,0.7394327985542206
1.5765093156264463,0.4256551395282242,1.465265500861984
1.7476266014713042,0.6982807469571428,-1.6660501185216177
0.4214007185837251,0.8139696215195975,-0.5661997878836298
-0.3201173126429507,-0.007171187299919492,-0.014168056276603811
1.0341272570260096,0.6766937113436294,0.6678222373773739
0.697846827058671,0.7553928788032207,0.43733556126071105
0.33539197509241603,0.9735680805410734,0.5155935200950172
1.1314576103219234,0.7704720344359525,-0.6867377375947301
-0.5104576325829626,-0.8648177783419899,0.7631036620748741
1.1055022339290304,0.7764801711750637,-0.813099113926884
-0.5216012711346552,0.4505734866984121,0.6407970618453652
-1.0057081411797555,-0.9401608169924848,1.0391308698831692
-0.3225811466345312,-0.939437043750089,0.8829258164098892
1.1228156949007286,0.9795056657871234,-0.7497661625299998
-0.42322303921895965,-0.91241443365761,0.6632713472527391
-0.9447686366329813,-1.7544514815804106,1.0212237251730476
1.0184218143771167,0.6849218749750398,-0.20900837176385478
-1.178377485544464,1.045256182821209,0.8547533355377734
-0.17986007753712557,0.30556116343025774,-0.15615778684685702
-1.3027055908063705,0.12403131800857858,1.4778368882054922
1.0040932244078349,0.6073965395808196,1.1848413897053083
1.0963012717954272,2.040673245672158,1.2262038582526178
-1.195053368381985,-1.574501545971247,1.2775692932765033
-0.6808098981672379,-1.22204369117134,1.0048678729131622
1.097390030854708,0.8383371362082789,-0.9992820508487572
-1.0089201134872212,0.7244457829698377,1.0819035529607137
-0.5636553317585208,0.8148241951898967,0.9400237123683562
0.616300950606709,-0.2105929419179692,-0.17391787734888678
0.43857654817453495,0.9664867600443742,-0.09838475643155231
-1.3129415690007975,-0.6587338774347233,1.098992219056042
0.40383438715647757,-0.6058294036234226,0.1096155362597213
0.43718364435866736,0.38818505476266646,0.1653488116521583
-0.30850776667099233,-0.20116386001520767,-0.4182779883511649
0.7884334483581379,1.311038424716909,-1.5835033570122774
0.4181541005691356,0.04433455147688896,-1.5705855645694982
-0.33543226379260094,-0.5239950046927071,-0.15495269800588596
1.0637572791104888,0.03650875926702931,-1.0454327472923155
-0.49826465569706413,-0.7075997492858075,1.215373982886581
-0.608631155188786,1.2088570183735743,0.5585320685878523
-0.528698860980799,-0.8367456348886575,0.44974636448545524
0.7985110652682186,1.21037491210186,-0.9024436233518196
-0.8562096809811498,1.939630314680303,0.7135826254896638
-1.1208722347930486,-0.04125483513091943,0.8554757752130838
1.3374201164888482,0.12271598498458072,-1.8532476870872445
-0.024061799762051073,-0.34911398141105704,-0.36806089258307434
1.2473849569552875,0.3143896395461842,-0.7644672193832209
1.2711703485357075,0.804835436741719,1.8629232853062014
1.3036620641210588,0.7693958397093122,-0.036416916857964
0.22942353475097002,-0.6670661064763448,0.3962267309771158
0.6435231098338849,0.13927383946827798,0.7123386723030319
1.7463098044579026,1.189533168364715,0.5234786011189405
-1.0976321894696806,0.9842770849489475,0.9462012862393069
-0.5081952982327287,0.3852906135575757,-0.04319347440504408
-1.1180359656951626,1.3903266877378837,1.3673817775769654
-1.3756622279082726,-1.1537549506371685,0.9176932025291312
0.9893944498203132,1.0240920839764105,1.9852968449941146
0.9084862624322474,0.06707661394382451,-1.1265186145459378
-1.0886398777540158,-1.5763926538099675,1.383526522587069
1.093514364716299,0.377641741518549,1.1323520928857829
-0.45455006668154296,0.0926592286443691,-0.26241390329626196
1.285306500318617,0.5896140730076889,-0.7570843939593228
0.2316305203502012,-0.9964645632605841,0.4866893969991788
0.3651247721286184,0.9170735615967022,-0.7505896804696566
-1.2457292576385177,0.7160844031065859,1.3915558234227117
0.628195655923036,0.40138829796396835,0.7399904262372408
-0.07486621914554437,0.5105055951494218,0.14848270538802352
-0.9609318493006659,0.49420063721801377,0.28275741898616924
1.1046074386903322,-0.1323242078089088,-0.6478054159103475
1.9371428033149631,0.05790619644705616,-1.4176748715456093
0.8803723659079781,1.2717175279929398,-1.2840546427349528
-0.6581899091733536,0.5632264398418747,1.3560990003346034
-0.9969558606332269,0.26393984484182603,-0.44677635364094553
-0.7619882136657741,0.7770307787566715,0.8348008711426264
-0.24239601843396477,-0.3771100960921898,-0.12303095582549753
-1.4387500317535944,-0.6711735687869891,1.348861242273622
-0.28339524061163646,-0.17402104009434388,-0.5912009021216738
0.18195032026553734,-0.004375620784034338,0.1759371545891312
0.42730812139010343,1.1296668037610917,-1.661583823846526
-0.8233349743255758,-1.5734920099240914,0.6650377098738034
-0.10477800256974157,-0.9344278420085053,0.6939051172494309
1.0178278443557087,1.2524897427887134,-1.4604906630028576
1.3502625452912946,-0.3464026835930505,-0.6008182711429801
1.5153734490013555,0.7462901132730745,-0.5484610049802442
1.733024496142405,0.38788834562808494,-1.048974395898959
-1.4677922516812067,-1.2883880433879584,2.1119854496894224
-0.8989724616013506,1.5538128190375624,1.1776793309162688
-0.9475739255136605,0.9690226157096026,0.5218824945603021
1.3738618829346494,1.1479702452017562,-1.446930803572494
0.5328538770833159,0.868649896233279,-0.5569115616070206
0.9666248120838556,0.42014191212058793,0.6312560747498748
0.9986502170356192,0.9319261509900286,0.8187087802690899
-0.8000543505038514,0.4402775300792233,1.1470597171965686
0.9874954343383016,1.0679898158997077,-0.7192707837826624
0.6370693762510937,1.2234781131687278,-1.1618554080163785
1.072348444592973,0.8033822344772381,-1.2508194458790964
-0.6168024234079923,-0.734581752600626,0.5895676623217503
0.1468799195101552,-0.012588548081473559,0.6038095970795418
-0.446580342073619,0.3951446329626037,0.18368167263981172
0.9029934201895913,-0.92554379824275,-0.9917639291061283
1.415490823776873,0.0806118423130008,-0.8085275277396251
1.2559611828608337,1.2860946335564931,-1.157340449929149
-0.11284997725509399,-0.2523454042733636,-0.34577212546941516
0.8560925416843657,0.46958092556718467,0.8346139355506896
-1.3562995454209055,-1.570730630712537,1.0277348646861393
-0.4803275999340162,0.5096254334064597,-1.0210160608082999
1.5502387857216835,0.8383618752670401,-0.18578741731216208
-1.6191206225236126,-0.8942980945570643,0.9838664359143825
1.0838637661098502,0.8033455257471811,1.322849038654924
1.2398314511255013,-0.3442029306021242,-1.2418723400509644
-1.4763666023894908,-0.7285087722882324,0.6283454637960967
0.20959958223373124,0.03709722631182091,-0.1988122762663635
1.3362574195954897,0.7389504082790437,0.8215266267140882
-1.7767434637517625,-1.0015216534683198,0.36394326772788077
0.7138235555414345,-0.06616962087275736,-0.5310029962149723
-0.7202143012417191,-1.7500029549887746,1.4719954118759146
0.9332065673010753,0.5183711446295003,0.005030307840125696
-1.1493473700012338,-1.2000791268383983,0.9320590569289078
1.019909474872384,1.0028252634512707,0.7358715442106212
-0.3060253696652766,0.6572911624692829,0.7777812882052534
0.13492839579418814,0.3684212512191701,-0.7177946455759014
0.6829917046269197,0.9541054234132404,1.2019949115921829
-1.3977420262523494,-1.3685804093715686,0.7738428118858394
-1.3206110360418166,-1.138874598044905,1.3083208879951884
1.2397802745286817,1.154284336212581,-1.3239560396357632
1.1374473158273846,0.2947839378549064,1.129633587757918
1.8088696400349513,1.7324708542263552,-1.0771925471042758
1.1021312686980178,-0.3393466145692363,-1.2333371731513951
0.9537406870447038,0.8795585217642845,0.40859120385302905
-1.7007315227006878,0.8440305173762219,1.0632213959680528
-0.6042184201477986,-0.2751137179301724,-0.2708044707161374
0.661400878852437,1.2431790268023015,-1.3021995532535797
0.7389608362674047,0.927006492478742,-0.7666380336807237
-0.3345354145985152,-0.7465792611053902,0.6359582379242776
0.8793067784165457,1.373226642288394,-0.9745832381756251
0.1947368275869964,0.6708958371897827,0.39821067666964566
-0.627333613252762,-0.8418505275257336,0.8749291321386896
1.6645880662912074,1.0083545953183848,1.0922803622874735
1.0152013912672802,1.0480125306873045,1.2454071890921667
1.5938567447506031,0.5894585510440415,-0.36422348657532055
-1.3413981920245366,-1.2677747654533962,0.6086768200710009
1.8660009379604336,0.7425927078479428,1.3711360512324948
1.3051833026855886,-0.6073687944037157,-0.3392342652530487
1.9096374276572958,0.37614787544931905,-1.6196809780591352
1.0159626778079045,-0.45711627799856036,-1.3067478100471648
-1.374718093983753,-1.5488316749078457,1.4719768520153855
-0.7251736816564335,1.5866163437114413,0.5553679001945795
0.9545647545515799,0.8469664629110266,-1.3699703262877096
0.8756249934595625,1.2439520188761675,-1.0159705853493455
-0.7927124198218354,-1.2024756244341344,0.9281941700510079
1.0975944751990587,0.0767688020144453,-0.1471414159425194
0.808330304861884,0.9257364093344731,0.5574660103975887
1.4980164032893026,0.9793963224984288,-0.8498561215422107
0.43379100994291503,-0.08475581247929703,-0.1866475872702582
-0.3313175041393596,0.048079423498422036,0.18032493453271992
0.9512617554755859,0.10610280943216091,-1.1745160763976628
1.6983435881092546,1.2890699299553194,-1.3012815126363884
-1.3951493363602996,0.6612596135498541,1.4998475621186667
0.22795055039180917,-0.27042174661952195,0.397496105147183
-0.2089658913510037,-0.2267253271209357,0.3243655090462786
1.207738605696469,1.6130955652010313,0.956495940617257
1.529081287995592,1.0702296339703288,-1.409900300030556
0.029874337054754257,0.009000155298175829,0.305519908945304
0.8757483040652477,-0.06895707992369252,-1.6340984042919429
1.3737279644957094,0.4532485206338316,0.9100938392429265
0.7642985076819729,0.4986393126819926,-0.8416343116167818
-0.5001980397175365,0.4668890410081401,0.8602242691132176
-0.3052425413781903,0.40197211762715335,-0.15712040675245678
0.6684019956311711,0.7759275839212122,1.2989174420493048
-1.6971087895524164,-0.836224587743099,0.8893312913123418
-1.1304934817765437,-1.5381341949660965,0.8875343830141771
-0.9229393869407901,-0.8538423032299437,0.9843351538228963
1.6432268988690915,0.5857583775818422,-0.6475764431770266
1.0835454380019023,0.21613195044808975,0.46872558044062773
0.7179557919336157,0.46015789771522875,-0.9920018055174323
0.1008015044807714,0.23963367411792894,0.41480212974766345
1.079286931088328,1.1301037992918328,-0.9405808385629444
-1.0250592888487287,1.0964960993626918,1.033802058277145
0.7640338415000267,1.1324155611268854,-1.3237386739179522
0.7444153009241992,0.47076408263700065,1.6568060640545477
0.9421925317137929,0.6830320316000155,0.8768153881443839
-0.16092400910108906,-1.1974826410642492,-0.33251515819275607
-0.9927932511822214,1.1890521383373622,0.4532566546876694
0.5509820775022345,0.6329988715942945,1.407064586737401
0.8213427812741574,1.244907924042157,-1.6237743116504904
-0.1425708482100315,-0.6100741746648792,-0.07791584851329425
-0.2660127561215701,-0.572445657108502,-0.028011910723217827
-1.6068694786686717,1.3002316670087062,0.8335222380458984
-0.44609861455072564,-0.1113241023506305,-0.14882573013253036
-0.1191944301361536,-1.142436819447622,1.0438286320311432
1.705319520119828,-0.10292660023570699,-2.12604947596234
-1.1884498607271514,0.9625455245043316,1.530318659016876
1.3886283803817423,1.258150379834059,1.5474526230129395
-0.3958603864657454,-0.27464181273928034,-0.338275724578609
-0.6423068901996261,-1.3065290099125706,0.8941816405181111
-0.3577520669739527,-1.8322962101563913,1.4823273682864173
1.4143664837728136,0.34177510045622245,-0.7814404193330914
-0.7414928964876494,0.18486163842387093,-0.04367723780022107
-0.954359403109392,-0.9752466588451459,0.6289786676753089
-1.6924805213779703,1.5979752909812945,1.0165302529082474
-0.2248649367738909,-0.5688233988671725,0.08601277717738241
0.664188976792937,1.5489085266431966,-0.9431822084677819
0.3499514964469901,1.033164741268816,-1.165966511248131
-0.6064590625575412,-0.9496453877693369,0.8093794307123034
0.9094084432393893,1.1469462027264712,1.3654338504932997
0.33649014996558757,0.30360518823287563,-1.4448745205114233
1.042667862146818,0.29882353112964927,-1.5284836927424517
0.3163094403189616,1.156679206404189,-1.0356813190766672
1.3055781454861866,-0.017967815261773254,-1.52767802110712
-0.9536701651092215,1.155841809636795,0.11183159642594953
-0.7823118590638611,1.3383211490251714,1.2056250209699104
-0.7238109255513947,1.1062467972690133,1.2631052704601495
-0.8755560035427219,0.2441402831615388,1.8061100441842561
-1.1931639357842072,0.9669139904414027,1.0972366910642795
0.3170568169628213,0.5533902240205364,1.4943246480027754
-0.22593838397590826,1.326200408977705,0.9807645970676909
0.6786262903314971,1.2284896840944959,-0.44374256162001713
-1.3641946814126085,-1.0976113408684538,1.1178877011609205
1.08658343583279,1.0182287359615254,0.7393598609576731
-0.8702639159940527,0.7869098007132386,1.3358655457724755
0.04448933393634322,-0.1309302300289583,0.1966958563024882
0.3469577971991904,-0.6547207457243167,1.0093493325598233
-0.2188330470041957,-1.0244390032023472,0.7004800815919785
1.1363458396992885,-0.1439622148732993,-1.099082879373799
0.6946855583285674,1.0151751341790407,1.273331597124428
0.7079652270622372,0.3639850163442235,0.25601064735373175
-1.5596313712737904,-1.6081147168962437,1.1803850539105907
1.2453840662687348,0.9869984427769243,-0.6678007464056193
-0.9849832634052714,-0.5632778643701417,0.9719118553929533
0.9802145161390268,1.2699277968666416,0.5509111913750806
0.04073476189964087,-0.5633725961473444,-2.3001333904782824
-0.07759791702665003,0.16339413525858812,-0.3445152409543605
-1.4715693965193302,-1.087867780940384,1.2438104180834406
1.3486810342395255,1.2038054255718744,-1.0749321239285203
0.3569760542524103,0.6949100885735142,0.6923430600850806
-1.4109614206104044,0.8506927016234743,1.2578073966581167
-1.5820218420362209,-0.8792156399312941,0.7810369908932508
-0.9257245678325045,1.6036524053618204,1.242242493052525
1.315501617554179,0.4110210854700629,-1.5085136996456407
-1.4096114363545518,0.8880758630491976,0.6141848820359235
-0.667485544938452,0.4531705549204139,0.8241690793778796
0.7291353153951553,1.3900478933671006,0.9411770473991445
0.2972525202393992,0.4924069690982006,-1.3555438792142698
-0.4885699328242502,-0.5668000245932525,0.5694475250391766
0.6497526986460971,0.44688010761426555,1.3704710190126566
1.1986856612044932,0.9446942795315262,1.259075415240277
-0.6234757676930067,0.5869904385889841,1.1591708199787236
0.120999597895188,1.5074855578306283,-0.9239107112620425
0.32197702945493895,-0.038938387557093106,0.3115097231911129
-0.8750487158133713,1.4770940661665657,0.4968527376364449
-1.2245351985768824,-1.1317957200871944,1.669943869165626
1.4678359969711094,0.908243702372789,0.9826092200744551
0.46202888517393104,0.5699587807532978,-1.4187687000427625
0.8565829889749561,-0.5800652668146807,-1.080415508746654
1.1681074116226247,1.5219850755161675,-0.7572229566453449
-1.193647397833927,1.3821076948828823,0.9845028420041828
1.2801239517635965,0.7697448695048904,1.0488039258581445
-0.8166453185794063,0.16518919255917242,0.7661529077371202
1.3196985830068981,0.2262954017815805,-0.9856626820567803
0.559938306811322,1.1758004922480905,1.3115746014048457
0.3096773084837613,0.7289741390657379,1.477643761218949
-0.36322678830398614,0.1812158626288236,0.42924721071975
-0.4519592585558516,-0.5202801708313658,0.9870892423589529
0.928805516819462,-0.7820344455672599,-1.367046395642533
0.7404005918107369,1.3534427143976675,-1.5464793350675672
-0.8536960055628338,-1.7766271202480886,0.04603779641976702
0.6456260298139558,0.31051743629892886,-1.402222388473499
-1.3973434798327804,0.5936484692040087,0.4445829784675156
1.3742713572589844,1.5086220379976636,1.288668825617294
1.1075103156594566,1.0748428400500367,-0.8446301545289974
-1.0762012423991245,1.1296228112886242,0.540923444073733
-1.1803976068117237,-0.8824202448227351,0.6909831552631056
-1.1989417485656373,-0.769419461951031,0.39657761271485736
-0.3111379608767221,-1.3068269821601202,0.7584646810027253
-1.1371515446230256,1.1113394538578678,0.7963146549603461
-0.8927798289640987,-0.7139302439487767,0.979552522793849
1.2036180579188576,0.261742276238487,-0.5484173059268209
-1.2949519613991836,-1.3336739394930495,0.09357916234028685
0.3975668358391726,-0.16710204996832656,-1.7084227209348728
0.29263382974477103,1.3980670660634424,-0.6250530342985281
-0.1390001198823642,-0.3369182867080275,-0.031939661395118384
1.6661897777850307,1.4057480260072521,0.26365030746734186
1.1174231728666517,0.45736727815063793,1.1865719929734104
-0.36625291854338393,-0.327886009146956,0.1345051804743582
0.5117150296343365,0.7967439209410756,0.9408878724730114
1.1184481108258304,1.1044221088719557,1.0020453826569844
1.1606846888395765,1.276057596684445,0.8395118112456654
0.16087912996494053,0.0994180420475949,0.013757518123033231
0.8989727394427358,0.5008867272140602,1.6529645215726543
-1.03483389045726,-0.24805018023159675,1.2083024481434845
1.6839053006658293,0.4651958382709353,-1.061232201792561
0.5300018619782555,-0.3889340015264753,-0.7770282285749626
-0.020989542425219776,-0.11053411801768694,0.1734998743843849
1.2381293151570656,-0.5623438743461863,-1.1191581378974123
-0.7863168550501302,-1.2906967619528078,1.4163816695191158
0.42745806117822915,0.4857603543788911,-1.6463385883867327
-1.4057918906829656,0.463971171550426,1.1728866763037016
-0.4527623052740407,-0.21323321499669845,0.9843423892126633
1.3336221807397477,0.37372469506830847,-1.1729604749111846
0.6898069405262346,0.04994704407819159,-1.313016514530578
1.1428450286046985,1.5911576178966065,0.7926919126905411
-0.7010220114291776,-0.8808495235904619,1.1800622535786591
0.11601512122156075,0.15759622887000316,0.23843259765299482
1.673059037605319,-0.13689805205871672,0.00129512202779547
0.6729673652889236,-0.4220083021508738,-1.2881114306351726
-0.0013923394292807314,-0.05801347661136898,-0.04867547427490782
1.1100373907775016,-0.022602449863683215,-1.2007031044678882
-1.0707096652463128,0.3805526804545013,0.8035385011431582
-0.8594080398591193,0.20870990025007585,1.018773960824148
-1.3919702299128978,-1.782935435653596,0.7327427806688933
1.0238521479680696,0.7412252889177704,1.279289325445436
-1.3415731633840224,-0.48381570344946,1.0220796970120356
0.5967947107317289,-0.3076649274568603,-0.7957295448564771
-0.5401311924485012,1.118630775412122,1.5070606044751895
0.2653093525057912,1.0409919499497253,0.19103552782120195
0.24513012866772854,-0.1685931988665451,0.5088794217000391
0.40622437272262946,1.5113123789837948,-1.0243398080011712
-1.1403112822406216,-1.0910878459343012,1.286197238707794
-0.11174009882276861,-0.1483724414430673,-0.03247727365418789
1.0316811714758574,-0.3804432186969859,-0.9581831017803135
1.566733632855521,0.6495374977077029,-1.7803601867157526
-0.9422813960509432,0.6298345431049369,0.43459204915615274
-0.8006824006902135,-0.2605149859932727,-0.3872514391409307
-0.8444085082591265,1.100589443576205,0.9222923472085922
1.1601473157850244,0.09691647432092737,-1.1933912539977507
1.2068840864635841,0.17755713561715467,-0.5115336999983653
-0.785483636193124,0.12154887156002137,0.9351504098080566
-1.1632403356640881,0.6016738420839083,1.2604544967294629
-0.9662132854440211,-1.427701797502032,1.3825180008365385
-0.6552982636378135,-0.10383868872370801,0.4845710014529722
0.9198984692748897,0.7955538555019412,-1.2357346258340722
-0.9773033266812723,-0.9546175839773791,1.0743350515611012
-0.9166709965497631,-0.8558525136380556,0.635741965127004
-0.025681517981085436,-0.6294516088467939,0.14883259146695452
0.3990938990638875,0.06283946025753205,-0.9725277161397846
0.8049821774373629,0.7187013861705966,-0.8242056688016941
-1.0143302314825853,0.787418179456314,0.3728562298538176
-1.2797980880670572,0.5851735705720016,1.266147574013132
1.137515152619954,0.9805390593718195,1.0131187981646346
1.6998306972747756,0.502454705843486,0.7228379208816371
0.5424426856841301,-0.20006107248589175,0.2128089729091144
0.911627310024155,1.0764496935345569,-1.4598829891589622
0.9009925457793981,0.9702266283599815,1.2482688390202712
-0.17615545386571219,1.2623603106119043,1.07789447788751
-1.5343449616674454,-0.7103453762742011,1.5163033696489712
1.1651123707745994,1.328824063997796,1.758717193061579
1.0097918679407643,-0.3850674137636102,-1.253455946364231
-0.2110805647682423,-0.450914209482772,-0.18029611092110065
-1.5421790012449157,0.7163916169478037,1.7813036550106274
0.3165989743891829,-0.06872418552106961,-0.058652709617440915
-0.9200758265125146,1.105608032533468,1.508941400042707
-1.1466028081472208,0.3184513652693124,0.6302136047481782
-0.4527682598045596,-0.9496394446420164,1.3404496393520953
0.1123564506404686,-0.22111636701807202,-0.23812227907759295
-0.8523934248699332,-0.9502857220596597,1.3744224671744065
1.0660960200259701,1.0050087457319146,-0.34511534211885864
0.4473352547172512,-0.5677537423184162,0.08959798756041949
-1.7318727260832332,-0.7536131975812648,1.41487256225962
0.1512580403965621,0.7568712051622271,1.5187978186244437
-1.4200219159292744,-1.3638759153633337,1.3038000150064488
0.3666270455110805,0.42297091484565447,-0.03232622926542307
-0.6199936685321417,1.0972018888217598,0.3869197760440276
0.49225832167120454,0.4882860781981766,-0.1733402220338105
1.7833389816882375,0.5081801622190332,1.1986796892946088
1.1327921322276058,1.0761998719116266,1.2837807268556158
0.7428894468400208,0.8164492619900012,-1.4070339108853502
1.3927061947966377,0.870067446596551,0.00023771405057071426
0.9438457036400415,0.9075966446637814,0.07538143857171309
0.8531888643666711,0.6689639117405122,1.0344575532185498
-1.8400106030606498,1.2502032067324143,1.3540925931955965
-1.38789748785387,1.044214126989576,0.7494738895267972
-0.2211696064944936,-0.42325857251776466,-0.47081265258122845
1.457359242859821,1.0600542615824813,-0.7150072942264782
1.0123397971027757,-0.2733524146080519,-0.5565302320177103
0.10147342171923877,-0.5258995441241692,-0.05399609119082456
1.172035662468701,-0.3215298592970981,-1.486714256432567
-0.03143535716574272,0.4793474277493839,0.005734568870304009
0.18102512569169982,0.9117084972166534,-1.5330713764100814
0.5585642731136916,1.0719576604613914,1.5568009145378396
-1.1482032394360115,0.43777319232854317,1.0062473335798412
1.0411860969858442,-0.2506000864173307,-1.4429845634510763
0.7100322628433593,-0.22414126242393728,-1.0701432697579365
0.8042242229927111,1.4176643508276288,1.2727565958505247
0.8053475247242923,0.995917759843627,-0.9746466429449128
0.6092217042472472,0.3197491001394488,-1.2938972853890838
-0.7506371446880338,1.2813760532555576,1.8619714709532569
0.35107175468249385,-0.04534191764291988,-0.9473793439290017
1.189295049829418,0.970868434937251,0.661282512772638
-0.6646323956711968,0.3441330237666882,-1.1069301690409592
-0.9789894527138735,-1.302380282676768,1.1441766705171093
0.4881692133057194,0.7500725689217285,1.0104364200843334
1.6098068724463612,0.8220214436418989,-0.35957027753424287
-1.1873984453441264,0.6964938968258501,1.5403409322796022
-1.0228164667411768,-0.5264050227212442,1.1367300855819866
1.2463742427777056,1.2372405031873535,0.8761814242744039
-1.584200359767395,-0.5234957273472669,1.2700548225627684
-1.1744621766029941,-1.1030481942043977,0.9721466186799568
1.192645538275238,0.06530225051686617,-1.5871672710555202
1.635825333145031,0.5541751126625529,-1.247839992041476
-1.4930093259074035,1.2209199750718094,1.2502523734584003
-0.32190072548765514,0.6233179827089792,0.31615643061418786
1.1320599797567754,0.5134957734805633,-0.9812485826786754
0.6267523645255433,1.2693891184632924,-1.098767330995782
-1.2725520940278297,1.3871304096100816,1.3975128858121757
1.992260367004857,-0.19878525316820053,-1.033986638755259
1.3977658112830338,1.488220241572493,-0.1945782821405201
0.9463386692030379,-0.34903781056246125,-1.2193587151244731
0.7674227654628972,-0.7853434573062082,-1.2301234433607173
-1.1649916047551747,-1.2954789993318252,0.34919803165330043
1.1200700197138085,-0.7917318779985608,-1.0548846812176802
-1.2281405465654722,0.2717586797805931,1.108022943356569
-1.2940804139052986,1.6624833008229183,0.9027755204476534
0.8199242940594353,1.0002111835426388,1.240482699571646
-0.16693587115608088,-0.8276550323939851,0.48972693600170736
1.388564943068944,0.4818965517331516,-1.475021266710016
1.1831091464607544,1.669796973339015,0.9977615924683814
0.12047761735196716,1.176005780021333,0.7991783102589556
1.5804574431180167,1.3837083304340827,1.8612729830046226
-0.44916587097902827,1.0012687163622844,-0.19359373584022124
-0.324867788690532,-0.2653353294049207,-0.5500597568161213
-0.6443851510880432,1.2294977684017652,0.48947823338466556
-0.13132837707622394,-0.020032239542586656,0.5886835593447562
-0.7361874121643446,-0.29339527986894653,1.4154424276835267
0.9061969859416437,1.635658920654583,-0.7995482895741695
-0.8650071701094404,-1.1053231227511664,0.9371900686221168
1.5734500079283786,1.076580286382941,-0.7351324984210001
1.7391467982808413,1.4762118574870706,-1.080274087350132
1.2908685038135796,0.8385186264008373,-0.6683403859761832
0.33154113408186037,0.6646552479996769,-1.4850628530493255
-0.9882277633289791,-0.7933422216256131,0.6074696253930141
-1.023185599867321,-1.6055322004979415,1.2523502414384622
-0.4518669837242148,-0.19632258659856808,-0.4523949553942346
-0.833421584759419,0.9784380603977043,0.6070785678490742
0.8729139612975063,1.5126575180015074,1.2230764242900498
1.5563334192706573,1.1275233358513024,-1.0083684149532308
1.0341359103179575,0.563773769620364,-0.9923124591130918
-1.144015707502793,0.7087691608578714,1.1493394238845593
-0.18317213882884786,1.1181119762483474,0.6894003438027998
-0.9373225087013901,1.409412257674138,1.0701147115735696
0.9856695843560194,1.6258574623256026,-0.04789804163589784
0.20897808437067772,-0.17943874924364808,-0.35272739959416777
0.04840158369871028,1.2680198687262094,-0.6058401154199802
-1.543007015936774,0.639731446995008,0.6143199714307022
-1.4382077555382249,0.6476983641589079,1.7194900073405248
1.1614920361346437,0.9903217574436335,0.6385192557079487
-0.016664009352533895,0.006363463359852432,0.07219842243123248
-1.3157354022878698,0.9971820058077782,0.9137561685727911
0.11525523546819727,1.6133734805185302,0.43041713901994194
0.9086556829369443,0.09261642752552227,-0.541411249004839
1.6555842110399333,1.3632090650144766,-1.2829758179248751
-0.538122493313312,-0.053034254389151325,0.8488940449910092
-1.639148853797935,0.7479900081864422,1.2927822010039383
-0.5354894824542294,-0.35426727360256643,-0.34031309945126137
0.9671395286429725,1.446918332635251,1.1370901385510817
0.7367534043698973,0.8785095884893341,0.461651630610714
-0.5114943419277026,-0.49035690537597837,0.0060493046338214555
0.9707570791964246,0.6836916323658585,-0.5936251105745776
1.1276698041676723,1.536180178409258,0.2499310121417021
0.6616147869482993,-0.696705644953321,-0.5439946854396858
-1.3406648697337573,-1.303588279561338,0.6085036654760936
-1.5051079102794258,-1.3103499292665934,1.0315856182672338
1.230828850872216,0.918781845582803,1.1484583493485236
0.07107921831609593,-0.3178636736583216,-0.2845279642186273
1.0774680073392675,0.25691130266841267,-1.218245662531501
0.5325287849521871,1.4571291258060082,1.3007732130747096
0.5102391171810913,1.2266163948326625,-1.2593876800076549
-0.45178554240131463,1.2780811600335997,1.1135004094646004
-1.6121845638973507,1.6518568524451194,0.8509297664192101
1.401931659793295,-0.6021116704645763,-0.8393845457123179
0.7548845238062455,0.8449193760256063,1.114346156289962
0.08267105141564648,-0.0517189828142032,-0.053451091890708506
-0.766274333425876,0.9598097117713179,0.977043718799383
-1.1317791145388365,1.2927482817153182,1.134023211633647
-0.39756837167015735,0.4611653024819239,0.7602596166888348
-0.8054760026599114,-1.3993763411506874,1.6493026762112217
-1.2117328449793483,0.39421187632769317,1.1286372845356953
0.8884148278672765,0.8880959326016662,1.3161487584206846
0.4535153636391095,0.6036960079310003,-0.8471531317629928
1.1318534131231166,-0.36471291506745673,-0.8962320034947363
1.6368900294595101,-0.07410636597214326,-1.2432956592258158
0.07443720835037411,0.5185026838992007,0.08940950501661475
0.41008858350464206,-0.06580581271846798,-1.3428689495566823
0.21145392613382366,0.2186358902754555,0.4630078423239831
0.7747161063829519,0.7192170806819512,-0.8459149390962584
0.6589709645014001,0.24396364906185758,-1.0577951365777718
1.7637666561880523,0.44057297047234345,1.2251876946762283
1.3791283105649867,-0.5532071234977896,-1.8372712089564636
-1.1460963909959385,-1.6684679089976262,1.814349414072717
1.0778429820948972,0.7030117657207806,0.47199099551171764
-1.0493376256184441,1.1236189772130616,0.7377249122154226
1.2031343025158496,1.215318431619853,1.4290029349239208
1.2414852962176786,1.5606001386208632,-1.4835435458482888
1.0495627266084284,1.2459844928187098,-0.518568778186616
1.4150159777031597,0.7959934404581012,0.8920500258826515
0.0299550337486231,-0.4986247864637706,-0.6524270500779916
-0.3155884763236849,-0.790415795169306,0.8400400039562734
0.6397517061408524,1.2553567702433532,0.8685526097004062
0.2393197736285031,-1.1032700552125738,1.20404974450003
-1.3327819669977805,0.7446869093886024,0.6738497486735515
0.5908829739206378,0.897049385030662,0.3325663704489642
0.31165225023534093,-0.6308913483678004,-0.34007909832586236
-0.5543706663880986,-0.002533656186102385,-0.864464841428684
-0.477351524977528,0.12797114473790935,-0.04414590371674394
-1.1340551124685807,1.1369351337958487,1.6216641682859096
0.6846762940900146,-0.3480652631119609,-2.0719937943857873
0.1005974679767967,0.26203120705221034,0.13155661469081634
1.2035053324197218,-0.6513016190860698,-1.707804094540989
-0.688260398437867,0.9843921922489823,0.8328361816936438
-0.5109484534202472,0.36436281401349974,-0.029593912614507552
0.019603883487088858,1.212410437957684,1.0595507215670765
-0.8554330730907589,0.4827433824965409,1.2289561244702703
-1.1261186621144497,0.6235909197334484,1.0984334461265635
0.4170802849664673,0.8161386395625958,-1.1618060338566782
1.361573936434478,0.054827025783264594,0.596107718116025
0.782246910189927,1.0443690358839464,0.5396025690310788
-1.412782096837774,1.238196359055703,0.7640420974148436
-1.1794171346111446,1.0954219815094957,0.48377543122151245
1.33341158464357,0.20250574297141777,1.149622627939029
-0.6173187254457366,1.2067786062993484,0.9113946948191505
1.0992882345201345,0.8162556401839023,0.6600622522140833
-0.008338802629093811,1.059523504671836,-1.0855705865404661
1.4428322677147891,0.9518475344185607,0.13093218159438547
0.9015750047480205,0.6627013618735234,1.8683770869991254
-1.56207593872143,0.9790382197690122,1.6816422065021965
1.665216903838447,0.21588947189532282,-0.41944981557184724
-0.27571064926095507,-0.2739984600505571,-0.21965059239583096
0.9215627157292249,1.16387413749862,-1.238797435368373
0.9911879709932239,0.2927475869173126,0.19712422802425666
-0.9470011426017417,-1.152595765929637,0.47180262263798733
0.5156527341749779,0.26256262619598886,-0.19180999785271363
-1.073541557263684,0.6617307582023548,0.9943604136373314
-0.8003616735449002,-1.6769083326573315,0.9318456938447216
0.6879424474448912,1.294107723989995,-1.2236655340236833
0.4801675052289609,1.3318929671516697,1.324558621796637
-0.42047195666491377,-1.1260327711635694,0.9034277741100027
0.8259445008151862,0.47404853423823523,-0.9123713749849325
0.223000923615292,0.9378310269888961,-1.4622830299667662
-0.9697694509319849,-0.5804543432498551,0.988313437658406
0.8405631844344964,-0.41493047932053706,-1.3138267970410091
0.738493464540472,0.7617354823826031,1.549775237268327
-1.9971241997581415,-1.1996555805881464,1.4788672108991414
-0.9485530198380134,0.9097374477150993,1.5556097451851048
0.8210712417364995,1.5124065446940453,1.0271422042109613
-0.7826436688512761,1.0012590907625307,1.4919961473754733
1.595945375440833,0.3596384086093938,0.6686011900879016
0.8727429469354292,-0.020679175750092663,-1.2749417737433175
1.8306991934243364,1.1527741808926213,1.1720166588764278
-1.617247291177148,1.0657179061482276,1.8784892568611196
0.2440940022775985,0.18989684193595643,0.15102189313516423
-0.6097146489323,-0.9996977970181617,1.2743431274433676
-1.3706793235389243,0.9874243318500895,0.6606285463236741
1.3179692455502237,1.5396540420453717,-0.5767319624703593
1.1116086103081357,1.2431586038866156,1.0746436492625433
0.03787255578829202,-0.3228862709937759,-0.023146463685736408
1.9613662340953102,0.9769524811865659,1.080439618685987
1.475085353655382,0.6736361859405788,-1.4614825294521456
1.465029467275136,1.1742185275969457,-0.9334058909691412
0.39406111012565415,0.8213940191731915,1.342559517729389
1.3037768695290333,-0.08957576972530962,-1.032033199299637
1.2012929538129986,1.9222547349468757,-1.4062325518602181
-0.8147260818929661,1.0789169062524826,1.124523469377154
-1.4929724956656,-0.6190152117855322,1.6756755734606716
0.4959340939309679,0.753455436784209,0.8499214478704252
-0.7227129593365182,-1.8110709086683396,0.6455839012086491
1.0051257218265979,-0.4673963568397068,-1.316249596509181
-1.2401542771484424,-0.9441385241738597,1.0293346979112548
0.2355362698958049,0.7730210875086594,-0.27938863686712556
-0.999726872417007,1.3128520006125837,0.6836402473329788
0.41671475447249984,1.6520519859497642,-0.8518638930684617
-1.3562275242364057,-1.8439352962502567,1.535730635792
-1.2005608587542547,1.3901249833911915,1.2062512353775827
1.7257011310801098,-0.468153439241736,-1.629285175824683
-0.27718280181248606,0.4104349763840016,0.33751601035263024
0.7929554803855314,1.0895151806555594,0.9934308415708992
-1.468893501374656,1.1857479454186297,0.7797792273166049
-0.7877267507959809,-1.2653744628877952,1.0150299437343462
0.7132710717588779,0.25338535317077593,0.9669277256629203
0.624038759556454,1.3317899367726995,0.9224695444908786
-0.1071594936633995,-0.2835112810885993,-0.32773663709382944
-0.8012505637969611,1.42790858199354,0.5201209886538767
-1.2132361608063333,-1.1376255826816906,0.8501863396998997
1.7325835063417414,1.4717760482885147,0.8123297391581181
-1.2509682937705493,-0.5084573799197762,1.1844312129185741
1.0813854543468893,0.6974597018862787,0.4310985161609303
0.10040141726005863,0.07176566841953652,-0.6066650185143686
1.1703548824772143,1.007659110966301,0.7434052363822761
0.534045067121639,-0.5433027944489948,-0.0368663243285906
1.0297626687704589,0.9887735089727431,-1.012536461067889
-1.6206048996235718,1.2648207339033892,1.4754387292348032
0.9106913646266761,0.8771015097353074,-0.4523621668948594
-0.7087586728985775,0.2547480633581613,-0.26840593826498144
1.2091341952141998,0.7705199984245684,0.9902581630956069
-0.6009471692319022,0.8852823057046922,1.3038059549944432
0.9849461190300607,1.4413207528066085,1.0456910594648159
-1.3794994781072,-0.5754974965951528,0.8266441733255387
0.6998359488981375,0.13518708002902446,-0.8166443960171726
1.7221667385679122,0.5208168150637351,-1.1706285011322295
-0.7267150383995724,-0.4438978689952041,1.7149385657719303
0.9389080220079375,0.19308510422245515,-1.1654125035237322
0.4812672208176614,1.1598751807010568,0.7394572424832684
0.5861608161573381,1.2602670515168346,-0.8296356131594355
-1.1903181776019605,0.6695552033141832,0.7251943601202011
1.875921173287069,0.6766806858579394,0.6641112631276895
-1.698282973143861,1.197882261510013,1.1533740125614576
1.1931160496241273,1.4334332412439983,-1.1333842772727087
0.7110610381539881,1.0239639096318014,-0.9504981429902892
1.1328325845667242,1.2584518704096688,-1.1283135447407997
1.6850845645105093,1.0183843744195735,-1.0970332145159176
-0.10184319440555344,-0.44384374716121233,-0.6725507566861056
-1.90984841248248,-1.0816519075490865,2.247072451683219
1.3325995467726648,1.3192364194646247,-1.5696670400750397
1.0666551581247354,1.4239800679049506,-1.4776746605647377
-0.2614416317603008,-0.22665610091425714,1.1027003194647151
1.536532027819872,0.03696845893569452,-0.9458869965790728
0.608494513687077,0.8222826959695554,1.1509201972179408
0.3219928828098769,0.14692775513967868,-1.278517431620958
-2.288406542394285,-0.841760466094823,1.013708725680089
0.575078514509558,1.1894369722540725,0.6322303063064787
-0.4151216245129452,1.179454305805811,1.3847948756287365
-1.1637233896382886,1.4023698047185666,0.5490015604187846
-0.8324960159490014,-0.9117665849050557,0.4916193115630869
0.02728271304113454,0.3271968397029347,-0.6950744792981374
-0.23895242441805717,0.04416721877844783,0.4788714125847651
1.3137139013055008,-0.5060848143992787,-0.2456845934057892
-0.21770977316981527,-0.43109757397213744,-0.32174460070504685
0.8250166798706358,1.2889525431311086,0.8508667391632931
0.05392056931608137,-0.007335226653483984,-0.04696412013794779
1.1825992141002584,0.2793700537537488,-0.8159209275079836
-0.3213441731062776,-0.01525382752985615,-0.08421397614119679
-1.2180348919982362,-0.2732977481699581,0.49228355790275835
1.0084015366531036,1.2727811885179856,0.8758932973626176
0.9167532570909841,0.9485849954244276,0.24726038180094434
-0.4253034746125113,-0.22129640073591977,-0.22948125771706063
0.6425676128087956,0.6347598628132365,-1.984174328838482
1.123928284090811,1.2535107523728395,1.1655196389805993
1.0897807274239888,1.4188393210448618,1.6735710765831475
-1.168011090917665,-1.7618698773861854,1.577764878022035
1.163927462771405,0.903496938152583,1.2690294804810924
0.6934589562939936,0.96848463996788,-1.2547380857081558
-1.2818913742443536,0.38496608142032984,0.9420381683674275
-0.9260117699707375,-0.8188974591693222,1.682931923823689
-0.2318529991422955,0.5108419921777745,1.028501499964357
-1.0380446590803065,-1.1332150476215046,0.8758436034489738
0.250372838389161,0.5479472893447643,-0.2565663160093737
0.7807716358069695,0.031174918623283882,0.47316019575500956
-0.34328641270865073,-0.21850560367098595,0.2251642641140341
-1.2359569271022433,1.2794755254068173,1.0100843470160328
0.9038406097246355,0.3071374778672446,-1.0778338652158672
0.4633887985893311,0.48951744900526606,0.3797185993501263
0.05357675318080527,-0.24467724868071936,-0.1987504509366113
0.8941940634757557,0.1984550542372986,1.2541672120836906
0.7736251476430378,0.9697315709371747,-0.3849794723862625
-0.5810894365762149,-0.6546250879240485,0.9937747644518824
0.5189190135702183,-0.03175045600812492,0.08578530698702053
1.1810496119920484,0.07573361447206634,-0.7516266417544035
0.7113049786650987,1.0707283488557593,0.7813279661650938
0.980880299846084,0.7092903448664627,-1.3510469427451621
1.1555275641054854,0.5304506694775885,-0.5549462779186792
0.8922372662221769,1.2870169023183848,1.6009428208384113
0.13868960649678017,-0.13481054987255067,0.19849942649817126
-0.1315557986683237,0.28773104073177536,0.06787726318851349
-0.6632065218191492,0.8523171198210215,-0.1627952877286567
-0.5266025332440288,0.5287836530494476,1.6668896446204549
0.775013289642293,1.2529630956222084,1.389021779850692
0.6731645475727237,1.263698267372962,1.3750280550506233
-0.9133267524142855,0.8786599730091463,0.9124534993057497
1.6461502757877766,0.871071812315464,1.4868634083301986
-0.7866563021178202,1.3357874018073619,1.4872778847017023
1.2472273975720167,1.1386108073252001,-1.4033732082124584
0.7425800670730152,1.4119843270324646,0.8660898671573837
1.5814136308629267,0.8941372667048175,2.0880676666358475
0.10081359197395082,-0.5365038908946951,0.2154012626556174
-1.3689651939375813,-0.9970549274305731,0.40858122520048046
-0.6095837122576213,-0.44020542921106276,0.7485382779701719
1.3194592828764573,0.3687746405141423,-0.6307866251057083
0.9958590840369054,0.9304504718741655,-0.4645631446817573
1.4715373776102574,0.8259691033694736,-1.1246703543060936
-0.4786887850735745,1.2344663201571133,0.8350344727134078
1.4432731266950065,0.5840376291497876,1.2451095620250279
1.5260192238096808,-0.22785203061855103,-0.8389372073411356
-0.7313875313083786,1.611212543755133,1.3550015869656238
-0.7961267691030685,-0.6753177713546938,1.132767379083155
-0.7658802253934648,1.2059534384305488,1.3279701010540936
-1.5691507631246218,-0.8154911662728676,0.6302570665478497
-0.7013554541591371,-0.8697688732851719,1.910330171059055
0.3186470242579381,0.9777809204413525,1.153626179575723
-0.13029555727304798,0.04533378556212074,-0.09709143572441145
-0.624543990928422,-1.070444973583945,1.033194967525004
-0.8147174831603508,0.4531448774159017,1.3392696850666672
-1.2516151444814443,-1.0470619726408656,1.0060111001148389
-0.2913317073686963,0.3072776512423392,-0.3681955150958313
0.39775149239681856,0.21121440181918572,-0.30737420676139715
-1.4396179006219492,-0.49908653521734403,1.064519817065078
1.3951337685231975,0.1785496979034143,-1.2560921981872055
0.340014558075828,0.08314129525505844,-0.018017791382061436
1.390079051912972,1.200437667975938,1.0758326466394974
-1.6521892974860561,1.4823978066187264,1.3109629411058046
0.18741250276204965,0.06090775032300001,0.49288169496556455
-0.8601399810801225,0.3740788914551779,1.0381376797765234
-1.515792234883875,-0.97662020771774,1.3650481290161762
-0.07269341504636234,-0.3765525944557061,-0.7578324601889213
0.11669309015132362,0.08564439291445342,0.19565222265971505
-0.6767855242391714,0.6607737607877966,0.8304961271909187
1.104262461882081,0.5270163276069599,-0.7705372146893139
1.0588043334451454,0.4548235440182089,-1.3645120227611836
-0.03920038671333598,0.32394479394835,0.6685049841214539
1.6985962526378486,1.4108604143572605,-0.6766561801337166
1.396741480203143,-0.06988441517198977,-1.4985361174483496
0.7691085097157716,1.0610103531590467,-1.6206149683872506
1.0882523217228652,0.8591649010184477,-0.8700967041865832
1.5321729377515267,0.9517651246106122,-1.5360499582619145
0.7439382172661553,1.5934975640814828,-1.2939243590136764
0.9619407507690719,0.8446080372914077,-1.0864005686292453
1.030382107166435,1.297072967343889,1.192899581072263
0.6908106263333516,0.4388301225650511,-1.5781599347123034
-1.3974372015725791,-1.4481671675745558,0.6980535213712316
0.7866190216896398,0.5893498068463283,-1.183254795936688
-0.3860182322304719,0.3585998680800664,-1.0961705688139725
-0.5575073764560126,-0.9197205222844487,1.1029013684446007
1.3627149091729596,1.1652589903810489,-1.0932833992825577
1.2473157213242831,0.16666362421943748,-1.1542235919849941
-1.311534817128174,1.5404291569652557,1.3544764754339182
0.49203076506898114,0.47845348683644284,-1.2453015258600286
0.6052229053993772,0.097683467562101,-0.8275961231479694
1.2613473535183541,-0.42847794314759446,-0.46671577544798226
-0.2760050399258341,0.5863343914411853,0.43701513344332127
0.2181627982066897,0.8758412784976124,-0.6475751250477337
-0.49630670408528044,1.4585763481602911,0.6106484647891861
-0.7218390101798805,0.5435965960989046,0.9553964691428225
0.305357231832788,-0.18246733899202364,0.20102990974857482
-0.6346105071930374,1.215051961179952,1.1712744991242305
1.1946006575304808,1.025789765924048,0.2098133734584514
1.3861306668644506,1.2817344839416316,-0.25918398207453197
-1.802982744298004,0.8446612246795366,0.8777523555726748
-0.8825849880125438,-0.9002329249259833,0.8693307009963824
1.5984177245956732,1.2617462625416231,0.9777661316358179
0.40704128520169247,0.6994618121586518,-0.39196330360355947
0.0348819968149068,0.49892146026587114,0.05419654892670477
0.5982648694824374,1.0507298740539848,-1.146536670855103
0.8327004338880675,-0.13987949814350017,-0.9897310739169551
-1.5346901755503723,0.835270652414537,1.0527711867087828
-0.9246096955927589,-1.2626757382509652,0.895876383491425
0.8238901452596785,0.7884006343187492,-1.4302946593766446
-1.0709967535097134,-0.967023293346063,0.8522724919367244
-0.33855309260308597,1.055954893135651,1.3984472859644517
0.787799540955789,0.769672703742128,0.8899793211393424
-1.1750949289617298,-0.927204046950881,1.1757944192034047
0.18874797915067032,-0.15336717678757272,-0.1310533749239843
-0.5576398302570764,0.7744210047767027,0.6735131021832141
-0.3300663598982152,0.0904952354669686,0.44717352909086083
-0.99224750492079,0.07187376070783058,1.3130519305266073
0.30955086937712895,0.3364165107846478,0.22975454045355043
0.19451492189635788,-0.44253766283084356,0.04066230462641168
-1.3471689851004616,-0.7771449526386073,1.2997130227517806
1.2285132212657186,-0.6485810498208886,-1.3001035230766949
-0.4321068239122771,0.15202697622953282,0.22844105143654733
1.5822401917029194,1.41266150983007,-1.5635676410762098
0.7450451490773928,1.4756066124430207,1.568201699195942
0.17189058219464193,0.016471806779573956,-0.7945299136826776
1.2084489713517352,1.2580862343800228,1.2222417864013795
0.672306285355276,-0.0008984807028483918,-0.3272008738966985
-0.7850351988718477,-0.7430795059955295,0.32229764160196883
1.1240275295500601,0.0874275555494863,-0.3324767674797179
-0.7362195035545553,0.6784206341090075,1.122938246683188
-1.3238899343069135,-0.9248798647829912,0.6851303720052014
1.1986538459919582,1.2540400046391702,-0.839932157919801
1.2442342981135293,1.223916179172416,1.4323122902218488
0.6930609748447802,1.3489282546882713,1.0733368022953407
1.0289380869276727,-0.5092851095653591,-1.5271199008435894
0.8835914107658824,-0.26604294840752213,-1.2334242191584295
0.9951012908612341,0.6410982514056673,1.0303218232774904
-1.123626494695304,-0.8380706364766928,0.9859614132861623
0.6259668654289812,0.43426876367345524,-1.0590152752400608
1.0056433425012499,1.2422054604496662,-0.9742369910272232
-1.1836361240875968,0.7221598523347421,0.5382549327068062
-0.22258844755112106,-1.3038692071010214,1.2654585388131365
2.313647280515154,0.31332169483548544,-1.1068015047068127
0.8270795256761836,1.092692376812157,-1.3709492022783736
0.992516497421641,0.8445926187644457,1.4496450879944054
0.8004050976083552,1.6979445626493974,-0.038064983098410776
0.9220366878589276,1.4535080387468258,1.2374226889123447
0.7919163946183676,0.038746412990350254,-0.2618401274998484
-1.2281256271145864,-1.4716432857451394,1.013561089472935
-0.9865123780395787,-0.8925625675822808,0.5540711250590342
-0.7601689835018577,-0.3524849441356528,1.1663306517821372
-1.2429417732848846,0.9691115819107817,1.1703374634519317
1.1297463896975202,-0.4480795205764718,-1.2933565483656473
0.6267418828855145,0.23963590370552362,0.07026948499671173
0.335977815896811,0.6742807016139887,-0.25849692965863785
-0.7134639677838357,-0.07012043427063297,0.7884212949101205
-1.0673201692686571,-0.7603586672545621,0.5168962429826591
-0.8298714766679558,0.3820250613292965,0.7842779942146918
1.1728480975935078,-0.018284301858331,-1.1754098022419928
0.1998235632996811,0.35377697495269517,0.11526001661610186
-0.16303573786387826,-0.24460632081534187,0.31501732973074614
-0.6981066807728763,1.0797695943947068,1.189215312864086
1.3405368488692548,-0.12689135528859022,-0.45956442146519916
1.2552747995394293,1.6977244458972445,-0.7345608525756948
-0.0451924492426442,0.35778353724205164,0.13374989874931945
0.7008859582536072,-0.05011464910777517,-1.168802358683632
0.6728250838294071,0.05620356171424217,-0.34032347066621527
1.1715045035523055,1.3081854382748905,-0.12262017988464569
1.3461084629178184,0.2784758863304983,-0.4114398607333911
-0.47622235943894087,-1.1107557423075214,0.7313116842967691
1.1355032649121464,0.9486406936329564,-1.0273144831057162
-0.3812630019020368,0.14519828137307497,-0.4694521570187192
0.6820425411993238,0.17105792732160063,-0.9383872633265651
0.7107326244682428,1.146642498805522,-1.3182870654082446
-0.6057656249592482,0.21948019055796011,-0.0330054075645578
0.855613533672368,1.4637319213456992,0.567574668960041
0.6904843203585708,0.5021381186754332,0.28851190043828856
0.04666470046780138,-0.41244242131770537,-0.20525089854571324
1.2267041524470632,0.42745688783603397,-1.4326604385056243
-0.714101740044422,-1.09348962314069,1.2829830843457524
-0.8329276991042397,1.042977749736357,1.154948592253196
1.1920254471616416,1.5532778061317374,-0.4934678928174845
0.95213643901074,1.6057122942881934,-1.0872022524484497
-0.29802677134110334,1.0073606523133753,1.0901056468990198
-0.7445291440478796,-1.0254294156744486,0.41962884355551033
0.9207760947124375,0.8254947871279885,-0.5807532962923381
-1.0528677422577488,1.0289115861537155,0.3999112554212255
0.38973747417196203,1.505033641370873,0.7792567416430213
0.830625366728289,-0.2949046705567844,-0.08892442958762758
-1.6864132993242755,0.08431771961621304,0.9745018857984136
1.4343582263326313,1.189879293151981,0.9899892165019424
0.984670465721051,1.3275063883395264,-0.5572901925502685
-0.7860730654616359,1.4915922009956248,0.7450769011884821
-0.9927810990127103,-0.5157301789831211,0.7601440020715186
0.007716352149577123,-0.008923415564972476,0.1374218308159743
1.198552658611538,-0.43178956782981814,-1.4059666283196335
1.1045002124935424,0.8522891443015187,1.0573553869369003
0.6500895102982529,0.5111506084167888,-1.1491103177859012
1.51106595831537,0.7633714444656681,1.2188389524680152
0.9026374100819522,0.046095946788807324,-0.480823922585947
1.1106763197320075,1.3308732996144095,1.0052007567511627
1.5242423651253854,1.4684407886678237,-1.5026261343781742
1.0620621371461425,0.8406867865829806,-0.9529645480451191
-0.1585021512774758,1.835349881912291,0.9441641487379305
0.2026350686789103,0.44478134434416355,0.4417910815349866
-1.7637424350029172,1.5273209299410677,1.0290722097317366
0.1725135267545194,-0.46965694899244587,-0.04972037555139967
-1.640108441801484,0.5130869231118083,1.0637850027216518
0.5695595748987405,0.4684476258950283,0.04301000017231953
0.7602429418223912,0.15044171027607722,0.7896979913276956
-0.06970681378677025,0.041247032978254806,-0.1085186252590562
1.3630129203170789,0.43609771346322596,-1.2676387040550854
-1.6126141260974571,-0.5398930416406815,0.9178863922014995
-1.2577361068087938,-2.0956560824549895,1.4744581896169195
0.2518233464263343,-0.35413057288722416,-0.30905475586124015
1.2243138105472937,1.4332204972701108,1.4215208208139611
1.3798216541765296,0.40604081262003855,-0.021568453960781886
0.8226870995233959,0.6460789143892396,0.9308215760306308
0.048591431731623135,0.1256090409944458,-0.03744360934654661
1.7431400605162661,0.017250172381219668,-0.8792273259525184
-1.0787687231987557,0.8141675687537526,1.0177435190062427
-0.3575332882556361,-0.07303395136497673,-0.22183729617302073
-0.7421618270339294,-1.152980959067716,0.20961468004335204
1.038831019739216,1.3874579962131557,0.7191787624490591
-1.0393239389817504,-1.7215001936369987,1.1325883585323582
0.6459885470948805,0.042030388483318,-1.6020263427614818
0.2896071012152429,0.6076213091946522,-1.3083254522456358
1.0979866284434892,0.7972227298515481,0.8115846777526708
0.9351751591852704,1.4780709646045667,-1.1920857736529598
-0.2823022248908792,-0.10424333293358329,-0.5949497785615908
1.0829955191408727,1.1782711628327696,-0.830596850391185
0.33603777499792686,0.03552918491151539,-0.025605950308302594
0.5406946844989526,1.3275110575019442,1.6151727673650211
1.2546212827493057,1.9290436901051065,-0.5752733416041073
-0.9687529059055935,-0.8399056577892899,1.080661162051702
-0.5846484595922734,0.39226156980926297,-0.13286223924422758
0.04156708466783343,0.7284078614147471,-1.19222976528099
0.2771103078832951,-0.0818828934089151,-0.1545979561291161
-1.6235147980095368,-0.6722506927442374,1.1695557929775944
-0.9943402940136967,0.7614354368124482,0.8803272910290262
-0.7481881663112757,0.678273696136003,1.35814217230504
-0.013227200544707147,0.08833670811614093,-0.0171297516302076
-0.6584096093791105,1.1659462001447642,1.1853154120472424
0.18740944112753444,0.48640261556459063,-0.28772867472326946
1.335270887839775,-0.06289455681142087,-1.0235705418092207
0.711321418393823,-0.34836930794800414,-1.2979024627137554
-0.285865646736397,-0.14396443742666862,0.8124634852292925
0.5986138296802838,-0.5929906061454571,-0.4616499987289133
-1.3417973850952216,-1.1612263472146889,1.1088946901309553
1.0586854745733292,1.4826035866033427,0.6732257316051056
1.1205491958539915,-0.19486687321165785,-0.8870436320608059
-0.8375775510287676,-1.09396970860839,0.6425939629922879
-0.8015203250546734,0.7858733149729364,1.2045998301447445
1.1159644696150652,1.5264029678873994,-1.2155139351389554
1.1292317092464117,0.8990585991494849,0.8832754924337823
2.023279714267301,0.7743009605370446,1.0738205212788148
-1.2983768505902407,-1.2646165770061168,1.3013677854009722
-0.5699884687261648,-0.38978101904411844,0.09182905642970125
-1.4156444673470956,-0.32498077790528246,1.0980457137490471
-0.7587621260204666,0.6597858885011825,1.9940759666715566
-1.329844803906009,-1.423520059299128,0.7137948058059085
-1.3477147947954575,-1.0043468548139889,1.0549409917628143
1.3911390258617327,0.04595452052278537,-1.2261034956841614
0.8381216572546695,1.4118417445678773,-0.2070118199324289
0.7801771456365679,1.3438351547919207,0.8451477400841941
1.0357581115726453,0.8229642828903375,-0.9969088427297261
-0.6927171133473051,1.0861586021825151,1.2033074558698358
1.821677536502428,1.0591282956146109,-1.566507543736243
-0.8845087987960655,0.5371533525146917,0.46674865808887733
-0.3010547208337767,1.372876625704154,0.9053778851124216
-1.0912022907238872,-1.5627909848415955,1.1609072308805193
-0.8340908436844836,1.6417356433234387,0.8859622971831944
1.8575776357301303,1.2535676089272045,0.1899429653369571
0.45390744594670607,0.17205718972614853,0.20341412705085232
-0.17725662618869342,0.598368146817989,-0.622245910865844
-0.2405060074579044,-0.9651934078430454,0.5855425712099213
1.1779583580039537,1.340287757784259,-0.6432547911357005
0.9713602992567733,0.3928505013276762,0.8571883196773562
0.6913317522265334,0.16550168117895503,0.09698007225432775
0.9848453195912632,0.3283868557251983,-1.0143030577494057
0.05707536488065212,0.6414807421867722,0.18385492722992638
1.5760440480276694,0.1409691657537258,-1.264408752617085
-0.767287291748655,-1.0064892470383764,1.4627335124147955
1.1541269518915347,0.6464570255195468,1.0614900423782112
-1.5753644667178237,-1.2060683596368071,0.9493924412184199
-0.49157386959718663,-1.3920249207362456,0.3528797544738651
-1.044325024111635,0.8447027785913844,0.9776318205911148
1.0030240721576533,1.3771754479588936,-0.9274984206619798
-0.19894781325610514,0.28581990458540235,0.12362177524171516
0.5089568739452031,1.2389600279399433,1.2804690969243593
1.13378271599481,1.2634177090691323,1.80408181550654
-0.9438560520607813,0.21317211856513907,0.5531254153171989
0.9903499651559987,1.079233904307142,0.942255835230423
1.2007408197439564,0.4347453958887344,-1.6865990308575465
0.5928202215459398,-0.303385569172346,-1.3917662952860619
0.8084650175966384,0.6548896943827518,1.2773915647655976
0.9331513144854354,1.11303198019532,0.9005235495265812
1.3271065196801148,1.5560830196069255,1.223124122540745
-0.09028905264485401,0.18225876403543792,-0.3172884788828138
-1.6001906196652007,-1.5915108495385142,1.668906361639011
-1.2320065330614738,0.5374336733024573,1.3400317329670213
-0.8730186954999299,0.8668558382469955,0.9626452564400206
1.0795792587185977,1.174695420693404,1.161717901984679
1.5156812205627492,0.8727365993528284,-0.7597067939417633
-0.6730775185046696,-0.6183659591373487,1.4873920859486747
1.066717465812397,0.7940906142685428,-1.9343814475205745
0.7705351972479055,0.7812564235038432,0.9868986919136007
1.2955241923550012,1.2461469936052214,0.6258245191821619
-1.181454555036673,1.6904906182542532,0.6450682164576915
-0.0016807661564624374,0.6821449426052336,-0.3962947674965137
0.02469387058411869,0.06927905708349895,-0.7302460714258586
1.3510190213805684,1.1406649419896235,-0.7725421535948918
-0.052230182918068524,0.1845322852141687,-0.17434294199256276
-0.7209652118643204,-1.3344366680878506,1.1232039608869364
1.1573941541686998,1.358077288011093,1.2540687206727879
0.03567927864502855,-0.11248143816110677,0.049367653400384424
-0.6667282274919273,-0.4868820124644079,1.031202967391543
-0.06426131454642979,0.3403930714027061,0.3029216895098989
1.8208293245687739,0.3176163620437058,-1.2508371299089185
-1.0146359897371724,-0.7361400007670518,1.4360733884081787
1.1523305673381015,1.5370887445404744,-0.893934430901365
0.3943793533258885,0.596466561712072,-0.12021439407150727
1.0976393774009545,1.1095644347388716,-1.609268985669539
1.4563583908601097,-0.5455471734517366,-0.8400880329532595
-0.8399999977545735,-0.08448373564788425,0.29470532043860587
-0.2723102265300721,0.11690618246228486,0.5318136975882098
-0.8893596937955277,1.4781922603301916,0.761348376555308
1.4501739137659078,0.5242352428530688,1.6570691813023855
-0.1327115087088489,-0.6114365185037145,0.12421585516568162
-1.1782601212119979,-0.17847252396536173,0.6749816919512057
-0.08669271566258467,-0.10368872520163702,0.049753906763085685
0.40054580114031524,1.4776857932055967,-0.4795591747903628
0.1763358065230718,1.3194005351628881,-0.6493576480631282
-0.5864475780303166,-1.1629840429166407,1.3631849254508195
0.9088429764936663,0.9076855391589111,-1.318794667525551
-0.2880615908086267,0.0964173111448447,0.24156681659334983
-0.03573434618841839,0.4448187368412826,-0.2206062920411922
-1.3715168325809834,0.17426316093111138,0.5706687871108418
1.1880054644986646,1.041352798484838,-1.3945761996396986
0.17494906967186735,-0.225539332743944,-0.9301680616558722
0.8875907210895783,-0.4685932519883945,-1.0507951252819923
-1.5888148292107167,0.45046607004053596,1.551387850984602
0.9744488668674613,0.4983909390285933,-1.3995745504982366
2.0792161827269706,0.12465371952296996,-0.7418812166275828
1.0039254961585617,0.4573217097320055,-0.5854456365651899
1.5567683550719678,1.008755528465934,-0.8732191972063539
1.0367043106142009,0.20497243415964284,0.9121312448649952
-1.1432117518987945,0.9442411197347064,1.2958612606898685
0.5692732105491776,0.29501122538661523,-0.8899005249726543
-1.2415435724947819,-1.137282370737215,0.16568302443799832
-0.9144764824235746,-1.3671904418442944,1.69246785270692
1.0327377338118156,0.2927372352987072,-1.120269744177473
1.2824267799421722,0.3837013505796153,-1.0392124285119153
-0.28705565504421626,-0.44150342504092666,0.10383825867958157
1.2016618203801113,0.19064540280792577,-1.5533869249823944
-0.4404340417838073,0.71948417168338,-1.3503259298585173
0.056614343117013965,0.51154950588015,-0.9778412352866663
-0.45242745197398854,-0.3848564912761539,8.957919831521868e-05
-0.1600478645204524,-0.23326628690238255,0.5622590390031855
0.8305237132357296,0.8043375299263136,-1.215191411528782
1.3138417151592097,0.9922958481062422,0.8948436683166929
0.5104238932950973,1.0136333873036905,0.6920107075765433
0.7354048458873921,0.029851203926738953,-1.250814603659938
1.8839422662993857,1.130797805308039,-1.3340498015888942
1.0642741992502611,0.6459133016989309,-0.462125930707754
0.6067587411423403,-0.40423624126343793,-1.1017497668106249
1.585680509009435,0.4738975594826723,-0.8030250643383333
0.992351128058517,0.7816152291540288,-1.5398598680880564
1.4929314420858657,0.3897350362852632,-1.2387888111604461
-0.897120411857629,0.9037339301879148,1.0031520738778912
1.2290331125424634,1.559742174634401,1.3698534731651075
-1.0743697923795084,-1.6397579048777247,1.9108345992213218
0.0802954163033558,-0.8410402767684089,-0.26941585915889715
1.3786205445693895,0.3283634084676429,-0.9978168622874745
-1.33371272401385,1.8736386933521825,1.2282028833418064
1.5676142445469057,1.1173408145291934,-0.7080722550929477
1.1050011563407336,0.6863344566560668,-1.1883020396499129
-1.494970655289029,1.043763388733188,1.5314563312992924
0.27804715973419236,0.34898302484673493,1.0192339786645528
-0.8734566713855421,0.645900525550311,1.072425097108433
-1.1572360802805846,-1.627195306224107,0.4030150919976029
-0.3748444925967208,0.8904027672682783,0.9026464082499928
