Feature_1,Feature_2
0.943776493178891,1.2463802743294001
0.9214885452456015,1.099753601957191
0.9302727350360939,1.0054317176832948
0.9351646522963901,1.337223408470649
0.9069570037925788,1.08425585099474
1.019400724927061,1.106938923443241
0.9402354728538463,1.3404893736114316
0.8894223298163165,1.2078552376997838
1.1783440155511131,0.9716677694666936
0.9175500468364394,0.9236285610968705
1.0545587779006738,1.1486493808451952
0.9092680561928297,1.0927765456857932
0.9419189301065306,1.0397260465038598
0.9443338409911752,1.1530545132641248
0.9797969551004495,1.1618484628912829
1.0870195199170165,1.0249016644071294
0.999299057189572,1.008127495414226
0.9429284183898715,1.0626256079745746
1.0407421169961215,1.0214532316825833
1.075119576741945,1.3365933900125406
1.1070912169662517,1.1111149462231165
1.0368894458885942,1.2380720870130089
0.893753586348044,1.1800060451962162
0.9115574107423813,1.364377778302569
1.0618064984190025,1.2499733704892444
0.8269250102568363,1.0599615290105637
0.8611749028623287,1.2264137020630526
1.0068465745499635,1.25149002122831
0.9485247602416025,1.106749422260712
0.9527912057572334,1.1425316180139498
1.0396972771289643,1.0493835356657626
0.839555580668771,1.2570951364694278
1.1027907978634348,1.2715483877317364
0.8796809654731463,1.3259133528031228
1.0323658101009536,1.362456747002063
1.0376780810703137,1.0807802719245436
0.8828988124005864,1.1974031983085143
1.0918889646539298,0.9999853464297106
1.1431113537503927,1.1301212928176931
0.9502427481900143,1.0750757133729483
1.0569266938076587,1.1858509096196257
0.9506850737084799,1.0316354992322103
0.9520945781253266,1.1496959175902015
1.0322997127041953,1.4054202481384734
1.0755959105587807,0.945360986299088
1.0412379597608339,1.0594401572825423
1.0027789204971354,1.3173372473394582
0.9803954737890374,1.0780159526773327
1.0636907767691803,1.1047831618912358
1.0721183445725067,1.1214597599107774
0.9430092059350416,1.1857922695073104
1.153721983323207,0.9692080674891528
1.2042022378875556,1.1813325494558298
1.003858349737388,1.1311111059559054
0.7151312756123493,1.2206963659206547
0.9935658061447151,0.9907899260607883
1.0298880731709414,1.2283558804339385
0.9164019216491938,0.9869856870730638
0.9889122271745777,1.1731762331094167
1.0397814371326533,1.1911660632160719
0.850558879902811,1.0216856066572884
1.0216068641685376,1.1329975234317815
1.057212770258536,1.0456702547923291
1.0241140493638217,0.9868630870323549
1.0452838452348303,0.9351976824142186
1.129353356211663,1.1353817172561171
0.9493144198963019,1.2508973159705832
0.8849442348256731,1.1813053519770507
1.103074874596674,1.0693855022153582
0.9092130686374722,1.0599595360513832
1.0022894605410022,1.1250175809374197
0.9382224478922802,1.0659006673329858
1.1695002878425549,1.3308449729931542
1.0457939791331923,1.0639933049270272
1.007337801976699,1.4063184201294767
0.9361800453093705,1.030035657338066
0.9227787870406192,1.2046028646744535
0.9339563368410817,1.0839000624089623
0.880143361642073,0.9924647676636054
1.0224748375834158,1.0598663222013767
1.0604225315862765,1.1048795990718363
0.9211364270438456,1.1522256225005534
0.9324104228031618,1.332719004229748
1.2395321228911758,1.036334020756128
1.063634606729621,1.162945771409952
0.8944979545296121,1.2167587467912804
0.982549269849807,1.144338045713227
1.089363067867472,1.2811255594842286
0.9707809124742313,0.8674175176059157
0.8351087974682248,1.0729830265563465
1.029089102935496,1.025475133675166
1.1170737550792795,1.259983676076162
1.0092064251588295,1.0303417480305646
0.8568213335109008,1.3348689028954455
0.9736253237414035,1.237622640268138
1.1310705700049808,0.9554859784538726
1.0319395481410263,1.165570251633917
0.9549563528111848,1.0958784012835134
1.0083814550074626,1.0841701214564756
1.036330060497227,0.9862552414773292
0.9001075454908688,0.9748814825382787
1.169826874328412,1.0148402728722623
1.1585394637093651,1.1499746644109168
0.9533961507201999,1.092781097900279
0.9994353980735897,1.0262738166640775
1.0958826932153125,1.148480408352879
1.0689892735615032,1.030808437740462
1.1178323062512778,1.011655465378418
1.116174208329088,0.9288469124969915
0.9476053930396348,1.0788271455235718
0.9312358151848708,1.0676945279422638
0.7753506893767532,1.1176671846400308
1.1275942750470924,1.1289032058276696
0.9404044985878683,0.9922757608961517
0.9614133752725575,1.2588566272553565
1.0090359244106943,1.0511644922188137
1.0361156280230848,1.1130278179607775
1.1698979076316758,1.1408277833698708
0.8876763429734632,1.1062201863936596
0.8840077714101015,1.1823096054393663
1.0437791189548722,1.0801360369055972
1.1129829293627123,1.1811928314895708
1.1787578795742584,0.9660086647635882
1.1714649399359904,1.1203101149994559
1.1280978245279485,1.1565188421870478
1.0060611767571122,1.0337722843601933
1.0359577704812868,1.0341928923212644
0.99666726857825,1.252520328659851
0.9443690422729096,1.287131572370858
0.9739765291710637,1.0969031305260666
0.9521218562195306,0.9140543640314862
0.940560008524719,1.19932533041875
1.037580633066582,1.081166022155809
0.9745672351128236,1.0853567699092883
1.1967783809311507,1.200220004586292
0.9378834281000139,1.213174485566702
1.1619103543993432,1.0691338175342442
0.79156076510924,1.1247474285592012
1.0255714090897345,1.2755730602546753
1.0697649929050272,1.384542677916444
1.0905237012454716,1.1360375915542835
0.9814775655924075,1.0374650564853878
0.9084419987409753,0.9564291279054361
1.0716642777907466,1.1165299533516948
1.0523693593051044,1.1195095775350965
0.8932937498634165,1.1847494593190278
1.1317430102789763,1.0815959511706035
0.996988896617575,1.1542336967063804
0.8482802797566731,1.1914131360435838
0.9270214257972291,1.3314175296244797
0.9780784502750013,1.0719915663570903
1.0630167747842982,1.2561690952145121
0.9842210756848753,1.1942797836282386
1.0585369967358884,1.2907755237376273
0.8955619242347135,1.2053327264891607
0.9028135963573487,1.183377956129585
0.9269636710545358,1.1969215043483037
0.9634034126479786,1.0370149483213975
1.0644383153471435,1.0871129404729223
1.04874692727354,1.070967713510304
1.032725360067382,1.0469586412879706
0.9929192035228912,1.2412372744472977
0.9868234281282835,1.0196821400681129
0.996955793771532,1.3280089656344096
1.0264605345214375,1.214924464501038
1.1668419336654658,1.1886922385484542
1.1589936662425775,1.2362315969801099
0.846448175037249,1.0801743929012373
1.0401748559746078,1.3016852575780344
1.0039048466355975,1.2723283556100635
0.9474055112006906,1.245831965829833
0.9489858540323585,1.0538597502114775
1.0651717436239987,1.2531312164853534
0.9242235452340521,1.0906900278629517
0.943580533560152,1.1830901815674295
1.0708488812601649,1.278062185470302
0.9971587611629044,1.3306957133495236
0.9380070178067241,1.1415442403328322
0.8428889840754134,0.8790790023199837
1.0003779073220143,0.9967443802766581
1.0221243565619236,1.017099989928009
1.0113553886303974,1.237291738131077
1.0894711629236171,0.9885452667772765
1.0211344988587614,1.0423183133881047
1.0302595016065361,1.122064412181703
0.9126179863167235,1.0710013222189276
0.9352810913796799,1.0947577586777437
0.9724666048444046,0.9577527850697977
1.0228960686498885,0.9563276969637994
0.9384931794162412,1.1925003491347914
0.9634063480908942,1.085739013590744
1.095586698730593,1.2810574590202102
0.9984917344503723,1.1410146957345706
1.1400787114785453,1.0608440560562216
0.8828995524304223,1.2468488846303312
0.8601220227780338,0.9812831382665266
1.0138869325445765,1.1859247453512562
0.9580178619298804,0.9622343875689698
0.8255015178744444,1.1486265063134498
0.7312791717551848,1.0376236099556693
0.9740152303284407,1.042504549348464
1.0152688250924407,1.0485680058366742
1.0864490808145522,1.1758616929128929
0.8428813036525722,0.9685733158211817
1.0380334825250814,1.3399254718494231
0.8659018980882545,0.9784131124910176
1.0381391761911618,1.179400975203963
0.9478499194094896,1.1370052244875866
0.9882820478161013,1.2677328079578352
0.904400819602865,1.1451309797814384
1.1605752116862773,1.1022124818124717
0.9713453518526471,1.0170557780261458
1.0274802152696083,1.0704148132290339
0.998980061617652,1.2621434674636482
1.0330576721401128,1.1572691417051229
1.0553873531381162,1.0171924461875355
1.0794569836599455,1.0000594309965378
1.1253764356887812,1.212783392272458
1.077939226238868,1.0641355491844389
1.098857038368543,1.1624989871289548
0.9071811309997858,1.2069452368360019
1.0476133920097153,1.151233705339589
0.8675180878633362,1.2083802079084092
1.0116360202290668,1.0708069614567208
1.233342351133347,0.906980803327394
1.17299665229986,1.0686147477765588
0.8473050728264065,1.039781239579469
0.813982009609283,1.2808577971806703
1.206427758905664,1.147489249982758
1.0309392122542456,1.221293574850998
1.0223685372337488,1.1114199513730376
1.0576797102467808,1.1613324624201362
0.9165070280582063,1.1009636874984583
1.1058107731634488,1.174428069432779
0.8395625866478048,1.0463374517264248
0.9964578754398126,1.2048180725426851
1.0131478736692952,1.2026274817508613
1.0725739528585703,1.3550835844793943
0.9939365958048061,1.235764696843464
1.267439089564715,1.1423597868600774
1.0235437889960064,0.906123304601402
0.9298290039032914,1.0726560429962875
0.6473646612398569,1.0118960860646626
1.0902305758464486,1.1851144648734817
1.1188593446002604,1.2469223036814887
1.0697242006016987,1.2377338659054014
1.0196531901721344,1.1713221673858425
0.9005228545885537,1.3030308055814306
0.9516985848145538,1.198185151828965
0.9885232071636352,1.102756080285641
0.9521960982750038,1.292111800238522
0.9266253711453626,1.1540119196816983
0.8503789902322434,1.0450837350585038
1.0116012321047134,1.21272165440422
0.9414148643845587,1.1402903660841193
1.0346699788632674,1.294596623892309
1.002188343063774,1.2921287187766024
0.9107640285272548,1.0913998264999514
0.7067202798138881,1.1216056262139527
0.951454257809187,0.8536250492914232
1.064757663875033,1.3754685047512798
0.7691953649742372,1.0682873476282524
1.1132761092106098,0.9597412307374857
0.9719142986887784,1.4353747636972665
0.9153700204244972,1.091323413247127
0.9831851921939484,1.1734407700698575
1.173699335919954,0.9877591450334438
1.1514720464986363,1.20110970077062
0.914582673251049,1.181065136677145
1.0280827636778544,1.1669263828765426
0.9244773295814832,1.1519453042427288
1.157917472915427,0.9653616922106255
1.036106645523321,1.084196281450156
0.9413563830399762,1.1728849529877112
1.0077793659938228,1.0058618313299756
1.164577636581408,1.1361254427625473
1.053216723204887,1.1530653782921452
0.917999972162404,1.144754234859141
0.971452885361514,1.00260692137871
0.9037840189966979,1.0354844751825079
0.9495823670106387,1.1891050236151124
1.09076856439547,1.219747201311029
1.0916959803622746,1.1796754331833528
1.1389061951036878,1.0477143153275743
0.8943680323417346,1.246904180106439
1.0677353201000406,1.2134138425815229
1.0085738063295902,1.0737267890541404
0.9103826503439125,1.0643940471536677
1.0628943052713942,1.178378098402456
1.0252042446317655,1.1291700278132437
1.0924288361133339,1.053939508574898
1.010261732271873,1.0939306503975308
1.0114206504191556,1.0403248609856313
0.9641589934223451,1.31649858262492
0.9713963904283772,1.2088940773368
0.8632923778070124,1.2315485922258629
0.9766782531052521,1.1307864984995328
0.8717561351218364,0.8971254885459274
0.8256145760527128,1.1507559997661954
1.0573967632568337,1.301086136400734
1.1366354725226084,0.893262492588102
0.852501114650679,1.2121410911527217
1.0783604155843614,1.0005581295844197
0.9987521558817343,1.095101004836089
1.0113464932197012,1.1950533110798858
0.9312742883385612,1.2622139527955565
1.1847253076567985,1.227452159469308
1.129368941065728,1.0746860104976879
0.8783566279289989,1.170993337868293
1.2762904607266858,1.0677090242848626
0.923046782863215,1.1397823167676313
0.7967921054292725,1.087992637127956
0.8972546193726404,1.4254467621552511
1.1376899261759736,1.026573178497802
1.0286864683547972,1.2388802248389907
0.9738201407128209,1.05061910287675
0.834437675217904,1.0494967999758114
0.96639586094445,1.2135791274317067
1.108094613816983,1.1035455464837054
0.9770362061919369,1.2520085848590854
0.9100162371919935,1.1810591653452192
1.1005800088369522,1.16492498596325
0.9286139482943832,1.2241491525538688
1.0147383498698532,1.0507245712196476
1.0688205411960678,1.1988066565262956
0.9909865260085191,1.2906113817069673
0.9224363666849091,1.1036068074662824
1.1047886552212938,1.2014129410254792
0.914359560284085,1.114770179578637
0.7785472799367269,1.0137396328988266
0.8927692693392061,1.0637022997256202
1.174481083948821,1.069931628384497
1.0549290824450737,1.1121093715241266
0.9111213089465358,1.1553049564222013
1.0221980537551245,1.2079284431869302
1.0102118734454526,1.110140111412499
0.9732323674454935,0.9866318817841833
0.974717412256035,1.0251079204163165
0.8912859323067726,1.0409143201973803
1.0703985409424468,0.9398416323778285
0.9953775129994524,1.2040624830054532
0.8708789639875101,1.2019967613190092
1.1104901199885868,1.0625041893498766
1.2345319822530467,1.1994369751618061
1.1043985422526703,1.0625028564341479
0.901765851402729,0.9680259597591808
1.0364166712573162,1.1029674568621903
1.0458488718284904,1.3399961512109813
1.1646911674590559,1.226968413088494
1.127043343061952,1.2172764912646854
0.8187499533969728,1.1891955138842045
0.989100831706476,1.0106685106190696
0.8910813188262454,0.99043115215462
0.9931203056270889,0.9399048652561313
1.1131839742297336,1.2330660774857456
1.078289008604718,1.177988469037226
1.0314081718941739,1.0573237196258307
1.202368470631995,1.2551511999376623
0.9903803185670685,1.1593009777014136
1.0491617965544608,1.215350691618706
1.0273530980080983,1.0639532616155132
1.2149911497548047,1.1317339491579557
0.9326446786567084,1.1306966144036619
0.9958003106583231,1.1552656273717672
0.8162357167480605,1.3007255326107736
0.9744679428896017,1.167560509761281
0.9963921505226794,0.9659369957565649
0.9755911523439602,1.206481162975271
0.9398296159936985,1.1704055012560817
1.0713903163997376,1.2999881216933535
0.9729696990499863,1.29783520800384
1.0279618275901556,1.3061429647193787
1.1138970979342735,1.0700672568468854
1.0711499681074739,1.372392305667145
1.3364712089456015,1.2543606748830547
1.0071173921077183,0.9984853597386626
0.8126972372667698,1.0641558205114883
1.0957522966738562,1.0908753417218486
0.773771090535205,1.319601238461356
0.9447421032479425,1.007957564471541
1.0812881449929113,1.1471262782653462
1.0107756833969623,0.9029681800811579
1.0904554821840775,0.9896785220062371
0.8355644370944562,1.2823282047228677
0.9328276421080387,1.0649260220608452
0.9296988684538954,1.1331063316738588
1.1932639886732703,1.1735460420428074
0.9999014206974376,1.295115480252646
1.003443128957277,1.1840654547363014
0.8000541295742798,0.9830362653675208
1.0189195359486682,1.1834381314295024
1.0913049501295617,1.030929867858561
0.828072567680218,1.2137425943543625
0.7117267433640696,1.2511864074501904
0.8316967680027133,1.1354998408965873
0.9429549711839801,1.0380785130452563
0.8611612787356132,1.3261987669450932
1.0057395516613648,1.0540552729281936
0.9052991648145724,0.9713626169387872
1.0569280479027092,1.5634582779643422
0.95208570962828,1.2245976135181278
1.0942841546724986,1.109658193929966
1.0013282410148736,1.1012160488427232
1.0822505845860062,1.1967738038075202
0.85595420899387,1.1500093224519454
1.279905144620943,1.1168823433420554
1.002780616387395,1.1670545719666021
0.8150453120402981,1.121463941142451
1.1729574733433135,1.2145365070620773
1.0206001801927933,1.1558176439490728
1.02499068001649,1.0736033861184322
0.9505457431830491,1.2472977881633853
1.0751262802905701,1.092657303867509
1.0711381672648186,1.2825269398257866
1.1015204102263851,1.106835014685219
0.8915607787209097,1.0959557918103104
0.9971995071932713,1.0662890438192079
1.020146028830656,0.9767294305083559
0.8310463034735652,1.1962806880294212
0.8335011883082887,1.2722407048595727
0.9764058212726856,1.2084935331229505
1.0402010697080173,1.054788174869593
1.1323203463860387,1.035357203249197
1.0013424418459562,1.133059050530105
1.2514271304546432,1.0867118638286666
0.8997044248332663,1.1210141007253362
0.9969859655499427,0.9955780251169276
1.03433134362947,0.9343399050230697
1.2059740272551562,1.2799019081736716
0.9239737939429131,0.9684605042619947
0.9968644730904863,1.3046943012621672
1.0893997353753548,1.1989517909294878
1.225460830704915,1.3262605897615434
1.0112510685868046,1.075466385029993
1.1270961920982348,1.0349334881467565
0.9523279480160428,1.1704155232231797
1.0312966045159202,1.0004623458650566
1.0912035235074413,0.8776846536391988
1.0760193741973132,1.0823711842935495
1.012698378407967,1.20982418594702
0.779962744498166,1.1488323849900273
1.0426466235940648,1.1240484225329797
1.042224926665903,1.1967981728121226
0.9494118477018232,1.1539888761183312
1.023778632768587,1.1168084704033119
1.1801269462237705,1.0995819960037017
1.0288522705264473,1.1193267077393965
0.9365103253863228,1.223828962771578
1.055831128590419,1.2256557456383501
0.9183032936465463,0.9669006953934565
1.0833076635915853,1.023456592131079
1.0382365367252853,0.928360542096192
1.0303818382029062,0.9833561331933055
0.9672126303781985,1.152530036011138
0.9923640509486136,1.166327422151975
1.0081335263564168,0.9666185905375757
0.8752740871721802,1.1702342964715615
0.8537736115294946,1.2118030063762781
1.2355392719332317,1.0409652117589647
1.0529954503924435,1.1654803793090505
1.2321563766658756,1.2445092874806547
0.9752401911356197,1.1012669601060177
1.2021156116486909,1.0067281158466077
1.00974239810069,1.248243026279003
0.9881611912681332,1.0936935709496107
0.8928708343803261,1.1135204610355238
0.8953381135024789,1.1223501672667786
1.0685686901233376,0.9501663871746182
1.0370039941455054,1.0430982392170483
0.8643112426748212,1.291023871459545
1.0234913672012342,0.8968424547485093
1.027152646605475,0.9113696196437823
1.1260797562111409,1.048222441374014
1.101754889405477,1.3436852994269328
1.2531455434171572,0.916573544807607
0.9918134907317128,1.2541029296359933
1.0904026280666947,1.3422576672148718
0.8904176338686136,0.9405952072069034
1.0654384856393457,1.092738765846758
0.9986973042961056,1.0143680779679944
1.2813525904411993,1.1344430499382792
0.8233143969358104,1.1331839437893871
0.8843645358241502,1.1116439779663705
1.182362862573416,1.2424628692077073
0.9768191552989623,1.1681324347954918
0.8541808411725255,1.0238539263460356
0.8585401022993633,1.2034804059079964
1.0132253203872725,1.1447438275844282
1.029106580157116,1.2161636880409523
0.9285226553552806,1.1922759622467702
0.8903383944619709,1.1632847276771645
0.9926549823306509,1.197938856567024
0.8698984374370108,1.089916582935428
1.0409683679181372,1.08326253537689
0.9835425829397569,1.0794691810147137
1.0670516606180034,1.148849892549492
0.9611248681278954,1.1213058473047948
0.8068309827824892,1.2969362777866877
1.1556529560308721,1.0631992035893236
0.934094905885961,0.9686640920694002
-1.0287329946734631,0.5899996281611519
-1.1401727343399104,-0.1431337336998945
-1.0962517853874485,-0.6147431550693752
-1.0717921990859678,1.0442152988673954
-1.2128304416050242,-0.22062248851214936
-0.6506118359326131,-0.10720712626964445
-1.046438096298687,1.0605451245713093
-1.3005038114863356,0.3973744450130701
0.14410461718764817,-0.7835628961523805
-1.1598652263857212,-1.023758938001496
-0.474821571064549,0.10134516074012773
-1.20127517960377,-0.17801901505688292
-1.0380208100352653,-0.44327151096654943
-1.0259462556120418,0.12337082283477449
-0.8486306850656703,0.1673405709705646
-0.3125178609828358,-0.5173934214502015
-0.7511201746200579,-0.6012642664147182
-1.0329733686185607,-0.3287737036129761
-0.5439048755873103,-0.5346355850729327
-0.3720175768581931,1.0410652065768535
-0.2121593757366595,-0.08632701237026696
-0.5631682311249464,0.5484586915791952
-1.278847528827698,0.25812848249523224
-1.189828406856012,1.179987148026996
-0.4385829684729053,0.6079651089603731
-1.612990409283737,-0.3420940984330304
-1.4417409462562747,0.4901667668294133
-0.7133825878180999,0.6155483626557009
-1.0049916593599053,-0.10815463218228945
-0.9836594317817512,0.07075634658389997
-0.5491290749230958,-0.3949840651570366
-1.5498375572240637,0.6435739388612907
-0.23366147125074424,0.7158401951728328
-1.3492106332021867,0.9876650205297653
-0.5857864100631498,1.1703819915244658
-0.5592250552163501,-0.23800038386313058
-1.3331213985649857,0.3451142480567223
-0.2881706372982688,-0.6419750113372961
-0.03205869181595483,0.008704720602617653
-0.9964017196178464,-0.26652317662110725
-0.4629819915296252,0.28735280461227963
-0.9941900920255193,-0.4837242473247976
-0.9871425699412851,0.10657784446515829
-0.5861168970469418,1.385199497206518
-0.3696359077740151,-0.9150968119904088
-0.5414256617637484,-0.3447009570731376
-0.7337208580822417,0.944784493211442
-0.8456380916227314,-0.2518219800991856
-0.42916157672201594,-0.11798593402966948
-0.3870237377053843,-0.03460294393196118
-1.0325694308927102,0.2870596040507039
0.02099445604811773,-0.7958614060400853
0.27339572886985963,0.2647610037933001
-0.728323711880977,0.013653786293677332
-2.171959082506171,0.46158008611742435
-0.7797864298443419,-0.6879521131819074
-0.598175094713211,0.4998776586838438
-1.165605852321949,-0.7069733081205299
-0.8030543246950297,0.22397942206123467
-0.5487082749046516,0.3139285725945106
-1.4948210610538628,-0.533473710199408
-0.6395811397252299,0.023085873673058727
-0.461551609275238,-0.4135504695242034
-0.6270452137488106,-0.707586308324074
-0.5211962343937661,-0.9659133314147553
-0.1008486795096027,0.03500684279473652
-1.0010433610864091,0.6125848363670666
-1.322894286439552,0.26462501639940467
-0.23224108758454787,-0.29497423240905846
-1.2015501173805576,-0.34210406322893305
-0.7361681578629071,-0.01681383879875081
-1.0565032211065177,-0.31239840682091885
0.09988597864485597,1.0123231214799222
-0.5186455649019563,-0.3219352188507128
-0.7109264506844236,1.3896903571615342
-1.0667152340210653,-0.4917234567955192
-1.133721525364822,0.3811125798864188
-1.0778337763625099,-0.22240143144103788
-1.3468986523575532,-0.6795779051678223
-0.6352412726508398,-0.34257013247896567
-0.4455028026365356,-0.11750374812666782
-1.1419333253486896,0.11922636901691744
-1.0855633465521093,1.021693277662892
0.4500451538879605,-0.46023163970520864
-0.42944242691981355,0.17282711356391098
-1.2751256879198578,0.4418919904705534
-0.8348691113188836,0.07978848508028606
-0.3008001212305582,0.763726053935293
-0.8937108981967616,-1.3048141554562702
-1.5720714732267944,-0.2769866107041167
-0.6021699458904382,-0.5145260751100189
-0.16224668517152047,0.6580166368949609
-0.7015833347737699,-0.4901930033330264
-1.463508793013414,1.0324427709913784
-0.8794888418609002,0.5462114578548412
-0.09226261054301461,-0.8644718512164862
-0.5879177198627857,0.18594951468373702
-0.9728336965119944,-0.16250973706828203
-0.7057081855306061,-0.22105113620347072
-0.5659651580817833,-0.710625536099203
-1.2470777331135743,-0.7674943307944553
0.10151891107414103,-0.5677003791245369
0.04508185797890788,0.10797157856873509
-0.9806347069669186,-0.1779962539844531
-0.7504384701999697,-0.5105326601654621
-0.2682019944913554,0.10050029827854588
-0.4026690927604022,-0.4878595547835385
-0.15845392931152855,-0.5836244165937591
-0.16674441892247874,-0.9976671810008921
-1.0095884953697443,-0.24776601586798916
-1.0914363846435637,-0.30342910377452936
-1.8708620136841516,-0.053565820285694205
-0.10964408533245576,0.0026142856524989187
-1.0455929676285765,-0.6805229390050903
-0.9405485842051298,0.6523813927909334
-0.7024358385144456,-0.38607928239178035
-0.5670373204524938,-0.07676265368196178
0.1018740775904608,0.06223717336350532
-1.3092337457006018,-0.11080081151755139
-1.3275766035174106,0.269646283710983
-0.5287198657935568,-0.2412215589578633
-0.1827008137543573,0.2640624139620047
0.14617393730337372,-0.8118584196679083
0.10970923911203406,-0.04035116848856917
-0.10712633792817593,0.14069246744939057
-0.7173095767823575,-0.4730403216848823
-0.5678266081614837,-0.470937281879527
-0.7642791176766678,0.6206998998134059
-1.02577024920337,0.7937561183684412
-0.8777328147125996,-0.15738609085551594
-0.9870061794702655,-1.0716299233284179
-1.0448154179443234,0.3547249086079003
-0.5597122952350078,-0.23607163270680406
-0.8747792850038005,-0.21511789393940725
0.23627644408783519,0.35919827944561106
-1.0581983200678484,0.4239706843476613
0.061936311428797984,-0.29623265581462793
-1.7898116350217175,-0.018164600689842565
-0.6197584151192446,0.7359635577875284
-0.39879049604278216,1.2808116460963717
-0.29499695434056,0.03828621428556868
-0.8402276326058807,-0.4545764610589097
-1.2054054668630418,-0.8597561039586685
-0.3892940716141844,-0.059251976727375054
-0.4857686640423951,-0.04435385581036671
-1.2811467112508363,0.2818455531092902
-0.0889004091730364,-0.2339219876328311
-0.7626709774800431,0.12926674004605332
-1.5062140617845527,0.315163936732071
-1.1125083315817723,1.0151859046365501
-0.8572232091929115,-0.2819439117003974
-0.4325315866464266,0.638943732586712
-0.8265100821435416,0.32949717465534356
-0.4549304768884757,0.8119758752022879
-1.269805839394351,0.38476188895995467
-1.233547478781175,0.27498803716207626
-1.1127971052952388,0.34270577825566895
-0.9305983973280257,-0.45682700187886116
-0.4254238838322013,-0.20633704112123782
-0.5038808242002187,-0.28706317593432923
-0.5839886602310073,-0.4071085370459961
-0.7830194429534619,0.5642846287506403
-0.8134983199265003,-0.5434910431452836
-0.762836491710258,0.9981430846861996
-0.6153127879607305,0.43272057901934047
0.0865942077594112,0.30155944925642214
0.04735287064496976,0.5392562414147001
-1.5153745853816736,-0.24102977897966235
-0.5467411806948786,0.8665245444043239
-0.7280912273899302,0.7197400345644686
-1.010587904564465,0.5872580856633159
-1.002686190406126,-0.3726029924284615
-0.42175674244792427,0.6237543389409185
-1.126497734397657,-0.18845160417108978
-1.0297127927671577,0.27354916435129883
-0.3933710542670935,0.748409183865661
-0.7618216547533965,1.0115768232617688
-1.0575803715342975,0.06581945817831276
-1.5331705401908509,-1.24650673188593
-0.745725923957847,-0.6581798421025588
-0.6369936777583004,-0.5564017938458028
-0.6908385174159307,0.5445569471695368
-0.30025964594983273,-0.6991754095994666
-0.6419429662741113,-0.43031017654532544
-0.5963179525352378,-0.03157968257733408
-1.1845255289843002,-0.2868951323912111
-1.071210003669519,-0.16811295009713034
-0.8852824363458949,-0.8531378181368608
-0.6331351173184754,-0.8602632586668514
-1.0551495634867116,0.3206000021881085
-0.9305837201134471,-0.21320667553212813
-0.2696819669149537,0.7633855516152024
-0.7551567883160569,0.06317173518700432
-0.047221903175191,-0.3376814632047411
-1.3331176984158069,0.5923426796658067
-1.447005346677749,-0.7354860521532153
-0.6781807978450358,0.2877219832704327
-0.9575261509185159,-0.8307298056409996
-1.6201078711956962,0.1012307880813996
-2.0912196017919946,-0.45378369370750266
-0.8775393089257147,-0.42937899674352975
-0.671271335105715,-0.39906171430247783
-0.31537005649515765,0.2374067210786159
-1.5332089423050572,-0.7990351643799402
-0.5574480479425111,1.0577256157612667
-1.418105970126646,-0.7498361810307608
-0.5569195796121091,0.2551031325339657
-1.0083658635204695,0.043124378952084104
-0.8062052214874111,0.6967622963033274
-1.2256113625535934,0.08375315542134339
0.055260597863468826,-0.13083933442349124
-0.8908887013046826,-0.5566228533551199
-0.6102143842198767,-0.2898276773406795
-0.7527151524796584,0.6688155938323931
-0.5823270998673544,0.144443965039765
-0.4706786948773379,-0.555939512548171
-0.3503305422681903,-0.64160458850316
-0.12073328212401284,0.4220152178764421
-0.3579193293735771,-0.3212239975636536
-0.25333026872520303,0.17059319215892557
-1.2117098055689888,0.3928244406941602
-0.5095485005193413,0.11426678321209649
-1.410025021251237,0.3999992960561978
-0.6894353594225843,-0.28786693620224413
0.41909629509881685,-1.1069977268488789
0.11736780093138269,-0.29882800460305486
-1.5110900964358855,-0.44299554558850407
-1.677705412521503,0.7623872424175022
0.2845233339604024,0.09554450642794125
-0.5929193992966902,0.4645661307691422
-0.635772774399175,-0.08480198662066017
-0.45921690933401427,0.1647605686148319
-1.1650803202768862,-0.1370833059935576
-0.2185615947506744,0.23023860367804652
-1.5498025273288938,-0.41021448485372575
-0.765326083368855,0.38218861922757685
-0.6818760922214424,0.3712356652684576
-0.38474569627506694,1.1335161789111223
-0.7779324815438878,0.5369217407314707
0.5895799872556565,0.06989719081453866
-0.6298965155878866,-1.1112852204788395
-1.0984704410514614,-0.2786215285044117
-2.510792154368634,-0.5824213131625354
-0.29646258133567605,0.28367058088155966
-0.15331873756661632,0.5927097749215946
-0.39899445755942436,0.5467675860411585
-0.6493495097072464,0.21470909344336375
-1.2450011876251492,0.8732522844213043
-0.9891225364951487,0.3490240156589755
-0.8049994247497425,-0.1281213420576433
-0.9866349691928985,0.81865725770676
-1.1144886048411053,0.12815785492264242
-1.4957205094067014,-0.41648306819332964
-0.6896093000443514,0.4217065285352522
-1.0405411386451249,0.05955008693474767
-0.5742655662515809,0.8310813759756969
-0.7366737452490487,0.8187418503971636
-1.1937953179316443,-0.18490261098609143
-2.214014061498477,-0.03387361241608554
-0.9903441715219831,-1.3737764970287332
-0.42382714119275333,1.2354407802705505
-1.9016386356967325,-0.30046500534458714
-0.18123491451486887,-0.8431955897984206
-0.8880439671240263,1.5349720750004832
-1.1707653584454323,-0.18528467725021427
-0.8316894995981762,0.2253021068634379
0.1208812190318513,-0.7031060183186301
0.009744771925263079,0.3636467603672512
-1.1747020943126731,0.2634239398998758
-0.607201642178646,0.19273017089686464
-1.1252288126605021,0.11782477772779466
0.04197190400921629,-0.8150932824327216
-0.5670822329513138,-0.22092033623506876
-1.0408335453680375,0.22252302145270744
-0.7087186305988041,-0.612592586835971
0.07527272233912137,0.03872547032688778
-0.48153184454348297,0.1234251479748771
-1.1576155997558977,0.08186943080985638
-0.8903510337603485,-0.6288671365922991
-1.2286953655844288,-0.4644793675733093
-0.9997036255147252,0.303623374589713
-0.29377263859056774,0.4568342630692965
-0.289135558756546,0.25647542243091503
-0.053084485049478644,-0.4033301668479782
-1.2757752988592452,0.5926191570463462
-0.40893886006771535,0.4251674694217657
-0.704746428919968,-0.2732677982151473
-1.1957022088483553,-0.31993150771751067
-0.4331439342109477,0.249988748526432
-0.62159423740909,0.003948395580370106
-0.28547128000124944,-0.37220420061135906
-0.6963067992085524,-0.17224849149819507
-0.6905122084721398,-0.44027743855769264
-0.9268204934561928,0.9405911696387509
-0.8906335084260318,0.4025686431981512
-1.4311535715328567,0.5158412176434655
-0.8642241950416574,0.012030749011814874
-1.3888347849587364,-1.1562743007562117
-1.6195425803043542,0.11187825534512745
-0.46063164428375003,0.8635289385178202
-0.06443809795487597,-1.1755892805453392
-1.4851098873145225,0.41880371227776003
-0.35581338264611073,-0.6391110955637507
-0.7538546811592468,-0.16639671930540467
-0.6908829944694124,0.3333648119135803
-1.091244018875112,0.6691680204919342
0.17601107771607444,0.4953590538606912
-0.10077075523927827,-0.26847169099740964
-1.3558323209229237,0.2130649458556163
0.6338368430655111,-0.3033566220615351
-1.1323815462518438,0.05700984035230724
-1.7636549334215559,-0.2019385578460689
-1.2613423637047156,1.4853320672904067
-0.059165829688049724,-0.5090358509968387
-0.6041831187939324,0.5524993807091049
-0.8785147570038139,-0.3888062291020987
-1.575427084478398,-0.3944177436067927
-0.9156361558456683,0.42599389367268464
-0.20714239148300315,-0.12417401106732175
-0.8624344296082335,0.6181411808095788
-1.1975342746079507,0.2633940832402468
-0.2447154163831569,0.1827231863304009
-1.1045457190960022,0.4788440192834947
-0.6739237112186517,-0.38827888738761035
-0.40351275458757824,0.3521315391456295
-0.792682830525323,0.8111551650489883
-1.1354336271433723,-0.12386770615443661
-0.22367218446144976,0.36516296164154705
-1.1758176591474925,-0.06805084559266297
-1.8548790608842833,-0.573203578991716
-1.2837691138718874,-0.3233902448577474
0.1247899591761859,-0.2922436015633638
-0.4729700483425493,-0.08135488586521579
-1.1920089158352396,0.13462303862515798
-0.6366251917922955,0.3977404724488016
-0.6965560933406544,-0.0912011864233537
-0.8814536233404512,-0.7087423345649331
-0.8740283992877429,-0.5163621414042668
-1.2911857990340556,-0.43733014249894725
-0.39562275585568435,-0.9426935815967071
-0.7707278955706564,0.3784106715414175
-1.3932206406303678,0.368082063109197
-0.195164860624983,-0.3293807967364667
0.4250444506973159,0.35528313232318204
-0.22562274930456683,-0.3293874613151096
-1.2387862035542725,-0.8017719446899448
-0.5655321042813365,-0.1270644591748969
-0.5183711014254664,1.058079012569057
0.0758403767273611,0.49294032195662074
-0.11239874525815827,0.4444807128375778
-1.6538656935830547,0.3040758259351738
-0.8021113020355377,-0.5885591903904999
-1.2922088664366906,-0.6897459827127491
-0.7820139324324736,-0.942377417205193
-0.1816955894192498,0.523428643942879
-0.35617041754432793,0.24804060170028064
-0.5905746010970488,-0.35528314535669486
0.26422689259205756,0.6338542562024627
-0.7957138677325751,0.15460314502121922
-0.5018064777956146,0.43485171460768096
-0.6108499705274273,-0.3221354354082826
0.3273402882061055,0.01676800230392908
-1.084392067284376,0.011581328532460688
-0.7686139072763023,0.1344263933729875
-1.6664368768276154,0.861725919568019
-0.8752757461199092,0.19590080532055543
-0.7656547079545214,-0.8122167647030246
-0.8696596988481169,0.39050407139050586
-1.0484673805994258,0.21012576279455927
-0.3906638785692293,0.8580388649809192
-0.8827669653179867,0.8472742965333518
-0.6078063226171396,0.8888130801110442
-0.17812997089655105,-0.29156545925142213
-0.3918656200305489,1.2200597848498758
0.9347405841600891,0.6299016309294245
-0.7120285000293267,-0.6494749447925365
-1.6841292742340692,-0.3211226409284081
-0.26885397719863724,-0.18752503487660502
-1.878760007891893,0.9561044488209312
-1.0239049443282056,-0.6021139211281439
-0.3411747356033617,0.09372964784088189
-0.6937370435831056,-1.1270608430800595
-0.29533804964752974,-0.693509133454663
-1.5697932750956376,0.76973928012849
-1.0834772500277243,-0.31727163318162316
-1.099121118298441,0.02362991488344526
0.21870448279843394,0.225828466728188
-0.7481083570807296,0.8336756577773805
-0.7303998157815331,0.2784255301956585
-1.7473448126965194,-0.7267204166482449
-0.6530177808245765,0.27528891366166275
-0.29109070992010944,-0.4872524041930443
-1.6072526221668286,0.4268112282859637
-2.1889817437475703,0.6140302937651024
-1.5891316205543518,0.0355974609970876
-1.0328406046480179,-0.45150917825956755
-1.4418090668898522,0.9890920912396177
-0.7189177022610939,-0.3716253788448811
-1.2211196364950556,-0.7850886587919124
-0.4629752210543724,2.175389646335862
-0.9871869124265181,0.48108632410479046
-0.27619468720542506,-0.09361077383601975
-0.7409742554935498,-0.1358214992722329
-0.336362537637887,0.3419672755517523
-1.4678444155985682,0.10814486877387808
0.6519102625367973,-0.057490026775571995
-0.7337123786309434,0.19337111634716128
-1.672388900366428,-0.03458203777359329
0.11717190614864975,0.4307807918245381
-0.644614559603951,0.13718647625951536
-0.6226620604854682,-0.27388481289368793
-0.9948867446526726,0.5945871973310775
-0.37198405911506693,-0.1786152241483044
-0.3919246242438249,0.7707329556430847
-0.24001340943599292,-0.10772667005975305
-1.2898115669633696,-0.1621227844342974
-0.7616179246015611,-0.3104565243898092
-0.6468853164146378,-0.7582545909440696
-1.5923839432000924,0.3395016966612577
-1.580109519026475,0.7193017808120149
-0.8655863542044907,0.40056592212890363
-0.546610112027832,-0.3679608691378832
-0.08601372863772438,-0.465115727239864
-0.7409032513381374,0.023393509164676
0.5095201917052983,-0.2083424243425164
-1.2490933364015862,-0.036831239859167655
-0.762685632818205,-0.6640116179012109
-0.575958742420568,-0.9702022183705004
0.2822546757078629,0.7576077973825095
-1.1277464908533528,-0.799599222175875
-0.7632930951154866,0.881569762824987
-0.3006167836911448,0.35285721116158975
0.3796886929566571,0.9894012053218685
-0.6913601176338947,-0.2645698183358842
-0.11213450007674393,-0.46723430275206596
-0.9859757204877039,0.21017587263004875
-0.5911324379883179,-0.6395900141605662
-0.29159784303071096,-1.2534784752898553
-0.3675185895813525,-0.230045822018102
-0.684123568528082,0.40721918624925096
-1.847801738077088,0.10226018146428766
-0.5343823425975943,-0.021659630820950286
-0.5364908272384037,0.34208912057476426
-1.0005562220588018,0.12804263710580752
-0.6287222967249827,-0.057859391469288535
0.15301927055093392,-0.14399176346734052
-0.6033541079356817,-0.045268204788866354
-1.0650638336363039,0.4772430703720404
-0.4684598176158233,0.4863769847059013
-1.1560989923351868,-0.8073982665185666
-0.3310771426099913,-0.5246187828304538
-0.5564327769414916,-1.0000990330048887
-0.5957062695533871,-0.7251210775193209
-0.9115523086769259,0.12074843656984029
-0.7857952058248505,0.18973536727402635
-0.7069478287858346,-0.8088087907979709
-1.3712450247070167,0.2092697388719595
-1.4787474029204453,0.41711328839554135
0.4300808990982403,-0.4370756846910251
-0.48263820860570056,0.18550015305940382
0.41316642276145993,0.5806446939174247
-0.8714145048898198,-0.1355669429557602
0.26296259767553637,-0.6082611642528104
-0.6989034700644682,0.5993133879091654
-0.8068095042272517,-0.17343388873779556
-1.2832612886662875,-0.07429943830822987
-1.2709248930555237,-0.030150907151956098
-0.40477200995122936,-0.8910698076127578
-0.5625954898403912,-0.4264105474006071
-1.4260592471938125,0.8132176138118764
-0.6301586245617465,-1.1576894697433024
-0.6118522275405428,-1.0850536452669373
-0.11721667951221378,-0.4007895366157783
-0.23884101354053336,1.0765247536488147
0.5181122565178683,-1.0590340194478138
-0.7885480069093548,0.628612904694118
-0.29560232023444366,1.0693865925885109
-1.2955272912248503,-0.938925707451332
-0.42042303237118933,-0.178207914252059
-0.7541289390873895,-0.5700613536458772
0.6591474916380782,0.030313506205547278
-1.6310434758888661,0.024017975461086794
-1.3257927814471666,-0.08368185365399577
0.16419885229916126,0.5704126025526876
-0.8635196840731065,0.19876043049161007
-1.4767112547052914,-0.5226321117556714
-1.454914949071102,0.37550028605413327
-0.6814888586315554,0.08181739443629257
-0.6020825597823375,0.43891669671891337
-1.1050021837915152,0.3194780677480022
-1.2959234882580637,0.1745218948999739
-0.7843405489146633,0.34779253934927135
-1.3981232733828648,-0.19231882880870854
-0.5427736209772324,-0.2255890666013987
-0.8299025458691339,-0.24455583841227987
-0.4123571574779012,0.10234771926161125
-0.9419911199284412,-0.03537250696187559
-1.7134605466554724,0.8427796454475902
0.030649319586442465,-0.3259057255392311
-1.0771409311381137,-0.7985812831388484
0.39365491038226375,-0.3258198723208187
0.32679106658239526,-0.7656998894374466
0.3531436359538725,-1.048665542259135
0.3678193877347609,-0.0532904698970726
0.283196442223327,-0.8121931423247996
0.6205276056267737,-0.7441439249792966
0.3830318494071293,-0.04349257447472428
0.2305924202945401,-0.4413949822096678
1.0973574774989303,-1.1499573869089383
0.31497557135490883,-1.2940750120184072
0.7260017645476121,-0.6190125527734333
0.2901295994240797,-0.7866310582516397
0.3880822211651824,-0.9457825557974396
0.39532695381911653,-0.6057971555166453
0.5017162961469395,-0.5794153066351712
0.82338399059664,-0.9902557020876307
0.5602226024143069,-1.0405782090663407
0.3911106860152052,-0.8770838713852955
0.6845517818339554,-1.0006010002612695
0.7876841610714256,-0.05518052527139776
0.8835990817443459,-0.73161585663967
0.6729937685113737,-0.3507444342699927
0.2435861898897229,-0.5249425597203706
0.2969976630727344,0.028172639598687668
0.7477449261025984,-0.3150405838412859
0.043100461616099296,-0.8850761082773282
0.1458501394325768,-0.38571958911986187
0.5828651544954815,-0.31049063162408924
0.40789971157039834,-0.7447124285268836
0.4206990481172909,-0.63736584126717
0.6814172622324841,-0.9168100883117318
0.08099217285190341,-0.29367528590073544
0.8706978244358949,-0.2503155321138101
0.20136832726502946,-0.08722063689965068
0.6594228611484517,0.02240954569716956
0.6753596740565314,-0.8226198795353883
0.2110218680473502,-0.4727511003834765
0.8379923248073802,-1.0650046560198876
0.9916594920967685,-0.6745968168559393
0.4130536754156338,-0.8397335551901742
0.7331055122685665,-0.5074079664501422
0.41438065197103,-0.9700541976123883
0.4186091652215705,-0.615872942538415
0.6592245689581765,0.15130004910640085
0.7891131625219324,-1.2288777364117551
0.6860393101280926,-0.8866402234613925
0.5706621923369966,-0.11294895329064464
0.5035118522127027,-0.8309128372770213
0.7533977611531318,-0.7506112096353116
0.7786804645631109,-0.7005814155766866
0.3913530486507153,-0.5075838867870875
1.0234913808152122,-1.157336492841561
1.1749321445082574,-0.5209630469415298
0.5739004800577553,-0.6716273774413035
-0.29228074231736095,-0.4028715975470552
0.5430228492797364,-1.0925909171266543
0.651989650358415,-0.3798930540072035
0.31153119579317223,-1.104003634089828
0.5290621123693238,-0.5454319959807691
0.6816697422435507,-0.4914625056608036
0.11400207055402399,-0.9999038753371546
0.6271460233512035,-0.6659681250136746
0.7339637416211989,-0.9279499309320318
0.6346675789370553,-1.1043714342119542
0.698176966550082,-1.259367648066363
0.9503854994805798,-0.6588155435406681
0.41026869053449616,-0.31226874739726984
0.21715813532261036,-0.5210446393778672
0.8715500546356129,-0.856804188662945
0.2899646367580071,-0.8850820871548698
0.5691938124685972,-0.6899079524967604
0.37699277452243096,-0.8672586933100612
1.0708262943732552,-0.07242577632955652
0.6997073682451677,-0.8729807805279376
0.5843388367756873,0.15399456507941073
0.37086556677370236,-0.9748537232948215
0.3306617919674484,-0.4511521012856586
0.36419444136883566,-0.8132605080821327
0.20275551577180964,-1.0875663923182033
0.6297499435958377,-0.8853617287048893
0.7435930256044202,-0.7503218980935106
0.3257347119771278,-0.6082838278073595
0.3595566992550761,-0.06680368261977468
1.2809217995191178,-0.9559586330406349
0.7532292510344535,-0.5761233810791633
0.24581929443442688,-0.41468445493517786
0.5099732403950115,-0.6319465581693383
0.8304146344480066,-0.22158401685633397
0.4746681682682846,-1.462708142491272
0.06765182325026492,-0.8460116156399798
0.6495927396520788,-0.988535294283521
0.9135466960834293,-0.28500966708053327
0.5899447063220796,-0.9739354512173257
0.13278943137829322,-0.06035398662268287
0.48320140206980144,-0.35209277450460513
0.9555371408605328,-1.1985027599474016
0.65814407526867,-0.5682499404072676
0.42719448927914505,-0.7773254914584792
0.587469795867978,-0.8124503309395923
0.6713156123372716,-1.1061949708770316
0.26264806731819695,-1.140316247694183
1.0718060538308263,-1.020439876692232
1.0379438219736863,-0.6150367020762688
0.42251388300619047,-0.7866174016081818
0.5606316250663598,-0.9861392453167871
0.8499735104915283,-0.6195194702503823
0.7692932515301002,-0.972535382087633
0.9158223495994243,-1.0299942991737654
0.9108480558328542,-1.278419957818045
0.40514160996449505,-0.8284792587383034
0.3560328764002033,-0.8618771114822275
-0.1116225010241495,-0.7119591413889264
0.9451082559868681,-0.6782510778260106
0.3835389266091958,-1.0881334126205642
0.44656555666326364,-0.28839081354294976
0.5894332040776742,-0.9114672186525782
0.6706723149148451,-0.725877241426687
1.0720191537406178,-0.6424773451994068
0.22535445976598045,-0.7463001361280407
0.21434874507589527,-0.5180318789909202
0.6936627877102075,-0.8245525845922279
0.9012742189337271,-0.5213822008403072
1.0985990695683658,-1.166934701018255
1.076720250653562,-0.7040303503106514
0.9466189044294361,-0.5954041687478756
0.5805089611169271,-0.9636438422284391
0.6701987422894513,-0.962382018345226
0.5523272365803408,-0.3073997093294662
0.3954325576643197,-0.20356597819644515
0.4842550183587819,-0.7742513037308194
0.4186909995041822,-1.3227976032145607
0.38400545641974765,-0.4669847040527697
0.6750673300453369,-0.8214626288415924
0.4860271361840613,-0.8088903855811542
1.1526605736390425,-0.46430068155014326
0.37597571514563255,-0.425437238608913
1.0480564940436201,-0.8575592427062867
-0.06299227382668901,-0.6907184096314155
0.6390396581147948,-0.23824151454499282
0.7716204095606722,0.08866733844031326
0.8338965345820055,-0.6568479206461686
0.5067581276228131,-0.9525655258528558
0.2876514270685165,-1.195673311592711
0.7773182642178308,-0.715370835253935
0.7194335087609044,-0.7064319627037299
0.24220668043583987,-0.5107123173519358
0.9575544616825198,-0.8201728417972085
0.5532921206983156,-0.602259605189878
0.10716627011560995,-0.49072128717826735
0.34338970823727827,-0.0707081064355798
0.4965607816705946,-0.8489859962377483
0.7513757551984855,-0.29645340966548267
0.5149886579002165,-0.4821213444243038
0.7379364210532561,-0.19263412409613714
0.24901120354973105,-0.44896251584153707
0.2707662199176365,-0.5148268269202642
0.34321644400919826,-0.4741961822641085
0.4525356687895261,-0.9539158503448265
0.7556403768870208,-0.8036218738902526
0.7085662126662102,-0.8520575547781074
0.6605015110477371,-0.9240847714451076
0.5410830414142644,-0.3412488719671256
0.5227957152304412,-1.0059142751046801
0.5531928121601867,-0.08093379840579007
0.6417070344099033,-0.4201873018059055
1.0628512318419883,-0.4988839796636566
1.0393064295733234,-0.3562659043686898
0.10166995595733737,-0.8244375166053074
0.6828499987694144,-0.1599049225749155
0.5740399707523834,-0.2479756284788287
0.4045419644476626,-0.3274647978195203
0.40928299294266607,-0.9033814446745868
0.7578406617175869,-0.30556704585295874
0.33499606654774744,-0.7928906117201637
0.39306703152604705,-0.5156901506067306
0.7748720746260854,-0.23077413889811316
0.5538017143343037,-0.07287355526044871
0.376346484265763,-0.6403279743105222
0.09099238307183101,-1.427723688349068
0.5634591528116333,-1.0747275544790453
0.6286985005313613,-1.0136607255249916
0.5963915967367832,-0.35308548091578773
0.830738919616442,-1.0993248949771897
0.6257289274218747,-0.9380057551447052
0.653103935665199,-0.6987674587639104
0.30017938979576153,-0.8519567286522366
0.3681687049846302,-0.7806874192757881
0.4797252453788047,-1.1917023400996265
0.6310136367952561,-1.1959776044176207
0.37780496909431466,-0.48745964790464485
0.4525444751182733,-0.8077436545367869
0.8490855270373693,-0.2217883182483883
0.5578006341967074,-0.6419166081053074
0.982561565281227,-0.8824285271403546
0.2110240881368574,-0.3244140414180259
0.14269149917969212,-1.1211112805094392
0.6039862284793202,-0.5071864592552503
0.43637901663523204,-1.1782575326021096
0.038829984468923905,-0.6190811763686701
-0.2438370538888552,-0.9520898654420115
0.48437112183091274,-0.9374470472636279
0.6081319061229126,-0.9192566777989967
0.821672673289247,-0.5373756165703404
0.09096934180330737,-1.1592407478454738
0.6764258784208349,-0.04518427976074987
0.16003112511035394,-1.1297213578359664
0.6767429594190761,-0.5267577696971304
0.40587518907405995,-0.6539450218462594
0.5271715742938949,-0.2617622714355134
0.2755278896541855,-0.6295677559647039
1.0440510659044226,-0.7583232498716046
0.47636148640353204,-1.0137933612305816
0.6447660766544155,-0.8537162556219176
0.5592656156985466,-0.278530292918074
0.6614984472659288,-0.5931532701936508
0.7284874902599388,-1.0133833567464126
0.8006963818254274,-1.064782402319406
0.9384547379119337,-0.42661051849164466
0.7961431095621953,-0.8725540477557021
0.8588965459512198,-0.5774637339221546
0.28386882384494827,-0.4441249848010137
0.7051656068747368,-0.611259579290252
0.16487969443559936,-0.4398200715837912
0.597233491532791,-0.8525398109388564
1.2623524842456317,-1.3440182853268374
1.081315387745171,-0.8591164519793428
0.10424064932481031,-0.9456169765706123
0.004271459673439951,-0.2223873037670084
1.181608707562583,-0.6224929453607451
0.6551430676083275,-0.4010799707560244
0.6294310425468365,-0.730700841189906
0.7353645615859331,-0.5809633080486107
0.3118465150202099,-0.7620696328136445
0.8797577503359368,-0.541676487010682
0.08101319078900535,-0.9259483401297453
0.5516990571650287,-0.4505064776809637
0.601769051853476,-0.4570782500564353
0.7800472894213013,0.00029005812916365714
0.5441352182600089,-0.3576666047786274
1.3646426995397354,-0.6378813347287867
0.6329567978336097,-1.3465907815048135
0.3518124425554646,-0.8469925663201568
-0.4955805854348389,-1.029272437115031
0.833017158384936,-0.5096173006885741
0.9189034646463718,-0.32419378426455303
0.7714980326506868,-0.35175909759281476
0.6212850013619937,-0.5509941931514917
0.263893994611252,-0.15586827856472735
0.41742118528925237,-0.4704052398221247
0.5278950523364961,-0.7566924544520959
0.41891372567060253,-0.1886252945934538
0.34220154428167826,-0.6029249362639244
0.11346240154232065,-0.9297094901335077
0.5971291271597308,-0.4267957320963585
0.38657002399926654,-0.6440895970566614
0.6663353674353931,-0.18117082363209172
0.5688904600369122,-0.18857453897921156
0.29461751642735506,-0.7907612158091648
-0.3175137297127451,-0.7001438166671612
0.4166882042731518,-1.5040855474347499
0.7565984224706895,0.061444818944820505
-0.13008847423169792,-0.8600986524242622
0.9021537584774203,-1.1857370030965624
0.4780683269119257,0.24116359578278002
0.30843549211908233,-0.7909904555676385
0.5118810074274358,-0.5446383850994471
1.0834234386054522,-1.101683260208688
1.0167415703414993,-0.4616315929971592
0.30607345059873764,-0.5217652852775844
0.646573721879154,-0.5641815466793911
0.33575741959004035,-0.609124782580833
1.0360778495918712,-1.168875618677143
0.6706453674155531,-0.8123718509585511
0.386394579965519,-0.5463058363458855
0.5856635288270592,-1.0473752013190927
1.0560583405898143,-0.6565843670213772
0.7219756004602519,-0.6057645604325836
0.316325347332803,-0.630697990731596
0.4766840869301325,-1.0571399311728893
0.27367748783568424,-0.9585072697614954
0.4110725318775065,-0.4976456244636821
0.8346311240320008,-0.40571909137593193
0.8374133719324139,-0.5259343957589608
0.9790440161566543,-0.9218177493262968
0.24542952787079447,-0.32424815498970216
0.7655313911457124,-0.4247191675644504
0.5880468498343608,-0.8437803281465983
0.29347338187732835,-0.8717785538480163
0.751008346659773,-0.5298264001016507
0.6379381647408875,-0.6774506118692879
0.8396119391855918,-0.9031421695843254
0.59311062766121,-0.7831687441164269
0.5965873821030576,-0.9439861123521255
0.45480241111262587,-0.11546494743425928
0.47651460213072233,-0.4382784632986191
0.1522025642666276,-0.3703149186314305
0.4923601901613471,-0.672601199810421
0.17759383621109975,-1.373584229671237
0.03916915900372905,-0.6126926960104334
0.7345157206160915,-0.1617022861068177
0.9722318484134158,-1.3851732175447133
0.11982877479762799,-0.4285374218508539
0.7974066775986752,-1.0632863065557603
0.5585818984907934,-0.7796576808007527
0.5963649105046941,-0.4798007620693617
0.3561482958612744,-0.2783188369223492
1.1165013538159863,-0.38260421690109514
0.9504322540427746,-0.8409026638159557
0.1973953146325873,-0.5519806817041402
1.3911968130256482,-0.8618336224544311
0.33146577943523536,-0.6456137450061256
-0.04729825286659196,-0.8009827839251512
0.2540892889635122,0.21137959115673424
0.9753952093735117,-0.9852411598156131
0.6483848359099822,-0.3483200207920469
0.4837858529840533,-0.9131033866787692
0.06563845649930292,-0.9164702953815854
0.4615130136789407,-0.4242233130138991
0.8866092722965397,-0.754324055857903
0.4934340494214015,-0.30893494073176253
0.29237414242157117,-0.5217831992733618
0.8640654573564474,-0.5701857374192694
0.34816727572874034,-0.392513237647413
0.6065404804551506,-0.912786981650076
0.7687870544337947,-0.46854072573013217
0.5352850088711478,-0.19312655018811678
0.3296345309003182,-0.7541402729101718
0.8766913965094716,-0.46072187223258165
0.30540411169784604,-0.7206501565731076
-0.10203272934422855,-1.0237417966125393
0.2406332388632092,-0.8738537961321583
1.085768682692053,-0.8551658101555282
0.7271126781808119,-0.7286325807366394
0.2956893576851977,-0.5990458260424151
0.6289195921109642,-0.4411753657482289
0.5929610511819489,-0.7345403610715222
0.4820225331820709,-1.1050650499564698
0.4864776676136959,-0.9896369340600698
0.2361832277659082,-0.9422177347168783
0.7735210536729309,-1.2454357981755342
0.5484579698439478,-0.4527732462926594
0.17496232280812096,-0.45897041135199174
0.8937957908113519,-0.8774481272593899
1.2659213776047311,-0.46664976982360074
0.8755210576036014,-0.8774521260065756
0.2676229850537781,-1.1608828160314766
0.6715754446175397,-0.756058324722448
0.6998720463310617,-0.04497224167607571
1.0563989332227581,-0.38405545604353736
0.9434554600314465,-0.4131312215149631
0.01857529103650876,-0.4973741536564056
0.5296279259650188,-1.0329551634518097
0.2355693873243272,-1.0936672388451594
0.5416863477268575,-1.2452460995406258
0.9018773535347917,-0.36576246285178243
0.7971924566597448,-0.5309952881973414
0.6565499465281122,-0.8929895364315269
1.169430842741576,-0.2995070954960322
0.5334663865467966,-0.5870577622047783
0.7098108205089728,-0.4189086204529013
0.6443847248698852,-0.8731009104624794
1.2072988801100049,-0.6697588478351524
0.3602594668157159,-0.6728708520980334
0.5497263628205601,-0.5991638131937175
0.011032581089772332,-0.16278409747669842
0.4857292595143961,-0.5622791660251766
0.5515018824136287,-1.1671497080393247
0.4890988878774715,-0.44551720638320635
0.3818142788266862,-0.5537441915407743
0.776496380044804,-0.16499633022895832
0.4812345279955496,-0.17145507129749876
0.6462109136160578,-0.14653180115088335
0.9040167246484109,-0.8547589247683632
0.7757753351680123,0.05221622169241562
1.5717390576823949,-0.3018786706598551
0.5836776071687455,-1.0695046160930317
0.0004171426458999378,-0.8724932337745547
0.8495823208671591,-0.7923346701434729
-0.11636129754879443,-0.1061569799249512
0.3965517405894182,-1.0410880018943964
0.8061898658243245,-0.6235818605129808
0.5946524810364784,-1.3560561550655457
0.8336918773978236,-1.0959251292903076
0.06901874212895898,-0.21797608114041575
0.36080835716970694,-0.8701826291264838
0.3514220362072769,-0.6656417002874427
1.142117396865402,-0.5443225691805971
0.562029692937904,-0.17961425455108157
0.5726548177174217,-0.5127643311001148
-0.037512180431570265,-1.1158518992064568
0.6190840386915958,-0.5146463010205123
0.8362402812342757,-0.9721710917333364
0.046543133886244335,-0.4237329122459317
-0.3024943390622007,-0.31140147295844844
0.05741573485373053,-0.6584611726192573
0.3911903443975309,-0.9507251561732504
0.14580926705243027,-0.08636439447373923
0.5795440858296852,-0.9027948765244385
0.2782229252893082,-1.1508728444926573
0.7331095745537182,0.6254141385840075
0.4185825597304307,-0.39116785475463556
0.8451778948630864,-0.7359861135191217
0.5663101538902117,-0.7613125487808496
0.8090771846036093,-0.47463928388645854
0.13018805782720075,-0.6149327279531831
1.40204086470842,-0.7143136652828531
0.5706672800077754,-0.563796979409213
0.007461366966484756,-0.7005688718816659
1.0811978508755313,-0.421351174122787
0.624125971423971,-0.5975077634618007
0.6372974708950606,-0.8441505369537227
0.41396266039473806,-0.3230673308188633
0.7877042717173014,-0.7869887837064926
0.7757399326400467,-0.217379875831659
0.8668866615247457,-0.7444556512533617
0.23700776700831985,-0.7770933198780884
0.5539239524254048,-0.8660935638513955
0.622763517337559,-1.1347724037839517
0.05546434126628623,-0.4761186312207553
0.06282899577045654,-0.24823858073030083
0.49154289466364715,-0.4394800959401677
0.6829286399696424,-0.9005961707002398
0.9592864700037068,-0.9588890855614282
0.5663527563834592,-0.6657835437187043
1.3166068222095206,-0.8048251038230197
0.26143870534538993,-0.7019183931330105
0.5532833274954185,-1.0782266199582364
0.6653194617340008,-1.26194098023981
1.1802475126110592,-0.22525497078800413
0.33424681267432993,-1.1595791825230348
0.5529188501170496,-0.15087779152251762
0.8305246369716547,-0.46810532252055603
1.2387079229603357,-0.08617892602438869
0.5960786366060047,-0.8385615402190404
0.9436140071402951,-0.9601602308687494
0.4193092748937194,-0.5537141256394806
0.6562152443933508,-1.0635736577138497
0.8359360013679149,-1.4319067343914231
0.7903835534375302,-0.8178471424283711
0.6004205660694926,-0.4354881374679593
-0.0977863356599114,-0.6184635403389372
0.6902653016277849,-0.69281542771008
0.6890002108432993,-0.47456617687265135
0.4105609739510606,-0.6029940669540255
0.6336613291513519,-0.714535284099083
1.1027062695169019,-0.7662147072979142
0.6488822424249325,-0.7069805720908297
0.3718564070045594,-0.3934738069942856
0.7298188166168474,-0.38799345839396904
0.31723531178522957,-1.1642586091286498
0.8122484216203468,-0.9945909189157822
0.6770350410214466,-1.279879069020443
0.6534709454543093,-1.1148922957291025
0.46396332198018597,-0.6073705872756058
0.5394175836914312,-0.565978428853094
0.5867260099148408,-1.1651049236962925
0.18814769236213155,-0.5542578058943342
0.12364626543407442,-0.429551676180185
1.2689432466452857,-0.9420650600321249
0.7213117820229211,-0.5685195573818677
1.2587945608432176,-0.33143283286705505
0.4880460042524497,-0.7611598149909661
1.1686722657916633,-1.0447763477691963
0.5915526251476607,-0.32023161647201054
0.5268090046499905,-0.7838799824601872
0.24093793398656907,-0.7243993122024478
0.24833977135302746,-0.6979101935086836
0.768031501215604,-1.2144615337851647
0.673337413282107,-0.9356659776578742
0.15525915887005398,-0.191889080930384
0.6327995324492935,-1.3744333310634913
0.6437833706620159,-1.3308518363776722
0.9405646994790131,-0.920293371186977
0.8675900990620216,-0.033904797028221
1.3217620610970626,-1.315240060886198
0.5377659030407287,-0.302651906401039
0.8335333150456753,-0.03818769366440336
0.23357833245143148,-1.2431750736883092
0.7586408877636279,-0.7867443977687453
0.5584173437339077,-1.021856461405036
1.4063832021691882,-0.6616315454941816
0.03226862165302196,-0.6654088639408577
0.21541903831804152,-0.7300287614099074
1.1094140185658383,-0.3375720876858973
0.4927828967424776,-0.5605633909225438
0.12486795436316679,-0.9933989162709127
0.13794573774368032,-0.4545194775850299
0.6020013920074083,-0.6307292125557343
0.6496451713169392,-0.4164696311861618
0.3478933969114325,-0.4881328085687086
0.23334061423150337,-0.5751065122775255
0.5402903778375435,-0.4711441256079471
0.1720207431566228,-0.795210946502735
0.685230534600002,-0.8151730891783491
0.5129531796648612,-0.8265531522648778
0.7634804126996009,-0.6184110176605432
0.44570003522927687,-0.7010431533946353
-0.017181620806941796,-0.17415186194895577
1.029284298938207,-0.8753630845410486
0.3646101485034734,-1.158968419100819
-0.07531361167154277,-0.11033056629359697
-1.3325378021284375,0.30845188650120636
-0.5371101091131089,0.8844051660781477
-0.5839891635601384,-0.8726341044886723
0.2734245562191113,-0.2150609445237654
0.4953325433758995,1.3228672723999302
0.891932259051005,-1.011155722175639
0.18407013443428,0.4605006330906473
-2.018431518672114,-0.6831650923889973
-1.8006712978012462,-2.0269626196190353
-0.6438840476606702,-1.1818793198840156
-0.15400883565519286,-1.1889271975751057
0.6166899518859374,-0.6649260540753298
-1.3548501542947335,0.5378934972440143
0.549326676517918,0.025431319739000254
-0.8681678968500622,1.8053410634151894
-0.3202673950875783,-1.7640050130913378
-1.4003020465447331,-0.8909314333716893
-0.5769858606671683,-0.977885991350245
1.3181370410307203,-0.36966503564462394
-0.11192547358194317,0.8536442809459717
-0.9305895625381385,0.013187265623267918
-1.0434594508615502,0.725369876426732
0.10454798992618222,-1.478715852123311
-1.4165237293354003,-0.32276719870679704
1.1779554624356239,1.5181570347969664
-0.8620186101952456,0.9968551687798413
0.2217267750708985,-1.6094703468486922
0.7147870647139338,-1.361344934564277
-1.9581068003390192,0.7234167330723977
1.6275111930242478,1.281914952248063
-0.8979960477695103,0.9086306910668108
1.1445000051441225,-1.7472287977962417
-1.2359824664834047,-1.1022758560631511
-0.7522267390569088,0.6355069259002895
-1.108234510922696,-1.0960807803177774
-1.208524396252233,0.354557524804609
0.46828313416504297,0.6535556212918269
-0.24514656254967765,1.782086368241955
0.3931605166796282,-0.9335228565783366
-0.31383118325553316,-1.6094215205349607
0.13539685966071607,0.8105310612171256
0.5630941379018632,-0.5842679840253752
0.7245774473771153,-1.9591963264084784
0.9575766673086663,0.05105156296200978
-1.6414674771646265,1.2159894735280175
-0.20061353320262906,1.7462511358991781
0.9115728651553456,0.31646387389054303
1.34643573583824,0.5031806599440972
-0.1128742913625846,1.3833039146179256
0.33585439215781426,-1.5753597668875128
1.301120100892813,-0.6650914394125412
1.3646086613150397,0.9991899363970637
-1.0061912743058743,-1.038653556464888
-1.1016149918905402,-1.632339078251927
-0.7933160669388969,-1.0894540004760358
0.6112160453893674,0.8377024701176895
-1.7758605160064982,-0.8233417370178737
0.30025128524576344,0.3780976168418461
-1.809789954810402,1.443096908923084
0.3271756378180077,-1.3355691096877227
-1.3893412694457883,-0.3609059121547607
0.028744513020898838,-0.134698862512834
-1.9875791362427293,-1.182715659586901
0.5160704902628495,1.5690579651285952
-0.19882266953473984,0.38688669042828194
1.5456992256153803,-0.5202478058660917
0.5527510203757651,-1.0193524144209827
-1.5212837081126072,-1.0895323455949
0.8818357099250402,0.3938125578663647
-1.1607841626061917,1.2647391510195432
-0.7823128946434528,0.9757410779649925
0.8415286478860664,-0.4108317876954732
0.3141605460273387,-0.25251451848075934
-1.7389713354604377,-0.41305767243404795
0.5293815318222732,1.6419198311898877
-0.7310655838715481,-0.5606286092593399
-1.0789230880381595,-0.7864333079907425
0.887036582701884,-1.8810245710850706
-0.7779183559110683,-1.6865057808017396
0.7475029346090559,-1.6218519401912983
-1.9909244175373657,1.7430575825038332
1.2692463866791366,0.13706206779650648
-0.9989633296691761,1.1791739116787336
-0.41407209526610694,0.2765357227819917
-1.420852893997169,0.4346474944583524
-0.9880241273969121,-1.7361970930180755
-1.1279109273805066,-0.6125443299719074
-1.815107432732466,-0.36826622278030624
-1.6183888120016008,0.5656956080644343
-0.04246409436823011,-0.435503495008275
0.3292008691154319,1.7896288952565362
0.27824621232245805,-0.07922078028766288
1.6211356578226876,1.2787121017417136
-1.0272959562629138,1.2286688512824127
-0.8345906983907578,1.0141334160889284
0.5557946732122517,1.3119766392460384
0.6503918760506067,1.6920569828144965
-1.620182702665588,1.4150783735064418
-1.0741738752851742,-1.2806298384186776
0.6561711200426992,-0.2255775305634223
1.327013614681016,-1.6523477778730646
-0.9284925730795519,-0.7324089455085043
-0.035886420872633516,-1.0627499324778773
1.444499477076456,-0.19770716228999902
-0.26354730146186367,-0.5050787324961967
-0.4092183301805804,0.35544540568578875
-1.4444605159787824,-0.22493178017908605
0.5712167534079202,-1.6581944025015072
0.5451519689318882,-0.1825360907184702
-1.3360856292658256,0.25182648119814666
-0.5093182281003438,1.3805931649935381
0.6557714461427474,-0.7411240828030845
-1.6616871460702138,0.6487900733070333
-1.6836335351338343,0.7603361787248583
0.2517204838663364,-0.9722156841059143
0.459407587720133,-1.1263105193688483
-0.060340825808440524,-0.5993692395870747
-0.011121026184498145,0.4568557016633896
0.38344055600864024,0.8881322500946298
1.2252207086014273,-0.0598735320767933
1.3618884382147678,0.014035250330411858
-1.420879345960094,1.2273349770484898
-0.5538476446862197,0.5341438166136536
0.3403840024409623,0.6902309524931658
0.9409526602426005,-2.0103628389341837
0.9274737129701737,0.10083862702772815
0.7244109083232708,0.04822878506809673
-0.6894264267602767,-1.0519815862221051
-0.20319146398158527,-1.3227142780940653
0.9223372898023979,-0.683516676166037
1.1064866397809296,-0.4791678532037676
-2.0075170777853337,-1.6190346553030759
-0.7995653833228736,-1.4311197867404308
-1.4337873239142045,0.005115597082235103
-0.755212886718609,-0.9727905346791721
0.5483448666872239,-1.4007019028992294
-1.5499820572531977,-1.3652232736144518
1.3708247029815093,1.2710629894618126
-1.372114218240964,-1.6690088798842664
0.7467972299561999,-0.5609649114408815
1.0969118666987676,1.2987458698803955
-0.23311702072005344,-0.1564619628983007
-1.6018038888696162,-1.5509220342717696
-1.4858278335629587,-0.19541070065581126
1.5815145195320746,-0.8502186801661956
0.3879101047637624,-1.8377201534915313
0.7538755871232234,-0.527812097252798
-0.281484022103614,-0.1605305755337774
-1.1087613006572206,-0.690473005777636
-1.6597806027820665,0.6494475212963121
-0.31165482472803097,1.3478002026722617
-1.4993081440234413,1.7378113726557511
0.7104565583352259,1.5704132160566548
1.2060162690828953,-0.3706615497217355
0.25649075810484273,-1.5947481572766282
1.1337226145351957,-1.0842463672593394
0.6681548126985642,0.8443370819258841
-1.446078665238669,-0.8636317446575218
-1.297149989312925,-1.3644170038639458
-0.35087959431147736,-0.9142005113187187
1.0457926539252362,-0.35677143878203615
-0.927183782946579,-0.12392340823971947
-1.888530715775554,-1.9851456541968262
0.07191605977712325,0.03416607200796105
-1.5320667511904513,-0.4128049305374906
-1.5774688202424727,1.323208230869798
1.6141891312610341,-1.19821793682116
0.392129848807613,0.5054388814823734
0.052641117587807665,1.2183833847876224
-1.6396462754234904,1.4789077081953261
-0.7378609467614731,1.4631831992489586
-0.31744818480497383,-0.6281274172783696
1.3690884312869738,1.7159749443935697
1.1553741097676662,0.9837193053342833
1.0344332707458983,1.178285983897973
1.3228706808595132,1.3394541342426955
1.0600858582424568,-0.29565084991842644
0.9695302465728827,1.1754542098284517
-1.3065617944654357,1.252286863641891
1.023167012613891,-1.0170923668631997
-1.5230806851018692,-1.0568554995961545
-1.100832099382196,-0.42575978483844334
1.0426554389615494,1.2600261366769496
-0.5111201148981077,-0.31091798253654146
-0.7381548501323304,-0.9725724175315029
-0.16729111560882778,0.005715091599492278
0.6473813239966985,-0.08310370126624421
-0.8856250575535789,-0.8991269407407018
0.316679448510133,-1.150452795600078
0.17851683641072638,1.7089129278739905
-1.3597967911147577,-1.4799603242984969
1.4228506037210615,0.8670770959825427
1.285236772179068,0.5130189429873077
0.8584955716822315,-1.96591706422197
-0.7843643721157787,0.8964162728804713
-1.6899314506034073,-1.3005361882232749
0.5829568635544733,-0.932228968253748
-1.4142577625428998,-1.948346761223884
0.9977539442214775,-1.368187071741164
1.1534177242936754,0.17044159469049383
1.2091006238406015,1.2938980400937132
-0.6634036207228965,0.1443726548527278
1.3737090625637656,0.27348960430421393
-1.9569577930696562,0.8952040199337716
-0.16858054697701702,-1.1278626628375725
0.3861874232718277,-1.532480060345878
-1.3367922034077417,1.5081494882191595
1.5201441971375917,0.0350815069149533
1.2992846537760105,-1.948609716754602
0.3068805518820444,0.84472707399249
-1.6882463401582994,-1.0621838692001397
0.2514199654329564,0.3798130251085639
-0.04709481451668371,-1.845949009904262
-0.26358113963286894,1.559521380908487
-1.36242311660045,-0.7579803873565717
-2.007376244683277,-0.08096407248960709
-0.34599218540456067,-1.9843783599960512
-0.7461414388917211,0.08361150177985563
-1.72868262780924,-1.573318083962609
-0.4993117610417349,0.0020410962214750784
0.19062510549365627,0.019799564618611595
-1.4062590678589129,-1.8782981100376606
1.6074614773777403,-0.38488592110582825
0.9187752391830121,-1.68334102016493
0.9442597685353825,-2.006509160006012
0.5126677088694689,-1.3371599280252167
-0.04644708544050328,0.5756937692022573
-1.436206718172975,-0.4972661776045812
0.03480387363557473,-1.1753898740990216
0.6420946535772444,0.8128703984688687
0.0624259631869142,-0.0830733705740623
1.285192478989131,-0.6494875959078625
0.0436668812040337,1.2302736790580722
-0.6163240107232909,1.8011568388080088
-0.0773245942283807,-0.20020173648033912
-0.6223253457503114,-0.37327320599734193
-0.8418218613506214,0.8039140652152355
-1.9343626109578012,-1.2282843530930345
1.3895444648054092,1.111605852966317
-0.8885243394612088,1.4501455938048
0.05460564511939488,1.1151675837372614
-0.9055528012857437,-1.1098770691343665
1.654315677234192,-0.878976586753239
-0.4702963263289878,0.9948340288022895
-1.9262236633617584,0.30987598256259274
0.5947665695174824,1.0435694741781762
-1.431971566401222,0.8810901909656437
0.4748280161010564,0.11635720631827372
-0.18715141063343071,-0.8531961089307657
-0.028864275937023134,-0.7809926067516041
-0.056244558073304425,-0.08084775257860488
0.6883682778860895,-0.6964537088396748
-1.5688715480304531,-0.20368688903651436
1.5281763419928784,-0.9821044818997199
1.6135983808952847,0.20883503926857416
0.7796174649172486,1.6709378980223728
-0.9772261876295596,1.7871523705818801
-1.0195991284280688,0.7356415045292762
-0.7153085595738863,0.4557000427841535
-0.20617251222772232,0.09006394380302352
0.5551088671658979,1.6767812501656947
-0.8685393189517061,-0.24844731594545172
-1.0927308175454091,-1.4342343624234928
1.3176740884405864,-0.8585783783773452
0.18476551634323074,1.786535795298481
-0.30660526571231556,1.737992988072026
-1.9867538147400312,-0.5585725527775655
0.40570034265035126,0.8607669422372954
-1.8177061340678715,-0.7785182685753791
-0.9240042206334301,-0.5233931683803795
-1.1180871653854323,0.6260683162574119
0.16553726783139008,-0.3588981376125524
0.569215914992911,-0.8884538433243839
0.9407476300331666,-0.5716440676732476
-1.6919925491693408,-0.24290814349285308
-0.23945595126833558,1.793926903361784
-1.9664290551568382,-1.7485780236863862
-0.8281380722144859,-1.9330692986823435
-1.1419353152080487,-0.5175103339127566
-0.7203731912960293,1.6004860029435541
0.6744891460262075,-0.8516267447234949
0.44063343215225415,0.7355298792336439
1.4847966140901614,0.3200124363830682
0.34983696483389976,0.9541115277796359
-0.9618010329795187,-1.500823911758009
-1.9084267295189112,1.4180229380400826
-1.1460858764419313,-0.574766567817477
-0.7278274880275915,-0.030248750677946825
1.049705072390514,0.20592971193908546
0.39247494812802447,-0.9774738461703802
-1.8865139266525806,0.8627637851174201
1.0923914341803527,0.8201861170792245
-2.023880276229348,-1.459683443276832
-0.8503443826178755,-1.5864891040927203
0.8268639383959595,1.6845611401167757
-0.16266584336164353,0.6809449603593578
0.8249024831311552,1.014699944043759
0.8743610056060006,-0.00417097742243265
-0.5777605653696757,1.5349847221781145
-1.4408925514167006,-1.7485075149637235
-0.30557534544330905,1.1221977996566102
-0.20565289019871066,-0.34303476043126807
-1.4139031147650045,-0.34834291173507004
1.5388036262774174,0.6033360243406676
-1.825917646036881,-0.5605410396444478
-1.7785371126281968,-1.0469688748262322
0.5990651925687217,-1.39772670589125
-1.294786695766501,0.49763254461595224
-1.0452333324439642,-1.2023116766119564
-1.406195964556099,-0.9164715840805271
-1.1928024258879104,-0.5414544771494573
0.7573297658809535,0.06513525217519102
0.637865340367166,0.8300227552043296
1.0387525747978679,-0.24875890398089298
-0.009597552449495539,-0.45481164480332076
0.6717255162337963,1.055671206738278
1.3394538024932325,-0.8166067449655648
1.4441819529736541,-0.3659218552298512
-0.20963241828230114,1.1502132598215342
-1.6010941054082424,-1.1249722443920402
0.11422782775846854,1.7904191868156387
-0.9782748780818606,-0.24970534150695056
-1.8926033773177602,-0.8592271453547872
-1.4387640649257845,-0.5173463238575535
0.8036437638193111,-1.6534115210220863
-0.6678171473176939,0.01054158121438176
1.0812380399318475,-1.8478511540760327
-0.02175722012227979,1.6432286343778337
-1.718642486200289,-0.05238708303713555
-0.7250470121362191,-1.2520735344202163
-0.26751132280922707,-0.6330708310502592
-0.6591843442516433,-0.8260521347498354
1.1988273307708464,1.7044257264231553
0.6813115136838996,-1.2038572538605534
-0.4244968106937997,0.03455522338727359
-1.1151063685415585,0.4382790577661722
0.24925875481016718,1.0389217435064984
1.2623195921136898,-0.16068800206306214
-1.519723574817102,-1.6263391812691061
0.8539608831880633,0.4093670305936821
-1.6387968163873792,-1.2854629781271856
0.30138565634875997,-0.3994981766500891
-1.315043093285996,-0.47483623874884334
-1.7787560971780847,-0.11469249876271649
-1.497805050826304,1.7769052195219146
-0.6120799815199377,1.7673726054789292
1.366965558470932,1.5807337611108845
-1.6585215912019822,-1.2452649737069819
0.9214958233234936,-1.4218066957928284
-1.6165139767067254,1.7002726925434868
-0.21818268244861133,-0.8528971378626484
-0.1448704009354098,1.02207113878421
-1.6562334150358546,0.7302424712172944
-1.749352436541294,0.383704275008529
-0.45197007464835115,-0.7703544215851846
0.9518618521107383,-0.8453055642378102
-1.7294790214957385,1.2416065330465837
-0.07526202723414253,-0.9375852528139168
-0.008970645651464142,1.1884962481144403
-0.37989765095913974,1.5522208540258344
-1.5896971956963768,0.2088226341088929
-0.5981107980752612,0.9117541644231463
-1.777524389782322,1.4306057599652686
0.6598264752097454,-0.3392028162794512
-0.2089906574894782,-0.3896766311798855
1.0949600119500655,-1.049801680094706
-1.628778203540879,0.20302518807377123
-0.8664651954973537,0.3812732226907198
0.99256877801533,-1.3985530629299987
-0.3701111431638289,-1.0036830585866892
-1.1153521115425387,1.6184323051196912
-2.02522505430426,0.20649683642630715
0.8635564329035702,0.15668333302312287
0.2729595654346645,1.626156508829795
-0.41226777224630473,-1.5352942362428703
-0.6197780840696407,0.08744276287949347
0.5351193839413705,-1.6219565291586182
0.8877187628845509,1.2016440043393153
1.238206111713837,-0.45324125454090053
0.9081050405092582,-1.3953512626120148
-0.5738293936676374,1.7372834372267068
-0.366574569725567,1.377499819185807
-0.07809569923176539,-0.4481380470121956
0.14094776824815133,-0.41665873009846005
-1.360085127125297,-1.8128135793814806
-0.9348748394620906,-1.4483148685857874
0.44599987668789076,-1.6460646004897266
-0.9117368095834032,0.07055045791055091
-1.153513916251854,-0.28014073585621707
-1.3606696339002398,0.8067935096443443
1.0699149380192998,-0.1803791446879776
-1.7313117446894997,1.7453709284574543
-0.06265955313354837,-1.4553441401668443
1.1224590937763597,0.10587457601297832
0.171274167971478,1.3603847362993198
0.3487839726362847,-1.3841639646081914
-1.7876808241409727,1.163908865573273
0.29953230776557693,-0.9013064662164189
1.4461612311922993,1.018238226929931
-0.14644313448388493,1.7716108727107636
1.0093068623446262,-1.7756941881319908
1.293326468764514,-0.023778119904363376
0.7146430595623287,-0.16803072660963397
-0.6453646457499796,0.5811185501007655
-0.0448146143208956,-1.0805477678108655
-1.1895764369999844,-1.7485385340493163
0.7339413479814654,0.854494382914853
-1.4494499420001234,-0.9793049698788838
0.3976483015898063,0.6608038604147856
-1.867663109099135,1.57912338559252
1.1057954407419608,1.267746242360803
1.0913813839345905,1.7197160446307398
-1.601203357287767,0.1198871940498581
-0.01551768685366583,1.1293059880548695
-0.31495574103244334,1.1838082121711966
0.4646299130735081,1.7880113364194439
-1.1324409716873105,-1.5068845462492497
-0.33636072044036797,0.14625799633240794
0.3387298535209287,1.0505173898601494
0.33588235504498964,-1.9611436397513462
-1.404258786270879,-1.6122132878991857
0.7469971198379706,0.7819477705926338
0.9618233573613911,-1.9320182845038165
-1.1173040529968559,-0.01770276150005574
0.5997293116010602,1.3619901701490673
0.8019888179999577,-0.48299115280853205
0.5921439379426382,-0.6970753754909111
-0.31659397860110666,-1.978856156868367
-1.384892901196389,0.7047342396704378
-1.3940666974508682,1.0817547617521146
-0.8637665580649433,0.13213589869373224
0.9353609592470651,0.22699293713801655
-0.23396204830756667,-0.9524132867489881
-0.1962294240047221,-1.3522380655325779
0.1545802621872716,0.9741051120423608
1.2607385241081126,0.9342430743245982
0.8344061706394269,1.5113181624828878
0.11142339616128255,-0.7388448649154404
0.7819382354020395,0.8883437136703729
-0.13315440539674434,0.8719556734074735
-1.3483772960198845,-0.6822513573487321
1.1824079635058555,1.6495027997029763
-0.4439856296484169,-0.9975664687790173
-0.19076990480933267,-1.063693880743813
1.4698298496700506,-0.9484111551663664
-1.9343320212088195,-0.07643936436054917
-1.4210719512603034,-0.555505175497219
-1.8610434162539542,-0.5502427299073487
-1.3721169524640748,-1.9424131207619937
-0.40309694216659236,1.16872796831481
-1.7068630973427812,-0.07863011835523322
-1.9686011088173734,1.1607038994203085
0.05876454980726382,-0.4418499245133596
0.8760502124843184,0.787110093233513
-1.3605802431209777,0.2170325078654413
-0.6768325057588053,0.8434879434412952
0.4730491949201274,0.28057132260410217
0.5789049915569494,-1.348293998820636
1.5948107553056026,-0.5758897277383943
-0.2154904800463012,1.1645260101711055
-1.879497593641172,-1.5785972255315364
-0.1182486898776235,1.6015216134367871
-1.0458067613271818,-1.1206546501559531
-1.042340004318109,-1.1160120958963546
1.3915025359338336,0.27738530832452085
-0.5137338611647329,1.4440236180746306
0.6387786925598462,-1.2344787469909129
-1.0625801225109008,1.5395755676104
1.638485950898905,-1.2278979284915448
-0.5658843547710429,0.4635037516319392
-1.5909388331521026,-0.10815582305387837
0.6352647768459977,-1.3686864680689304
-1.1198702794962616,-0.2520011837345285
-0.5848028741364466,1.2565301840669356
0.7150755415708152,0.17164425749240517
-0.4221360429747681,0.8258937997977251
-0.43003865801516195,0.9963189952410562
0.8866584362967447,1.5072485250955108
-0.9680591865109482,-1.224730056835514
0.8706573905615543,-0.23333566701857245
-1.4448152205190052,-0.9335301880733103
0.37404831824981133,1.403408756684457
0.4001407173564253,-1.7065320602799177
-0.5616378893517235,-0.4073385235253772
-1.5842809055143787,0.9656556487550085
-0.9743792744511982,-0.6331464171302792
-1.1154692261965113,-0.5290978009934314
-0.8798648688859089,0.10052075554205621
0.36949686656146913,0.2626486807382269
1.5774892985198499,-0.28378260820641515
-0.12460951737807476,1.445237518873948
-1.774297750796823,0.7602847449859789
0.30301087232812346,-0.5222800574217754
-0.02425796445724257,-0.6356767263679935
0.49296725537550956,0.06063772074697231
-0.37371542626848636,-1.1606368699661271
0.6403473593184194,0.09032393344415397
1.1737177782433057,-1.3613819178541666
-1.100373101283262,-0.24802241473255623
1.246892106338932,-1.223798101889202
0.7184931534420077,1.0410560741485784
0.166060479378423,-1.573939733787606
1.5657152470346325,-1.3820354549052076
-1.1637926919653934,-0.006601029546977765
-1.571179266348254,1.021033951252263
-1.8385922158483425,0.257982831124601
-1.9122711554532064,-1.4635589730633922
1.4031393605763147,0.07446599516170503
0.4127194021164061,1.0274762715717782
-0.6574671638419366,0.44551437430936724
0.09533631702827011,-1.4717326986179144
1.1331628843482302,1.0188118222039577
-1.7003653821103575,-1.4247797975928191
1.5000564177397302,-0.9416188193398628
-0.35012520590806356,-1.654302317377389
-0.10589475318300828,0.13178296917227106
-0.46292242824206387,-1.5991073513615186
0.8957896918130336,-1.3419858798399498
1.512630060509048,-0.8779656362517144
1.130813968497702,1.3209596822423064
-1.3441038709359459,0.7555540047280072
-1.1845233882832316,1.6063472396362621
1.631860544493539,0.22587472314765658
1.0816590887526818,-0.0295820845842524
0.0724227541689124,0.6287925126009765
1.1717065733366063,0.19175222799341402
0.9946616883344537,1.6199075175216444
0.31561247424179983,-0.32393597944143476
1.5607571901765473,-1.419039589258659
0.06362991690287406,-0.4198700664348434
1.6435277179268508,1.7439348621800523
-0.9419847509282173,1.7338040242784893
-0.7575184586434165,-0.39768196078647267
-0.8320017034355999,-0.2336799306674677
-0.04561522851499141,1.049273145014934
-1.3768568314739393,0.5402262667998561
1.539286644505655,-0.25373969781105893
1.089113612240419,1.3337761217772426
-0.9150882470712767,-1.5128438193205813
-1.9846012711902332,-0.9172366885460155
0.9243465294965265,-0.9904371381429994
-1.2731669236160164,-0.06901348600584219
-1.9148973000793397,0.8655995243715428
0.2658446002765479,-1.5956800022023279
0.7451945825238301,1.6300570351401773
-0.3483765423965659,-1.746757918360962
0.4012919263167839,0.9748729827658751
-1.2837307989869549,-0.2911321736403557
-0.177162618812733,-0.3144714898106417
1.1004781707682647,-1.4142165992288176
-1.0746124406401165,-0.608263445939666
0.9354224921893579,0.4961666378740391
0.608800131826421,1.583278413872556
1.3151932431642166,1.2422469214123661
-0.15081151368063073,0.5302817204594696
1.3919689105759958,-1.2940759648826108
1.2023560311430153,0.5097804581543108
-0.20813796138450893,-0.6108070167454317
-1.5810314471351636,0.8694775999602585
-1.7058142693219664,1.1867452194917694
-0.1979132528416286,1.2239924541706189
0.99386346957754,-0.19408018657471043
0.25499288212000804,-1.074078670972689
-1.251595173810992,-1.2479166727775388
-0.6979552455183038,0.1726429303807178
0.14430515050207163,-1.3849449754496226
-0.875041380126541,-1.2312479070398161
1.4170195112992319,1.2620196009385756
0.0647119150796242,1.5871548480644262
-1.8737265229125233,1.1653692268708133
-1.9525406703203936,0.5363075162951731
0.14413172944799155,1.6089466929054135
-0.7412495711982575,0.7921512182426358
-0.6077470545085437,1.3331415644599172
-0.2698746151479275,1.0869460780024862
-1.2723836209729609,-0.3273225804622925
-0.4489890201918122,0.9681957687450066
-0.4602736125646228,-1.9525247550791243
0.6904157117444083,0.9715763302110685
0.15175900746846735,0.31854335926234706
0.3396871358255424,1.7395418981221986
-1.9032869080897628,-1.7452118473440725
1.6531100568670674,0.08987022556761995
0.6227994602768024,-1.4831115168271354
-0.6343465853993502,-0.13567923363872447
-1.8509129295852675,-1.0091369163137698
-2.023196877817929,-0.36074521455828473
0.59438561669596,1.1273637420195193
-0.8839672547239008,-0.9731075579755866
-1.2200775040756549,0.5728102517748316
0.949292535990537,1.225834208858249
1.555488178948869,-1.2315715721336271
-1.341072278114488,-0.0019559241197813306
0.7119349743932133,-1.515146392335725
1.3145584634172625,0.27696573551520615
-0.8550982799663419,-0.8882415556508572
-1.1175463614102474,-0.7838973803995066
1.2976753119810303,0.3715401068112107
0.4891657872256541,-1.4683499195068999
1.434228571070671,0.5891464634833674
-0.22459327007109764,-1.2440978207243583
-1.5658828969242744,0.32164547987414666
-1.7242289265119741,-0.7436843244637082
0.5834230982634235,1.3737122377591975
1.3989557964791104,-0.005956912965459183
1.6144528524159882,-1.3335462529945794
1.0655362371088217,-0.5714570580534406
-1.4430348699093054,-0.7979461312833577
0.9992429996044753,0.9816692862121565
0.07342049519468721,0.39330350953699844
-1.8913808960986644,0.6427543073196361
-0.26430675491247996,0.9225429627332989
1.3206582071110884,-1.0222496402996861
-0.039260001664652745,-0.5333824753939703
0.62241291357464,0.0958500900980724
0.14687801837198786,-1.0756620210316095
-0.9604337310561454,0.005364684708960522
-0.552761345738993,-1.0888450675396253
-1.1466567425683993,-1.5726993335799946
-0.009141604965126957,0.632806295334025
0.922290595300665,0.12304039528323496
1.2356625670659476,-1.6687693875873464
-1.7602956422889477,-0.20650780661484866
-1.3442945045659989,1.15764361698387
-1.6045159930606967,-0.9408280465186787
-0.8148897593884649,1.1487943716826412
0.38933733950696603,-0.55583113966955
0.8898973743289477,1.5713038734677092
-1.2819807482237893,-1.3251820242147823
-0.7010460659388738,-1.792930089881769
1.5349946560763206,-0.13547739081904547
-0.5657593057868275,-0.7940402726354064
-1.830119981242344,-0.5054582236761815
0.883791918935398,-1.6280082095959942
-0.11757274286808832,-0.9488739902875147
-1.0183959757384398,-1.4631275945779632
-0.4326992248836594,1.7596657217931937
0.8904412711553891,-1.566684740074271
-2.0450212529589673,-1.2622693451303115
-1.2225733639403171,0.34096766023925396
1.1140472855595123,-1.4011840107410076
1.0549180918819125,-0.0005902304327332125
1.097992845912239,1.3466072904820634
0.07255101150193317,1.1696752467376457
1.0340362127201375,0.4455301373749852
-1.9044640685349772,1.633793493338527
-1.1723163108345456,-1.0966379562132647
-0.46536659082894155,0.6055839872549197
0.47395719425624205,1.5152572788863918
-0.7735705830524633,-1.9149876243776882
-0.3442187336738947,-0.5543276246735173
-1.719906506564419,0.08700539801579342
0.952798223257722,-1.6256005183508067
0.6369322800199378,0.11779328375633069
1.4316450015019866,-1.3298144282943842
-1.8937133021795283,-1.7763404306132764
0.6574287221377376,-1.053024448017216
1.411987980432057,-0.6673146053597344
-0.8902100483000089,0.5120259042332229
-0.6107009944100388,-1.6005354483883143
1.1400614871982475,0.4373225251624811
-1.7763483330912462,-1.8331369830098856
1.1960482752815491,-1.5223723650148513
-1.9626065082920912,0.7042491289014713
0.2947836304162378,-0.5654467364057932
-1.6575792238038793,0.8970312958090899
-0.5998784926259849,-0.8814780998074632
-1.3237593833791845,-1.640866719575376
0.09407588240251834,-1.7176252922063961
-1.8114220386006064,0.34968232764819707
-1.2819027550489606,1.169595697036945
-0.37324831282891074,-1.3987629152719225
-0.560127724720039,0.6249637905823472
0.5462121119345387,0.1880267697718264
-0.5462001137483294,0.6523647833260132
0.30797456265670314,-1.5707938292908754
0.4162260167698897,-0.4973500295757698
-0.9971536815624901,-1.67228005170189
0.9461225305840566,-1.8775885115129334
-0.7878856488821515,-1.7531692981415423
0.8076379578745716,-1.1431700849678894
0.8590994683653768,-0.9407267051213681
-0.2527391328323334,1.8024455627991955
1.6210218905628104,-1.1307484717100362
-1.532072887951031,-1.8884821054663636
0.08039055463686204,0.10694096395081024
1.4839635161848337,0.8365763203955383
-1.0606239141195783,-1.9473682251228244
-1.0791872115893213,0.5953572747649465
0.9491970649828483,1.594041471974571
1.4351026866402943,0.6813165570941633
-0.32514911667855784,-0.8272814375789265
-0.7348125132183903,-0.12318100415478954
-1.5021327806179219,0.3153047293514439
0.18656985232282233,-1.0352009574319152
0.9460196053392266,0.9439184044609661
-0.8895154971594633,0.6876916620958241
-1.3097030016851763,-0.9914323169388969
0.22836160023088398,0.8742611712198867
1.3940913122073564,-2.0165918411644
0.6395487515444003,1.4413787168908148
1.336694636321981,0.5421507297180586
0.14599173166632584,-1.557883578602778
-0.46834183365400645,0.4145861466852146
-0.9893151340389912,0.5960425773803766
0.7787254319851501,0.9696629010307865
-1.453347959584177,-0.49851308627938046
1.2208106031565014,0.06571958642133034
-0.9696613899206895,-1.2784909056302833
0.30646945426681904,-0.24835941054397265
-1.9832831059858576,0.18919118882410255
-1.1196315776167678,0.726531323489944
0.1252704173588984,1.512365341273594
0.5516798324304454,-1.7482031817523982
1.1703997790486513,-0.5715884187364615
-2.0032851094220328,-1.0267955463923812
1.1715024532048257,-0.1015329691713851
-1.3233849314575978,-0.5646001387979135
-1.191940965907725,1.3611587128950242
-1.7113355147587106,-0.32499854536591866
-1.9898179892260255,0.07247366271581368
1.3718565213038623,-0.5105700743088681
-1.8640188760438452,-0.8527071341016823
0.8432927634182384,-0.05749371229239845
-0.4009635264513051,0.1281210288447366
1.603981352619523,-0.302081971504584
-0.6772628055109913,-0.9611218318042898
-1.57925467965129,-1.737296290481161
-1.0658468771980278,-0.9686124496264745
-1.7876536539364347,-1.0794394763698012
-1.776126791884659,-1.6309049134786262
-1.3224344475105678,-0.903470774101523
-0.653244819326491,-0.14133225570479793
0.14554078242248922,0.94022622206195
0.9531061455985509,-0.9128795448702757
-0.5362941179328173,-1.1575343789516472
-0.2759954391823737,-0.19228166858784856
1.0686660873205422,-0.6370486266486121
1.6146344867909073,-1.317438353740362
-0.42731045809442436,-0.0005339679367609497
-0.5635755445054729,1.622407614903533
0.4157959482895755,-1.0490891291961246
0.5499481852827797,1.2034479356211671
-1.5189783920720812,-1.4294858337901604
1.5403159823034354,0.9811728159644084
0.1251841441565762,-1.5680453067536273
-0.11201158503765572,-1.9865328376795393
-0.8482554908099851,-1.8283319217235658
-1.6843335413621026,0.48786762066227757
-1.583643801049127,-0.23161748942851257
0.6476328827511816,1.7266417005933508
-1.0536322625307417,-1.0754153676259732
1.358996353634899,-0.005910338486563895
-0.5557248930319384,0.5931640674173594
0.8454938759025477,0.35958607255852026
0.8822035749645301,-0.7099379665252095
0.7008345972196593,0.9709690102454556
-1.4917082168621363,-1.7488591493893453
-2.026933070677417,1.756546996734942
0.8809232939375704,0.5746023744946326
-1.1552008490004393,-0.5545228835729745
-0.6235779533995656,0.8508345707749705
1.589511276374086,-0.8016553323800975
-0.8957753780012364,-1.4943517454144863
-0.014023520055790993,0.8346686949762964
0.4090287865855245,-0.8696917152099258
-0.7611179503847363,0.3301686243638808
-0.5606852187852845,-1.2464073056837428
-1.9592106685740422,-0.8558110944141946
-1.7225576558573805,-1.4003756625965291
-1.0949645245365607,-0.07871723186564326
-1.3196523940120248,-0.11807005944534293
-1.988737226539975,-0.06091687127793729
0.2172179974068427,0.32111620057366386
0.7283451800842262,-1.3729806945296625
-0.9261572438362465,0.6309137785910974
0.6387871585506306,-0.2539809352122443
1.2468167543761726,-1.7045636975109568
-1.448175890127606,1.047517332084879
-1.9077823371467026,-1.0848448212138404
-1.0081758886369343,1.5860099859312065
-0.9761445422363895,-1.5743512171751857
0.3557884399461988,1.0754804074048563
-0.5641642390409104,0.2271747559773418
0.5986731611230955,-0.5630860059849297
1.0741461126353926,0.5247324647215396
0.029897468642341045,-1.9700015756529032
1.1847554546198111,1.5890055558668617
0.5293323818506473,-0.3621674028375842
-1.5647996219821734,-0.5703325729113272
-0.37828945420015264,-0.3662687353232807
0.6391524461195377,1.4881086300505941
-0.9390493876497578,0.3614232764330554
1.2440204158441437,-0.35071603983315436
0.5088032729041669,-0.94704842990742
0.419349312954513,1.3027245162442729
-0.1746524825965146,-1.1769356001777602
1.4191240279481745,0.4441526282325387
0.1274044265268991,-0.2939414883018732
0.2102048294555396,-1.8965953175274932
-1.8056538018329242,-0.7651570993433251
1.58056401632213,0.14013775453327773
-0.27685757670812167,0.2826387711457058
1.256910484966709,0.6409966918682858
-0.7423434489710822,-1.5605823500900837
-0.4357803480698715,0.15187330385521672
-0.9004095407691205,-0.03918964457899176
0.7030468986312363,-1.724257138944098
-0.9750847658627777,-1.1857302108914334
0.8278517460759391,-1.2427562210840706
-1.046007018158977,1.0310459235606622
0.1704454060277626,-0.960146598823208
0.20033692971734052,0.6372101050368112
-0.49496606512826763,-1.8457506424434742
-0.16584069213242664,-1.7985387778449327
-0.17303239316177038,1.3629595438399902
1.5319997935946978,0.9315630687328295
0.6124181789278976,0.8935587625839353
1.5461599640573718,0.02454815538413647
-1.0481531751239155,-0.05134704320303601
1.1989175551843494,0.6458820304744776
1.437388714026933,0.42250170802646514
-0.5248249470165852,-1.8645923849637889
1.6441501836913752,-0.5360098668264378
-1.5390953935688254,-0.5020538192384169
1.5962933632288232,0.11804188162667889
0.5159870429746154,1.0637613748879877
-0.35680321286019706,1.7622259289643023
-0.10193885282304746,-1.4271114110391194
-1.2780582475898943,-0.7986739573552041
0.07808038588558856,-0.5127112630299114
-0.021654659402884892,1.7285808486466883
0.47603438639794043,-0.7927135261745203
-2.0169723051981165,0.045337376667689756
0.6298649317057327,1.4350295496623577
0.5307448226068886,0.9684720141121812
-1.0788436723706767,-1.8935937110114174
0.7521029179484097,-1.9411334933982825
-0.42012853912160325,-1.761778790746869
-0.01694001821000136,1.2777688205056856
-1.1127256725768107,-0.31115617706661275
-0.9142787710446709,1.628858044442803
1.054948030595432,-0.7563148132947002
0.4026352097786851,0.42154471774193775
-1.555879407415459,-0.7655951396585614
1.3185264419189533,-1.3888265813249063
1.1474488620748855,1.7071890276007877
1.6071941632076976,-0.45236974647276196
-0.40703014370767465,-1.4873093575005072
-0.8879840736619683,1.6144629352409956
-0.033671484692300066,0.5512679515076108
-1.6976572132237877,-1.3181193677166647
-1.134605598875742,-0.38916318752099666
1.261761292247932,0.2256966570891165
-1.9273293915741183,-0.4550690829110673
-2.0103555374990667,0.15963730979203597
-1.5896534328220797,0.8224270906127689
-0.8639720686915431,-0.614849740171045
0.5042096452288971,0.028275246103354797
-0.7877165013263268,-0.6451928121581848
-1.844423732967729,0.7823778704992753
-1.7296369510254912,0.06618769009794988
-0.2620639950168059,1.7692046459313036
-0.9002884641760394,1.020892999634005
1.031548505903866,0.5307638898825734
-0.5561889238327526,-1.5041971675173016
0.8334942069073291,0.5288355557956615
0.4174194148433392,1.224723887876166
-1.6539527641476686,-0.5009174664704935
-1.7909399504436063,-0.33254871423326304
1.1463437894237403,-0.49449218896427644
-1.3957684392749097,-1.0362881860456226
-1.3956443009182524,0.9457947737431592
-1.7502503714533506,-0.7029134050321773
-1.120096928615695,1.4873152866385277
-1.0518505264354618,0.6261295457649533
1.6443963699295272,1.2704468602738304
0.21030803285562594,-0.1257466404809161
1.4564438934541653,1.6741294899679011
-1.8477959230511691,-0.2204827872219316
-1.6174520834693895,-0.5446562015699955
0.5997537319526055,0.7767409175143353
1.4887568091826322,-0.7080209479080997
-1.0079484707055135,-1.6685734309039089
-0.5729855003413222,-0.8363790891524218
-0.036353491733274054,-1.7391119730511169
1.2356899041620977,0.17253069700309284
-0.6973991447608071,0.5247922585675077
-0.19847447796330864,0.71955977421283
0.6115326344744183,-1.2226861225202197
-1.774037556844025,-0.2133905425473325
0.5347610494129418,-0.7162529890281567
-0.419951530748927,1.6529227567921805
-0.9658612887936686,-1.4538382501764968
1.4019289471446421,-2.0122164390473274
-0.7562113039724769,0.9083368308982716
1.5721052835399767,-1.0471116840403456
1.0465096583280933,-0.6293304567723889
-0.2926114011724662,-1.719887341533254
0.202023344502544,0.17639418080919014
-1.9840674979919264,-1.247969532431967
-0.8018416601602059,0.7844511737190837
1.0965076978124686,-1.3474780725583941
-1.9748003312143516,0.8965039452624867
0.3757266825402234,1.50480753491613
1.028469155707029,0.6361895222771707
0.10157055409533045,-0.808038583609876
1.1676510412744208,-1.950709484492605
-1.3129939328266016,0.5027718519761318
-1.9819983029295432,-1.6919428826385097
-1.165984353021802,1.476031565883488
-0.7573637542825451,-0.5859433724767079
0.6995798694154249,-1.1447591525255556
-1.969882600919374,-1.7946128713190392
-0.43433232031937524,-1.1256984673395505
-0.4114018762400039,-2.0353208636785567
-1.1115818013556913,0.5582149177164015
-1.7807456052581496,-0.47305779653318286
-1.4950351387598946,1.2983622462367943
1.090401781969894,0.4750323248296786
0.5240806087543675,1.6919691774478103
0.8494411209947403,-2.0165448904887575
0.6226253221661362,-0.3460034762318255
1.168022381603993,0.3925939710015021
0.36952829229589435,-0.162080127012597
-0.29297417190669506,-1.991868290636119
0.45410312162452154,-0.6374479955872039
-0.08387508159124521,-1.6073928978288738
-0.014354058401892243,-0.9667764898185236
1.4383215078602287,1.3650662242062839
-1.773131824150103,-0.9172493105821335
1.302508192296526,0.37631042867454184
-1.078076943064567,1.717912400300374
-0.8583815509441368,0.14371568995883519
-0.37941107549450037,1.4158174408802502
0.28024611522414367,0.02242624765359075
-1.9758533777949998,-1.5617781875386714
-0.8389253319302815,-1.907306225708189
-1.8409520432876534,1.458435671999627
1.3513696764130096,-1.432716316319676
-1.1390028007475614,-0.14953381008084138
-0.4762815496639905,-1.3926831433532085
0.20357574380521473,0.31500251168176696
-0.5134575228819843,-0.031882070602190136
0.8100051618704663,0.0022205783068928713
1.2015263588143736,0.9486042629726815
-0.929436791285723,-0.9771961953091434
0.8868910423461221,-1.1449742114360562
-1.6730913050577036,1.2545090143628204
-0.4004468921417451,0.6133708765487688
0.22836018814394674,0.3916712909273195
1.0727169523513258,-1.588125222615027
1.1731514328250479,-0.6283995240019196
1.0371900404939527,-0.056275075724194774
1.369140370865565,0.8770571843351387
-0.9536710569651771,1.4802263369191433
-0.6498907912896597,0.25434116868137335
1.39322474519476,0.609522593958468
0.5071285745058276,-0.9424414490850209
-1.715448149688526,-1.239126008537095
0.6802451605221447,-0.4264844097933988
-0.8517608422656195,-0.6780169749753443
0.49463566423432204,1.5615999872892925
-0.13926937175712925,-0.4983293635490566
-1.809542687880177,0.09977299986458556
-1.4574119133892638,-0.35955951802561936
0.48601669810411086,-0.36696707778581017
0.6300577472208913,0.06212451075807231
0.7112851578785347,-1.0347987614166965
-0.6350081242677852,-0.787764646166069
0.380025858990204,-1.2416337535260957
-1.7434377230415044,-0.8712349558214613
-0.30644336980233816,-1.327036414783997
-0.9113446033773777,1.6125979096106797
0.2735178149334087,0.9172569728418204
-1.3918830014713635,-1.537988815073064
-1.8261796674810218,-0.6754651116936737
-1.3613319567350102,1.3674491609190509
0.10922442555425099,0.3270813589510672
-0.5222378042461798,-0.7221114780018175
0.03041480595099861,-0.3195981791133267
1.255985939787637,1.0723808923835976
1.3682815573616003,0.14581076036673096
-0.40284627070424467,0.08247059584320733
-1.174618086241969,-2.0276440838150482
-1.4324945836761196,0.35504557279181564
0.460242429338993,-1.9637025745286831
-1.1120069471930014,-0.05571471973920353
-1.9597689714675939,-0.5337295415041646
1.6270145239306504,-0.5543668547958396
-1.000934245789117,-0.30925002488987025
0.6983876819310286,-1.246417100701217
1.5788926175016291,-0.8048655482175519
1.4261131321155724,-0.8733337958570737
-0.7932580247711958,-0.22505357950332797
-1.6915148701120066,0.09635560177506189
-2.0157068886093126,0.676208006125928
0.16237919227888287,1.4777922731485473
-0.882836488790292,-0.5772651339249781
0.7585834890797424,-1.236494904807644
-0.791611429850586,1.402269601825813
1.4084829809330328,1.5078120996256774
1.4000851426256862,-1.5449897587190449
-0.7978619125139267,-1.4492926559076567
1.549628420901017,-1.9607120575061627
-1.98964189845183,0.25592097724899
-0.09900825015719776,1.1695770286475005
0.01566109406311761,0.020800265871368944
-1.8506050260513243,0.07151303289170233
1.212764859506423,-0.9305057165697214
-0.4633593658256941,-1.6660339852535935
0.09350359980749014,-0.1282623176292344
0.7646313499087862,-0.31525287136893587
-0.7713714498082789,-0.7622631364543515
-1.4897181111258957,0.5405508252168553
-1.1166114456197311,0.8138622959972222
-0.44658603832851373,1.5479759189671043
1.3898472645267486,-1.0478767601761583
-1.900652059371695,1.0849446358108876
0.8110113708358699,1.3719116985729083
-0.2211389390821609,-1.3055747447106598
-0.6874615273887071,-0.3245994270903201
-0.32493798069838187,-1.4149853024613162
0.9604324199016362,-0.01414468395275628
-0.13657626980384663,0.9578526932448568
-0.8238028966662754,1.5630692248636398
0.8492871106046715,-0.6408290026432121
1.5636748812897068,-1.5575242999059922
0.4151747035179072,-0.4390719860702244
-1.5373487938155095,-1.1866066001302196
0.1972844570394208,-0.024860564869536726
-1.3653164799752793,0.5844973462277786
0.8215479838865751,-1.7265931726052997
-1.736482797868953,1.1875117382965021
-0.8273578498675315,1.3937268935982996
-1.9269887439639786,1.7487707131833115
-0.6518453263047745,0.7951840345080364
-0.48634894301513615,0.045776133276920594
-0.9742312473810919,1.6140093592059905
0.887264740314434,1.126708400765683
-1.453954001654833,-1.4434814214676206
1.2037036779037809,-1.5167841007705793
1.097505481208009,0.2744176083489746
-1.3616476168500407,1.6779374767018016
-0.6472956238085633,0.5345968876098055
-0.4383700283431139,1.5188494248695519
-1.4866751584127598,1.0338762557441001
1.0783556716729517,-0.11953321633308464
0.46279192480564374,-1.112597181707864
-1.6523035204532628,-1.7524526428854579
0.5860374770031153,-0.6022886999970515
-0.7194012682376537,-1.3867353403908353
0.02793855017786641,-1.0913763621038228
-1.0818881293088798,1.4810099928869132
-1.6680397383338277,1.1973800961035184
-2.0425195107951586,0.138043232489881
-1.48837057418711,0.2157515422167735
0.7192804286482453,-1.8594396527506447
-1.4853885146976802,0.8978662892280915
-0.5615793342603921,-0.8653108478845013
-0.9039403967416098,1.1357014000383057
0.16485622627983665,1.1664114464386441
0.9655842763128332,0.296536045643631
0.6032239598570472,0.0453418504010172
-0.1794570565266654,1.0704932707284758
0.40409204446858066,-1.8550206437619228
-0.6139259321494063,-1.382848123756121
-1.4167938949790986,0.3096756923229811
-0.521005472273941,1.3646065912802214
0.7732416794467832,-1.3285296482473117
0.6971368173053476,1.2757593322362861
1.0842896587490367,1.3544167215116372
-1.6533574077919886,-1.2793745309377094
0.06667140269609013,1.5381681871410355
-0.3428473973348106,0.03372970614392645
1.0501806498179684,-1.5272807763316913
0.3368809596162385,-1.1452918759075275
-0.940236851892478,-1.1477346167531617
-0.24850080843577899,0.5714402058910817
0.45610831335665736,1.17524127141624
1.2490352163429217,-0.3016135893282392
-0.7842051041728233,0.9093211826599299
-1.9746842270800145,0.3296796394779886
-1.6442626283791693,-1.4795980253033227
-1.1464041174041397,-1.4952661843276467
-0.41167272050706594,-0.9915243357590544
0.2642233222165702,0.11662626059382199
1.4782687110965602,1.464345937958518
1.40373920590349,-1.4425806288674774
-0.6189016237536893,1.2450007104342389
-0.8906560035326578,-1.0968918499823292
-1.7807219742413831,1.4199082351439531
-1.8072999631869442,-1.1822587077617663
0.879366072500474,1.565020015630589
0.6743970940984071,-1.5089492600709462
-1.5115770495588787,0.4112468011804437
1.6419885891121235,0.4583972785181443
0.3182179174204042,-1.8798768491882802
0.724636506749012,-1.05512236733804
-1.8004573636725356,-0.30595599850335975
-0.10660159579925396,-1.0456547864882297
-1.407295725930602,-2.0359466816705116
1.3972363834791455,0.15954392385716198
-1.125010912869132,0.3337163212991743
-1.7606480015206953,1.38902116550995
-0.8293731589497574,0.931155906318582
0.6749436266166784,1.3278260358970415
0.9576148632734197,-0.9982571408764835
-1.0955748539895545,-1.2105946301877322
-0.40290902942870005,0.33020127258259996
-1.1968893714195563,1.6272216723024213
1.0753850560319413,1.220659908078427
-1.5483157138294725,-1.98186801312487
0.4163040908471129,-1.9159119605670807
-0.2654549991997922,-0.08125437778592161
-0.21501681483305052,0.7369311326882846
-1.2875989742122425,-1.8455412074267021
-0.8888957165485065,1.00237061023305
-0.13552394340010526,1.5464808767337395
-0.5542835058163418,0.37052040907658573
-1.1017823178376747,0.7327630278991711
-1.0468982993683724,1.6981243416236285
-0.6704350145283479,1.2289535779384697
0.8327848106065681,-0.9426739105907228
1.6427378665907963,-0.10403375351922628
-1.8537403263257592,0.9719239423717759
-1.925473520638818,-1.7547243507642585
0.20271197362452473,-1.4728853153140296
-1.4496428698130326,-0.4620814311446559
-0.24713501481879596,1.5155683170602716
0.4262394815748802,0.014828303289315819
-0.6501544372283251,-1.8828694194502904
-0.5668225487296045,0.41747591680260393
0.1188113197178389,0.97728775267804
-1.0658661711787385,-1.308710390762623
1.4971482070899338,-0.6786062302911139
-0.15273517033530026,0.13706696313404848
0.890633530952684,-0.23259810837850486
-0.6612064278199423,-0.49158655454833294
-1.4551646206236204,1.2560261839881979
-0.39131847102884615,1.5824165831966739
-1.2694470378459752,-0.45168474274682496
-1.5488937768158653,1.6400928623857347
-0.42728551204891635,-0.33650871200709515
-2.010606734573121,0.06825572421937774
1.597948557558887,0.9584329898093897
-1.7235570020551596,-1.9179701309253
0.9986136429214301,0.7240091957872341
-0.056390870255809446,1.1378641750288085
-0.9670546796632176,1.1234186771421657
-1.1151118280065786,-2.0018972676463527
-1.2150009944848514,-1.8192021197317474
0.874434495812356,-0.9538377224693015
1.1065885802559137,-0.8209017655630622
-0.17312490574767272,0.8713155695763818
1.1086196182736079,1.331781383797992
-0.08700627302987733,0.7449138744493752
-0.9190377523692982,0.1581413641435116
-0.7433605429002935,0.3654542370156681
-1.7651471866646247,-1.8708149099501958
-1.994379516124903,-0.44406566978018147
1.4078962396904167,-1.044648938930752
-2.035538346807014,-0.6495453371287732
1.6346753014567457,0.6865242989912586
-0.32662794298749925,-1.7986244260563808
0.31532837176868733,-1.0921683503702473
-0.5916249181099061,-1.5162288969604312
0.1758045738876593,-2.0032309203071033
1.4287761881290297,-0.9716429054446324
0.507617415684595,1.5120160035217798
-1.8778516197926776,0.11481632077225408
-1.521180963793855,1.143841209975676
-0.7339304225677663,-1.4809441823263252
-1.2390678768664423,1.626082401642417
1.2140980393621859,-1.3406664538896786
0.21408300561412055,1.132479274597023
-0.9150241222609755,-0.6519591111213865
-1.1013788089328596,-0.9228657503876107
-1.198013758338386,-0.7054068314468013
0.7093050607765442,-1.962177838909585
0.23038433817578502,1.3736827448297815
-0.7324290852802657,0.8029890469487824
1.5214706383031062,0.6535705449548036
0.6992974939929081,-0.5747891665972983
1.58123463767784,-0.17665417637785255
-1.0593189034832797,0.8747534658863788
0.5171319905440647,-1.6456850430484402
-1.8789297166615377,-0.23695136940529613
-0.17256444967900855,-1.9066198090115423
-0.8158919442043308,-1.1363483227493338
-1.2098448386106018,-1.3677752497404432
1.2655503083728619,0.09236368480105582
-1.5462495812207406,-1.5614777377087738
1.5269356516660535,0.09133365044853296
-0.30604814112228,0.6636547003951533
-0.7914804396420986,1.2466729746699408
-0.15833808227618268,1.0654232838113358
1.0060903981243503,1.1741374721177114
0.9366560158440783,-1.6430463984067776
-1.1011188745288445,-0.48383632127324505
-1.957703764625122,1.5880691298012928
0.013618461892143018,0.4850801802264605
-1.4852266531414267,-2.0383070415205364
-0.48600476819358157,0.6573595654953693
0.5033360540060989,-0.791137104309916
0.5681830528340361,-0.93288237816262
0.9226691633158474,-1.5827572002247723
1.216535892133746,-1.3973215634909704
0.7616455113362273,0.3236313738766144
-0.2937711222495883,-1.571103265223155
-1.1724760438188206,-0.9576905333455218
1.0233162746255406,0.0982301434242901
1.3792826487311238,-1.1991252767318956
-1.774391601436553,0.870896574160853
-1.9291705445007092,0.33899955244943214
-0.39437428356551724,1.3834270773380772
-1.1279857399703581,-0.6803977435476377
1.2869394626067665,-0.547153332185181
-0.8420351216290397,0.2825850268609389
-1.0880633883878057,0.3087696419678409
-0.5485043384306173,0.3528718238552021
-0.5818560286764268,0.47677931365646375
0.7926506270681948,-1.3139074701744085
0.15278802297243899,-1.872647939891001
1.0457013693915682,0.36743172058808343
-1.7687723711400756,-0.4071124217965931
-0.4443841956431936,-1.5249070026890374
0.969918302607514,-1.755680846878294
-0.030379867168592332,-1.1847577429451133
1.0595214636370995,0.01934549039154372
0.4053801752999567,1.5004159943988287
-1.9269325130295043,0.26962879448439914
-1.4167171282292974,0.4749942311638729
-1.9970435914620295,-0.8261192231416832
-1.9501165828446874,-1.193006904280195
1.430585191590119,0.8646897542610971
-0.9969053163285223,0.3334352968459561
-0.23681230411903773,-1.8256030864727135
-0.4862979705273442,0.9490674019924836
1.2897690647229076,-1.255634520749265
0.3871342168926438,0.20023906437502426
0.0685871548300132,1.0100047501577356
-0.7563721919333101,-0.43260969909072094
1.2498721524792933,-0.391471187040284
-1.1631315883296667,-0.48616330637832933
0.9184617797494193,-0.21289265686046904
-0.005923424345904495,1.7673069795755019
0.07776323332079452,-0.9580386513997983
1.053292168492309,1.2415484564873394
-1.0313458107293973,0.2455079163173606
0.5823506479993217,0.5599583610968103
0.8212699872736636,1.3185814486059435
-0.9112333725508671,1.3574828008894706
-2.0397738954986724,0.1666052253427973
0.008575121562390384,-1.0518215618984976
1.0885661539508837,-1.476708973401296
0.2745380963027777,-1.5609384814594227
-1.992774823547621,-0.38252116528181346
0.7480236617440224,-1.226424464288352
-0.7464235916015401,-0.5470071492601986
0.3009978227415785,-0.9634314142258613
0.07863426322456513,-0.1730610776699486
0.46147890793382434,0.4293210494803076
1.50861501895099,-1.8463852038240518
-1.933928054397182,-1.50805525102895
0.8247482226721816,-0.6435482176681202
1.0069486065845108,1.7994426651434572
-0.8172352974452005,1.6886884211766817
1.2100507587622125,-1.595749607187272
-0.09047502994284244,1.1572190923849441
0.3964349381220755,-1.206622387191176
0.723050507856166,-0.01805803686693325
-1.086555609239678,-1.35722200965055
0.5302113675170267,-1.2930621490735221
0.03302113496640751,1.544816273222699
-1.4591103223629929,-1.4828166089049781
-0.5126215904503185,0.05709675999338364
-2.0028337622535437,0.8418544538594448
-0.7542615313491154,1.4793386250887757
1.164866607830889,-1.325522267254321
-0.6327747352082453,-0.19672540922928425
0.7173359994061577,-1.2991676041508058
0.9868541666572381,-0.09295080907093024
-0.24893181213909746,-1.890629895277962
0.2279824115708191,-1.6727302039070595
1.4055162676536643,-1.6095086961189542
0.40519510490660987,1.633739607519404
-1.726374877158617,0.8849357986509779
1.2695928840329576,-1.5401445181465443
0.879270696277951,-1.600803745121792
-0.8186093333564641,-1.7744940242297296
-0.7854887843479531,-0.6351706062881807
0.15011224672337994,0.548466282355706
-1.6750467924136518,1.6993554936066095
-0.3475873203542029,-0.4075705056411919
1.4342855527632068,1.6345558931093938
1.2014603863456919,-1.6393517958176784
-1.1340304435999575,-0.47506933227104997
1.5212111766937715,0.35793493549162103
0.42623402715748526,1.1234663435687382
1.6528706457097717,-0.8338162907912802
-1.5324004839759429,-1.341101950341282
1.3997030519169233,1.1500242912648184
0.05444734373077009,-0.648167715080209
0.5341377318570599,-0.07295311190072849
0.7070430297089093,0.5161223856968308
-1.3532854722644647,-1.4364066043462014
-1.4444395741619158,-0.30001127005413347
-1.2617461581807312,0.5633744570066388
-0.2685625702883099,0.6816928610730331
1.2115161016072544,0.630841815359337
-0.5629088349576938,-1.1426687814527952
0.7585831592695728,-1.2918894128310807
-0.18279854302339033,-0.8514041136722238
0.2448080450052739,-0.11109299710965923
-1.0029361015133889,1.2262761332912704
-1.7711622471846709,1.4541306068168756
-1.656380909825618,-0.6880969861893289
-1.277604357528823,-0.6338580557660735
1.2305098898265747,0.37706433900099734
0.1328015995356451,-1.665851106539165
-1.331569188222129,0.6438528576703795
1.5898579874329368,-0.38632889709320906
1.54604554322781,0.9377644258811366
-1.3025102581940917,-0.5627696589138144
1.3962872881158326,0.13101536638565156
0.7653815875077825,-1.9117765625318919
-0.8750933108124854,1.4895613401718755
1.25911341286305,-1.5904722150943735
-0.6263568702265094,0.892499457410308
1.4977759962262118,0.4799334723715094
-1.091229136425941,-0.09552848605217922
-0.8608854032492683,0.49813055688290864
-0.9486356481148968,-1.1869846389033851
1.2289434353904924,-0.813933220111729
-1.4773287161301378,-1.489528733150014
1.5822444901308506,-0.6467847446065649
-1.2884852989631366,0.3818392224096602
0.9257512092974125,-0.29214168074474595
1.6368376086092804,0.0768512083435608
-1.5049993505349306,-1.8363875330711534
1.5233869817218433,0.8851035783967603
-0.1693997345454663,-0.7364518710630689
-1.409733741031459,0.49502579047258344
0.2773945738724581,1.6833843790973984
1.4239787508588317,1.1558821190795021
0.7627497965304083,-1.2590286585461734
0.5309850887913672,1.6479461095205703
1.4984692116939284,1.1298001914488403
-1.2918887341991334,0.5331167131631188
-1.3264750655949458,-0.3037667526102631
-0.9434114052125886,0.8311326756215254
0.6400779799333132,1.7857974684814448
0.2435537741739619,-0.7724517527824296
0.508388881288548,-0.755847184429809
0.8459746805398342,0.14790437537268944
-0.40534800403325144,-1.3571962546046465
1.3234011426375005,-1.1902835196167518
0.7820211388162037,1.374059570407648
0.9902429754854167,0.8927417121296992
0.0808315350376724,1.0412003360316082
-0.01916492116090174,1.7321687960216017
-0.9639619738909136,1.3965306965051356
-0.2597752664158116,-0.24739245185828715
1.5033153485402788,1.0719965909771974
-1.4938410105854563,0.3066723451713013
-1.2666129260408812,-1.2529756219340684
1.1411354457442895,0.75281833093772
-0.856219577397632,0.6652663706972987
0.2960357237678702,-1.2466577785263462
-1.7840824251092364,-1.7231835166697365
1.0122921071760747,-1.1970922449886958
-0.37603175050896226,1.0440883342917617
-1.1243839080721059,-1.06845384150187
0.9110517643105511,-1.0829587160426
-0.07418786943809576,0.4152010388406619
0.2618795224785874,1.4281464398216062
-0.8086304406291902,-0.5138645821649604
1.630780730421132,-1.3966189676880478
-0.3186516462959923,-0.054628698169769514
0.28361916579336616,-1.2220531228605593
-1.0179010267986304,0.5192417760674157
0.8244856578325874,1.1228544856027118
-1.8511524921380056,-1.0397822800959602
-1.9783316716256312,-1.072814661604412
1.382364494074302,-1.0256353155709914
-1.5075132183769704,-1.203545763240891
-0.6776643693056137,0.9959504062404566
-0.5651092705483475,-0.6798463674673997
-1.2102452967027673,-1.1705000850623115
-1.034244684062826,1.8048818857275402
-1.8764398801759905,-0.3904601999578378
-1.8288163308673873,-1.4576068105700786
1.2540160903818505,1.3730309613223288
0.006471886874632263,0.20627707968787728
-0.005022907107328591,0.26635609601502197
0.15674706051218146,-1.9387743666529176
0.3499121139217678,-1.2651186385335524
1.1546876013581355,-1.9406408737546046
-0.9314529744580285,-1.1314012587432483
1.0242123483866548,-1.34660415820948
-1.3237394741809119,1.3134830199400078
-0.8876901478953612,0.9270162646458072
-0.20810666837109013,-2.03043126068181
-1.320759520415639,-1.0938253156614863
-1.8187570337396595,-1.4762856451652806
-0.7919114223608036,0.5966046724248714
-1.2591289984876035,-0.38754013066883825
-1.2336518310588231,0.5472083663916463
1.3188029847731402,1.5173467762390254
0.2625438253479939,1.15017172747414
-0.09238922789141502,0.13936081925641575
0.25211272707176413,-1.5639125849836557
0.7813847665110684,1.802636816517724
1.1756591650474382,1.7077951475990265
0.9054267373265373,0.8527193255521758
-0.13910806769352638,-0.08641103570327756
-1.3920693972815081,-1.8479442810703814
0.5862364716817144,-1.165558207157727
0.38532604192706876,-1.7270679081172806
-1.1575721133710943,-1.486862020335127
-0.7001644404785501,-0.6269993167042774
-0.2454927613642477,0.8383909313470291
0.28554426605236216,-1.5079905466592742
-0.18453155680844824,-1.2331705985363797
-0.9021998880170733,1.548815761313399
0.9044134811252295,1.2559802227417396
-1.01671994004566,-0.2894911306482229
-0.27075464460167836,1.4238756725844466
-1.3106644118517212,-0.744311689135989
1.2824539276989129,-1.491287455228038
-1.470189663591795,-1.7822540005726006
-0.7440204290504866,1.6384318459415244
0.8451148788536897,1.5651500891232486
0.7609620264032977,0.8013216525940473
0.30613687727787975,0.5760396548598494
-1.1883490500084946,-0.31846756927740577
0.5311107838439759,-1.371125372052827
-1.961437402754877,1.7934114360161295
-2.0443665822083164,-1.7456244372795808
1.5645915000226966,1.1791086075987465
-1.6974461776864056,0.9534654676399414
0.00688309275362566,-1.1059582533623005
0.5314501904968941,-0.9987483407723102
1.1274894744283488,0.38826260376190425
0.31384948546575353,0.09897135532487583
0.7412628480086078,-1.6879683577507156
0.23322174293608477,0.929207677871801
0.8762014064180346,-0.5864524817493221
0.3663893045763311,-1.2228111953690801
1.1005888208788184,-1.8326427917357406
-0.2783395647266044,0.6704481436603559
-1.5129798106858263,0.9478026817225766
-0.2237770459512589,-0.35773964917647
-1.4125173246783362,-1.1051999722630705
-0.22489510048851122,0.3635596033959998
-1.427306312760305,-1.2171393498982486
-0.7653479559214332,0.2249803487963999
-0.24558711817084738,-1.6319406533435639
0.5291988384057098,1.6054264905102906
-1.8182250336225945,0.6066595318998411
-0.26165556478261504,-0.1642285235469296
-0.08875497789840542,0.4498650595664553
0.04475746315939716,0.12247447782488807
1.2791456397644518,1.3689214768931952
0.18646806031182372,-1.3327709338969362
-0.9779409365023823,1.6007382203217237
0.7072440382553002,0.8061447511949268
0.8378233445391249,-0.23857843436380427
-1.650189069794843,-1.3796375644454857
-0.05592075112021488,-0.4970070703233967
-0.257054374685056,-1.4812604286521376
-0.1693475215855094,0.1436943458227247
-0.3974046785959406,1.2890689433930682
0.19871667095845494,0.16023366645619955
-0.6464691650218533,0.6612288653985221
-1.2260550990587191,-1.3081687743068817
1.170571547870904,1.3001967296263082
-1.7064802838551578,-1.5426213665976272
-1.4490536064419133,-1.0988308010547654
1.491699778895697,-1.9116860058356875
-1.204320297740075,-0.21388568791705911
-1.9149575674960382,0.5580608886039876
0.36711310978761214,0.9682757475775174
-1.3928780849820461,1.278442343062381
1.4324552519818863,-0.6447225698347383
1.076716067886093,-1.446247571856299
-1.1373746958353295,-1.1356005164924419
-1.3137441365375364,0.03166916434958316
-0.04683909611308823,1.7060039797688151
0.2382046090317184,-1.9352663019003444
1.514090771919364,1.2223193670810386
0.08082112551926211,1.4786588117833819
0.9162525739324198,1.3760684819951794
-0.7480282893828513,0.18399826447954468
-0.22214986787414287,-1.1544468161185217
1.484989228872309,-0.020782940427455245
1.2969061454146968,-0.9834626050823566
1.518594541785913,1.4119831227617712
-0.8332907149325396,-0.02825057732908911
0.03772850752442373,0.7989835319353809
-0.5432505577726803,0.018693105678201056
-0.4983492976986896,-1.794361847303315
-1.1937060619897406,0.4675833942742238
-1.8760311059157337,-1.5047918722762363
-1.891524853584843,-1.9745459699089558
-1.8748786427276727,-0.4231135206761622
-0.3306258762469173,1.413147031519361
-0.5462902779567528,-1.6186264364732843
0.675693138846103,0.3160022961290983
-1.2729398868802682,-0.02395757022227264
-1.2744499226113262,1.5433433926311435
-0.8453326219774383,0.07052416902202133
-1.4800159481653883,0.3147672447343598
1.5401771430664821,1.413437659000876
-0.3297433594589996,1.5329142664285875
-1.1465568175375678,0.9538344860693114
-1.622116104889705,-1.974227002928992
1.0890323667744053,-1.7623957507886276
1.167905449746719,-0.042392403548463485
0.2169499692321678,1.2851803480306536
-1.656108854958624,0.1414574562108662
1.2746342546343585,-0.1174445007433774
1.3036655547415865,-0.1496120189405778
-1.3382643522252609,-1.0269091397937442
-1.0213304118221915,-1.0970296248840488
0.36488714621177143,0.045805775629915536
1.5126593477248897,0.4583956037164012
-2.021137210391865,-0.14026958659006236
-0.645837146584819,1.30134894108984
-1.9528024438121496,-1.6116850135941074
0.8025654580869868,1.5557835025859783
0.6146995101192853,-1.2355472747136198
-1.21169911832544,1.4452211694793804
1.0721480779667953,-0.0778608960332886
-0.9901512621742584,1.4414930579472256
1.4566489056495844,-1.8836785871237656
-1.2915471173388717,0.06922824986480428
-1.4972407564208066,-1.9417868902264637
-0.5156163681790623,-1.6803019772583963
0.8713446430330781,0.8602766711273625
-1.0189034967458783,0.7525871826377966
0.3656335147074787,-1.5413448007669515
1.0475305982773127,1.6162993986354142
0.8156552581439538,-0.9054883008947487
-1.9547165940857474,1.5242808280237126
-0.3737186846347384,-1.2221414706235059
0.4708472463028419,-1.4256095611954327
-1.7857617149121623,-0.1008285055858482
-1.8429699009535,-1.425737524027278
0.6195137777178217,-0.9362743043500831
-1.9389250141337595,1.4191227381595077
-0.2592487420492356,-1.1515369198040548
-0.724431770842651,0.9806781679392855
-0.8643057075729562,0.5153108338206202
0.3556955595263853,1.5991228103797168
0.2790242519050168,0.564916784652455
-2.02816704550745,0.8731800152737665
-0.772579603417972,-0.3923645859297554
1.0505749131862956,-0.8954828283086119
-1.3769466360067262,0.726432538365201
-1.543852904134117,1.2965037309236132
-0.4415664096445347,-0.4338831516994924
-0.7593037616517209,-1.9837210497587223
-1.2294928878197002,1.4544125761763733
-0.18517908501029726,-1.3871970937554596
0.6597808148825542,0.6159053838344376
1.1912137907077853,-1.5292519328410037
0.9701670188679302,-0.6171089608546632
1.161620756654544,-0.6451723516493545
1.0674633215432,0.5218418847404087
-0.2131577130156801,-0.9387144891602817
-0.45581477080657373,1.732372322363885
-0.01709802131853968,-1.0498153243103425
-1.319944009393139,-0.8470164722536441
0.3638102832499999,-1.0408373957660513
0.8674692501369458,0.9359049892867812
-2.0055301548411273,-0.8469363520447554
1.5336166875871373,-1.0693186156251553
-0.5175043627348068,-1.0598647510371126
0.3527197789850393,-0.943554282205592
-0.7086332362150494,-0.11865470688896475
1.6057342035842326,-0.9903207848187775
0.5270220415124875,-0.8823786787077522
-0.7124881614867,1.6646011534255731
1.4509406282505009,-0.90761337629126
-0.6261740064643523,-1.6916807069776392
-1.3372122142001708,-0.18214734769420413
0.0018403039208368987,0.4461794444874424
1.164599331542488,-0.22832547016420518
-1.8561919240240727,1.507991450209669
0.3195281944228256,1.1500462601825046
0.9977840213458634,-1.3158898190052086
-0.18130431939904262,0.8540432671849956
0.9435823387078051,0.723701678263029
0.08736014518849539,-1.3370462825438498
-1.8027043111498404,0.6596907558838015
1.0767921644771574,1.7606772041579648
-0.4032347879617694,-0.9056969407584146
-1.826577230359571,0.33061004800701693
-1.7056052263108876,-0.45158384511354677
0.888137546569303,0.9064890465543021
0.4812525521993366,0.19812778245879809
-1.9524489083651435,-0.4464179426165163
-2.0255046736417484,0.5005314697088075
0.3869203545602672,-0.9044410644604752
-1.4013929945205872,-1.8396401165231453
-0.3827760464973656,1.4066045147010635
-1.1408237878221335,1.3288040872362985
-0.618107445287213,0.27314741248217744
-0.6258568655660333,-0.4138887512152453
-1.488539632692608,-0.7692067654535192
0.8345785829126712,-0.3823791370174686
0.1364544869694471,-1.3183080083751073
-0.8431859307558401,1.3989211757064024
0.19579558542266914,-0.6670510811658145
0.6336599060567497,0.6447925276185803
-2.04810485066369,1.2312374798243055
-1.4014666028208398,-0.8340741318753796
-0.2690031478223745,0.6752043977369169
-1.6187133243048946,0.6981660035480727
1.4362117953579394,-0.6086787914813746
1.2746534408934052,-1.2301977969359412
-1.9897853426814878,-0.7578656433816434
-1.1045602892498507,1.5901231531811677
-1.3424653040418228,-1.6342261332735926
1.163256548474982,-1.3219901171627857
-0.29870212962105164,-1.160438704570977
-0.23717851672628804,1.7990531674236065
-2.0367199502865003,-1.2783232297226836
0.6306661100011068,1.3170224021134804
0.31534303526593266,-0.9440562980128219
0.03930170887670365,0.5003090712465373
-0.885467177261236,1.7259027045059465
0.759278157901173,1.2261722178287349
1.4687255275605748,-0.3519424224987297
-1.1913992418812096,1.577737085062587
-1.2760735067142426,-0.4060640830643107
-1.9326455479133724,-1.4960443599964082
0.03015626613643495,1.1784988632281246
1.008752421926816,0.8462502259307199
1.1971326884787026,0.8375412442026711
-1.5286973222383695,1.4324873171314079
1.4374160744452498,0.03043101361799027
1.035256307402981,-1.2143273508545152
-0.5537030745333443,0.27393798826237
-1.576722023512208,-1.9135645451089542
-0.8755392172410971,-0.3457542833666984
-0.17979387789133797,0.5186742331491423
-0.027132503252124452,-1.3098203800587864
0.5287718397451355,-1.427977039232352
-0.949825904044593,0.8123523933819479
-0.8470720944757161,1.428689075666915
0.7348259549592882,-0.6674787215453024
-0.9757311255311781,0.8390150601963754
-0.3694583963141028,0.17137587320796246
-0.5303382128656697,-1.3809452993218803
-0.0833481347426758,-0.023500452571849628
1.1574188778624566,-0.43769403700703136
-1.220862523838243,0.997606504273691
-1.2028725089271957,-0.29689289667707247
-0.9472485774476278,-1.2393506996495345
-1.9307418652103865,-0.6371062106220433
-1.658802982271629,-1.7242312536921063
0.2960260431943065,-1.002573772611465
0.29689522885236225,-1.4343260684347818
-2.0339903384774907,1.2635466913898676
-1.4859406049497013,0.8268198466153113
-0.21881522946103482,1.3163366443902382
0.9234378084113424,1.6179890255015716
-1.3379129727112529,-0.8923731814709018
0.4558932208208566,-1.8685224284724657
1.0052349055785832,0.6761638794880572
-0.6993547111402227,0.27683440806473486
1.6042965769430473,-1.1771059686460894
-0.9068117722140189,-1.7163003356598125
0.18511500478063894,0.3436606682016531
-0.055793424230323845,1.4204314886540772
0.2789358191840991,-0.754302944801593
-1.015908571001119,-0.5763802665529282
1.3144894456009943,0.3631738139064651
-0.29914648809638733,0.16891192692799417
-1.0844340500227747,0.5296595653251982
-1.861061851722694,-0.937759666936091
-1.8197561423076618,1.500073993355998
0.7612051253935157,0.41149443859422885
-0.3084262792207723,0.6061341636565865
-0.23899476918715057,-1.007083470512383
-0.983488527563083,0.1495850503134676
-1.997505421609038,-0.5411232598649065
-0.04256249005138442,1.6150611401965036
0.05549600638632719,-1.2722484956560471
1.405594659342688,0.6540582236574849
0.9952102974974105,1.1409154970589102
0.7455416331144892,-1.9720469959331761
1.0457379993657674,0.037360834989863215
-1.9024544865849435,0.9704431587557225
0.2391369999866509,1.5238074823364591
-0.45233667114977105,0.7449738499113796
-1.1509346217322358,-0.4362461358613709
0.7762172422068951,-0.13885109894400957
-1.443663967977363,-0.7445167562815248
-0.5658025471999154,-1.3047824925605476
-0.058206162502229854,0.4819157113075317
1.0931609201737194,0.7402227671065956
0.7268702663241179,-0.49587728515967877
-0.046625300496670366,-1.5398168842979618
-1.3733397674460732,-0.5584860772660131
-1.5415297662978658,1.5667418017249197
0.43328397731375423,0.641965858390314
-0.15665048329386275,-1.1584402163433538
-1.4343510705028013,0.4166171991057256
-1.7251417797426583,-0.14543960644213894
-1.0192351713316958,0.8294399481194684
1.3371453715264188,-1.7139749163646159
1.367483771473131,-1.6957382436583612
1.522393240082205,-1.6887866228533996
-0.847660324543328,-0.7866229527155685
-1.7358058858185355,1.2347048866611008
0.8675358948289249,-0.5259913178962407
1.3485283674312294,-1.4496604652520824
-0.04224967832943514,-1.8075756709976618
0.5628689637329967,0.5365328078053891
0.4880296825061765,-0.24486603306765942
-1.6662056167941048,-0.7066546027390018
-0.5314667576795761,-0.5803543181131683
-1.8141838188962718,-0.6739644680860375
1.5359140960410278,-1.26960568665912
-1.1388623630550885,-0.29129341416894794
-1.1763496352655334,-0.18372487941256532
-0.9062991389119951,0.5003916830652161
0.10376836562149826,-1.0856687654221802
-1.1979361536202933,-1.2486734243562225
-1.206602555206903,1.134603340534421
-0.734620587508437,1.2188223743105204
-1.2064393018139028,1.2738142100648266
-0.8974240128612541,-1.019260194253881
-0.3566329809647704,-0.43279319418833206
-0.47645093884768785,1.506927275150974
-1.6511343037298993,-1.9020068904093812
0.25410999770812837,1.6648372349406078
0.2811534082142875,-0.8230347112881453
0.967677006616778,1.001937977452596
-0.4667896235740496,-0.27841878314720503
0.2674204292078912,-1.3189796740717663
0.43778689605916926,0.8530618426474337
0.3049212330768545,-0.3127096229655106
-1.5590233374673268,1.6855542573337197
-1.6963746965992461,-1.47407515423393
-1.4003549017123802,-1.544251615872752
0.140844807562781,-1.6085928935711853
1.089523822907055,-0.7260949025490014
-1.4763235185819352,1.6197843123817928
-0.6223947239843992,1.39115029899001
-1.7637684351452667,-1.7430559593706816
-0.452955727591381,-1.6247215515748834
1.5535329268099376,0.6616595913102422
1.4001873236291167,-0.9152384560694466
0.41446935978438015,-0.6547143904901018
-1.884016754437236,1.2451539906151232
0.9533378246611629,0.17957901147403033
0.4341549333722127,-1.9955228699552334
0.4389848986985654,1.4195246584519776
-0.6722558587184545,-0.5492192499962976
0.12648583652667267,-1.0596126565899728
1.4552914591547543,-1.3523306692957016
-0.8693285951134622,-1.8099504496607077
-1.7795117245349144,1.3706364981412316
0.006514546697067931,-0.2302326975840444
1.308762408292832,-0.639587653270964
0.3584276123648716,-0.6634485027499962
-1.9336026783669582,-0.40337236042688773
-0.17402015446062152,-0.2222301120115429
1.6236576682433788,0.02710798289636885
1.4904986368325315,0.46301499428554715
-0.7485479052615599,-0.665026805554141
0.7229814251897181,-1.511444038905973
0.18633324522369743,0.8186606625959715
-1.365015836524487,0.388977525315251
1.428251991626286,1.1988107896254032
-1.3802519792706995,0.6590208119347183
0.37004308483096454,-1.696734692831506
-0.9068663324200807,-0.002317648024857423
1.5232373843911453,0.3328469164174906
-0.3519057107250752,-0.086642709541784
0.021598090101927637,-1.8229571332189722
1.4270756149267068,1.2186011194618573
-1.5553411589338262,-1.8605641524433434
1.1615509769848262,-0.021878525834249034
-0.8454281951374875,0.5480829755649295
-0.14490645006453223,-1.771131119170018
1.011900511094224,-0.07636397688781316
-1.9723805540622823,1.5027300423112018
-1.7801270602042971,-1.6837384416657688
-1.672674009151293,-1.155454062455287
-0.12633607679619793,-1.8679822077667274
0.6416448760596469,-0.2036488487279432
-0.30301228083529996,0.8980850306236646
-2.0072617822200276,-1.8829371180071035
-1.6755614663473304,0.08992178925025393
-1.5856508689494424,0.038974574884220584
0.3685216982925579,1.3723434028775485
-1.836278329866908,0.9586550807647692
0.6251366074536848,-0.6767280560525533
0.3006260286979081,-1.2459826241619139
-0.8901913368360838,0.3593522050955454
-1.8335022531012555,1.4291484370505958
0.19560752562735328,1.6676413898956632
0.30761917429654523,1.6480788886667648
0.5183619678815463,-1.2675236869553388
-1.7808732096508721,-1.7623071141413933
-0.2024581859460586,0.9740675084869941
-0.45144599596464274,-0.2741402409208067
-1.508332613071484,0.6484777260586907
0.38366169894692503,-0.7238435529515438
0.6329836328801165,-1.1215860355821239
-0.39731812425632207,-0.269348384596983
-1.9874045567906935,1.6972945713343122
-1.3897638336152995,-1.1095118971109184
0.5566817032499055,-0.8815840166862532
1.5811995253339037,-1.0397870715315627
-1.492188982614858,1.203005621786237
0.15767768080727337,-1.0965633158397476
-1.7997756285476578,1.7835894785634467
1.2971447405179704,-1.0244379276678135
-1.0494509423557457,1.141719843471993
1.1743833643332564,-1.1715617496359279
0.6523666107868198,-0.6184070705488376
1.419340549834627,-1.0905226610761543
-1.2525261608777323,0.020901977470920832
-1.0311082872508988,1.5724854339174321
-1.9962637554834752,0.8556551989702145
1.328672006988894,-0.8768753163083763
-1.8945670358907838,1.4573382012941662
-1.974127880519782,0.1842252195337247
-1.8968407360712438,-1.204912495269455
0.1401323133549691,-0.07757510179794833
-1.6756585472269365,-1.9099907790363484
-0.35535744893367643,1.144264787383413
0.19155472780077656,-1.279959457618236
-1.433075351585758,-0.3284448469959926
-1.940815955030371,-0.08762000117311042
-0.6299390508970506,-0.47992519797336
-1.0412824699514316,1.0039672726056812
-0.30070506166157274,-1.1257265331141977
-1.2414007094254573,1.4624103716394476
-0.13570460054648162,0.01196852832685819
1.4445094919667638,-1.502305050827325
-0.6042491030279886,0.42298160788840616
-1.3303350457959549,1.193317392233622
0.4684606908882559,0.364859649450262
-0.35845435319295343,-1.5649606539047276
-1.9523684608831688,-0.46053215353793336
-0.7895705067960334,-1.0074985071378808
-0.9398078509136943,-0.4752574450197406
-0.9828371458277153,-0.2585191882894221
0.8405960952588455,-0.32074082120393266
-1.836815335809155,-0.4571869766003015
1.402620363439485,1.6147784926059519
-1.8547917278134127,-1.4343686905390156
0.07126274331738464,1.6529847486142726
-0.08397294244730175,1.1539633900469954
-1.8522901335142272,-1.8633824846746214
-1.0515888551785615,-1.767560667428807
-0.5551786558266322,-1.8718757098112702
1.5442551535519016,-1.4882710239261083
-0.9484938408017917,0.061768870137392975
-1.7515329539834443,-0.383957985721864
-0.9102325432502404,-0.6132415445253382
-0.12760174603987012,1.7434689248264257
1.4249809320965743,1.1953191725146888
0.8377390412163378,1.7638827599445335
0.05001258496325355,-0.056685335557686074
0.152648424320766,-1.5331294423494644
-0.1458666859420623,-1.7248302408820213
1.1749987566433477,-1.1778480269030938
0.7302264290343075,0.9568475389335815
-1.810373062880893,1.4110593892254186
1.091464545160088,-1.661080112720268
1.0177632406824164,1.566758360258014
1.0748256171084505,1.428264566481037
-0.3385917840689168,0.011608967604336353
0.42341395364805345,-0.20201004923164667
-0.3188222523515403,0.7417243373493518
1.1965706478930682,-1.1132016927352646
-0.42378741239999557,-0.19960455532605545
-1.0631473990139917,0.3861861209903589
-1.2158522711219892,-0.8957338217524728
0.6503802714481277,-0.5354602373639537
0.032210548513236834,0.46966923661595605
-0.2435702519888798,1.5025957419415925
-1.9259682189736331,0.08170545027262358
-0.8228000379293972,0.7437157339496059
1.0339896804518591,-0.6592029857942167
-1.4292970846158775,0.4959619366113787
-1.4117854623906456,-1.8856098555851148
-1.272970132784972,1.3056012442296108
-0.07109048049790286,-1.6289004892463839
-1.843825044346921,1.7349763411456423
